date,song_id,entries,exits,churn_rate,month
2024-05-18,"{'REMIX EXCLUSIVO by Feid', 'Si La Calle Llama - Remix by Eladio Carrion', 'CHORRITO PA LAS ANIMAS by Feid', 'Arranca (feat. Omega) by Becky G & Omega', 'Las Bratz (Remix) by Aissa & JC Reyes & Saiko', 'Acróstico by Shakira', 'Hey Mor by Ozuna', 'MEMORIAS by Mora', 'Nochentera by Vicco', 'Clavaito by Chanel & Abraham Mateo', 'Todo Contigo by Álvaro De Luna', 'VAGABUNDO by Sebastian Yatra & Manuel Turizo & Beéle', 'Andando by Morad', 'MERCHO by LiL CaKe & Migrantes', 'Shakira: Bzrp Music Sessions, Vol. 53 by Bizarrap & Shakira', 'un x100to by Grupo Frontera & Bad Bunny', 'Cupido by TINI', 'Antes by Rvfv & Edu García', 'La Jumpa by Arcángel', 'BESO by ROSALÍA & Rauw Alejandro', 'Yandel 150 by Yandel', 'El Merengue by Marshmello & Manuel Turizo', 'Flowers by Miley Cyrus', 'Los Ángeles by Aitana', 'Polaris by Saiko', 'WANDA by Quevedo', 'Supernova by Saiko', 'Coco Chanel by Eladio Carrion', 'Quevedo: Bzrp Music Sessions, Vol. 52 by Bizarrap & Quevedo', 'Ella Baila Sola by Eslabon Armado', 'Cha Cha Cha by Käärijä', 'La Fiesta by Pedro Capó', 'Que te vaya bien by Rvfv', ""T'as peur by Aya Nakamura"", 'RÁPIDO by Mora', 'TQG by KAROL G', 'No Estuviste En Lo Malo by Morad', 'Mi Nena Remix by Maikel Delacalle & Quevedo', 'EL TONTO by Lola Indigo', 'PLAYA DEL INGLÉS by Quevedo', 'Rara Vez by Taiu & Milo j', 'PUNTO G by Quevedo', 'La Bachata by Manuel Turizo', 'MI DROGA by Myke Towers', 'Mami Chula by Jhayco & Quevedo', 'Paz by Morad', 'La Bebe - Remix by Yng Lvcas & Peso Pluma', 'Tattoo by Loreen', 'Classy 101 by Feid & Young Miko', 'Niña Bonita by Feid & Sean Paul'}",0,0,0.0,2024-05
2024-05-19,"{'REMIX EXCLUSIVO by Feid', 'Si La Calle Llama - Remix by Eladio Carrion', 'CHORRITO PA LAS ANIMAS by Feid', 'Arranca (feat. Omega) by Becky G & Omega', 'Las Bratz (Remix) by Aissa & JC Reyes & Saiko', 'Acróstico by Shakira', 'Hey Mor by Ozuna', 'MEMORIAS by Mora', 'Nochentera by Vicco', 'Clavaito by Chanel & Abraham Mateo', 'Todo Contigo by Álvaro De Luna', 'VAGABUNDO by Sebastian Yatra & Manuel Turizo & Beéle', 'Andando by Morad', 'MERCHO by LiL CaKe & Migrantes', 'Shakira: Bzrp Music Sessions, Vol. 53 by Bizarrap & Shakira', 'un x100to by Grupo Frontera & Bad Bunny', 'Cupido by TINI', 'Antes by Rvfv & Edu García', 'La Jumpa by Arcángel', 'BESO by ROSALÍA & Rauw Alejandro', 'Yandel 150 by Yandel', 'El Merengue by Marshmello & Manuel Turizo', 'Flowers by Miley Cyrus', 'Los Ángeles by Aitana', 'Polaris by Saiko', 'WANDA by Quevedo', 'Supernova by Saiko', 'Coco Chanel by Eladio Carrion', 'Quevedo: Bzrp Music Sessions, Vol. 52 by Bizarrap & Quevedo', 'Ella Baila Sola by Eslabon Armado', 'Cha Cha Cha by Käärijä', 'La Fiesta by Pedro Capó', 'Que te vaya bien by Rvfv', ""T'as peur by Aya Nakamura"", 'RÁPIDO by Mora', 'TQG by KAROL G', 'No Estuviste En Lo Malo by Morad', 'Mi Nena Remix by Maikel Delacalle & Quevedo', 'EL TONTO by Lola Indigo', 'PLAYA DEL INGLÉS by Quevedo', 'Rara Vez by Taiu & Milo j', 'PUNTO G by Quevedo', 'La Bachata by Manuel Turizo', 'MI DROGA by Myke Towers', 'Mami Chula by Jhayco & Quevedo', 'Paz by Morad', 'La Bebe - Remix by Yng Lvcas & Peso Pluma', 'Tattoo by Loreen', 'Classy 101 by Feid & Young Miko', 'Niña Bonita by Feid & Sean Paul'}",0,0,0.0,2024-05
2024-05-20,"{'REMIX EXCLUSIVO by Feid', 'Si La Calle Llama - Remix by Eladio Carrion', 'CHORRITO PA LAS ANIMAS by Feid', 'Arranca (feat. Omega) by Becky G & Omega', 'Las Bratz (Remix) by Aissa & JC Reyes & Saiko', 'Acróstico by Shakira', 'Hey Mor by Ozuna', 'MEMORIAS by Mora', 'Nochentera by Vicco', 'Clavaito by Chanel & Abraham Mateo', 'Todo Contigo by Álvaro De Luna', 'VAGABUNDO by Sebastian Yatra & Manuel Turizo & Beéle', 'Andando by Morad', 'MERCHO by LiL CaKe & Migrantes', 'Shakira: Bzrp Music Sessions, Vol. 53 by Bizarrap & Shakira', 'un x100to by Grupo Frontera & Bad Bunny', 'Cupido by TINI', 'Antes by Rvfv & Edu García', 'La Jumpa by Arcángel', 'BESO by ROSALÍA & Rauw Alejandro', 'Yandel 150 by Yandel', 'El Merengue by Marshmello & Manuel Turizo', 'Flowers by Miley Cyrus', 'Los Ángeles by Aitana', 'Polaris by Saiko', 'WANDA by Quevedo', 'Supernova by Saiko', 'Coco Chanel by Eladio Carrion', 'Quevedo: Bzrp Music Sessions, Vol. 52 by Bizarrap & Quevedo', 'Ella Baila Sola by Eslabon Armado', 'Cha Cha Cha by Käärijä', 'La Fiesta by Pedro Capó', 'Que te vaya bien by Rvfv', ""T'as peur by Aya Nakamura"", 'RÁPIDO by Mora', 'TQG by KAROL G', 'No Estuviste En Lo Malo by Morad', 'Mi Nena Remix by Maikel Delacalle & Quevedo', 'EL TONTO by Lola Indigo', 'PLAYA DEL INGLÉS by Quevedo', 'Rara Vez by Taiu & Milo j', 'PUNTO G by Quevedo', 'La Bachata by Manuel Turizo', 'MI DROGA by Myke Towers', 'Mami Chula by Jhayco & Quevedo', 'Paz by Morad', 'La Bebe - Remix by Yng Lvcas & Peso Pluma', 'Tattoo by Loreen', 'Classy 101 by Feid & Young Miko', 'Niña Bonita by Feid & Sean Paul'}",0,0,0.0,2024-05
2024-05-21,"{'REMIX EXCLUSIVO by Feid', 'Si La Calle Llama - Remix by Eladio Carrion', 'CHORRITO PA LAS ANIMAS by Feid', 'Arranca (feat. Omega) by Becky G & Omega', 'Las Bratz (Remix) by Aissa & JC Reyes & Saiko', 'Acróstico by Shakira', 'Hey Mor by Ozuna', 'MEMORIAS by Mora', 'Nochentera by Vicco', 'Clavaito by Chanel & Abraham Mateo', 'Todo Contigo by Álvaro De Luna', 'VAGABUNDO by Sebastian Yatra & Manuel Turizo & Beéle', 'Andando by Morad', 'MERCHO by LiL CaKe & Migrantes', 'Shakira: Bzrp Music Sessions, Vol. 53 by Bizarrap & Shakira', 'un x100to by Grupo Frontera & Bad Bunny', 'Cupido by TINI', 'Antes by Rvfv & Edu García', 'La Jumpa by Arcángel', 'BESO by ROSALÍA & Rauw Alejandro', 'Yandel 150 by Yandel', 'El Merengue by Marshmello & Manuel Turizo', 'Flowers by Miley Cyrus', 'Los Ángeles by Aitana', 'Polaris by Saiko', 'WANDA by Quevedo', 'Supernova by Saiko', 'Coco Chanel by Eladio Carrion', 'Quevedo: Bzrp Music Sessions, Vol. 52 by Bizarrap & Quevedo', 'Ella Baila Sola by Eslabon Armado', 'WHERE SHE GOES by Bad Bunny', 'Que te vaya bien by Rvfv', 'La Fiesta by Pedro Capó', ""T'as peur by Aya Nakamura"", 'RÁPIDO by Mora', 'TQG by KAROL G', 'Mi Nena Remix by Maikel Delacalle & Quevedo', 'Arena y Sal by Omar Montes & Saiko & Tunvao', 'EL TONTO by Lola Indigo', 'PLAYA DEL INGLÉS by Quevedo', 'Rara Vez by Taiu & Milo j', 'VISTA AL MAR by Quevedo', 'PUNTO G by Quevedo', 'La Bachata by Manuel Turizo', 'Mami Chula by Jhayco & Quevedo', 'La Bebe - Remix by Yng Lvcas & Peso Pluma', 'Tattoo by Loreen', 'Classy 101 by Feid & Young Miko', '69 by Nicky Jam & Feid', 'Niña Bonita by Feid & Sean Paul'}",4,4,0.08,2024-05
2024-05-22,"{'REMIX EXCLUSIVO by Feid', 'Si La Calle Llama - Remix by Eladio Carrion', 'CHORRITO PA LAS ANIMAS by Feid', 'Arranca (feat. Omega) by Becky G & Omega', 'Las Bratz (Remix) by Aissa & JC Reyes & Saiko', 'Acróstico by Shakira', 'Hey Mor by Ozuna', 'MEMORIAS by Mora', 'Nochentera by Vicco', 'Clavaito by Chanel & Abraham Mateo', 'Todo Contigo by Álvaro De Luna', 'VAGABUNDO by Sebastian Yatra & Manuel Turizo & Beéle', 'Andando by Morad', 'MERCHO by LiL CaKe & Migrantes', 'Shakira: Bzrp Music Sessions, Vol. 53 by Bizarrap & Shakira', 'un x100to by Grupo Frontera & Bad Bunny', 'Cupido by TINI', 'Antes by Rvfv & Edu García', 'La Jumpa by Arcángel', 'BESO by ROSALÍA & Rauw Alejandro', 'Yandel 150 by Yandel', 'El Merengue by Marshmello & Manuel Turizo', 'Flowers by Miley Cyrus', 'Los Ángeles by Aitana', 'Polaris by Saiko', 'WANDA by Quevedo', 'Supernova by Saiko', 'Coco Chanel by Eladio Carrion', 'Quevedo: Bzrp Music Sessions, Vol. 52 by Bizarrap & Quevedo', 'Ella Baila Sola by Eslabon Armado', 'WHERE SHE GOES by Bad Bunny', 'Que te vaya bien by Rvfv', 'La Fiesta by Pedro Capó', 'RÁPIDO by Mora', 'TQG by KAROL G', 'Mi Nena Remix by Maikel Delacalle & Quevedo', 'Arena y Sal by Omar Montes & Saiko & Tunvao', 'EL TONTO by Lola Indigo', 'PLAYA DEL INGLÉS by Quevedo', 'Rara Vez by Taiu & Milo j', 'VISTA AL MAR by Quevedo', 'DESPECHÁ by ROSALÍA', 'PUNTO G by Quevedo', 'La Bachata by Manuel Turizo', 'Mami Chula by Jhayco & Quevedo', 'La Bebe - Remix by Yng Lvcas & Peso Pluma', 'Tattoo by Loreen', 'Classy 101 by Feid & Young Miko', '69 by Nicky Jam & Feid', 'Niña Bonita by Feid & Sean Paul'}",1,1,0.02,2024-05
2024-05-23,"{'REMIX EXCLUSIVO by Feid', 'Si La Calle Llama - Remix by Eladio Carrion', 'CHORRITO PA LAS ANIMAS by Feid', 'Arranca (feat. Omega) by Becky G & Omega', 'Las Bratz (Remix) by Aissa & JC Reyes & Saiko', 'Acróstico by Shakira', 'Hey Mor by Ozuna', 'MEMORIAS by Mora', 'Nochentera by Vicco', 'Clavaito by Chanel & Abraham Mateo', 'Todo Contigo by Álvaro De Luna', 'VAGABUNDO by Sebastian Yatra & Manuel Turizo & Beéle', 'Andando by Morad', 'MERCHO by LiL CaKe & Migrantes', 'Shakira: Bzrp Music Sessions, Vol. 53 by Bizarrap & Shakira', 'un x100to by Grupo Frontera & Bad Bunny', 'Cupido by TINI', 'Antes by Rvfv & Edu García', 'La Jumpa by Arcángel', 'BESO by ROSALÍA & Rauw Alejandro', 'Yandel 150 by Yandel', 'El Merengue by Marshmello & Manuel Turizo', 'Flowers by Miley Cyrus', 'Los Ángeles by Aitana', 'Polaris by Saiko', 'WANDA by Quevedo', 'Supernova by Saiko', 'Coco Chanel by Eladio Carrion', 'Quevedo: Bzrp Music Sessions, Vol. 52 by Bizarrap & Quevedo', 'Ella Baila Sola by Eslabon Armado', 'WHERE SHE GOES by Bad Bunny', 'Que te vaya bien by Rvfv', 'La Fiesta by Pedro Capó', 'RÁPIDO by Mora', 'TQG by KAROL G', 'Mi Nena Remix by Maikel Delacalle & Quevedo', 'Arena y Sal by Omar Montes & Saiko & Tunvao', 'EL TONTO by Lola Indigo', 'PLAYA DEL INGLÉS by Quevedo', 'Rara Vez by Taiu & Milo j', 'VISTA AL MAR by Quevedo', 'DESPECHÁ by ROSALÍA', 'PUNTO G by Quevedo', 'La Bachata by Manuel Turizo', 'Mami Chula by Jhayco & Quevedo', 'La Bebe - Remix by Yng Lvcas & Peso Pluma', 'Tattoo by Loreen', 'Classy 101 by Feid & Young Miko', '69 by Nicky Jam & Feid', 'Niña Bonita by Feid & Sean Paul'}",0,0,0.0,2024-05
2024-05-24,"{'REMIX EXCLUSIVO by Feid', 'Si La Calle Llama - Remix by Eladio Carrion', 'CHORRITO PA LAS ANIMAS by Feid', 'Arranca (feat. Omega) by Becky G & Omega', 'Las Bratz (Remix) by Aissa & JC Reyes & Saiko', 'Acróstico by Shakira', 'Hey Mor by Ozuna', 'MEMORIAS by Mora', 'Nochentera by Vicco', 'Clavaito by Chanel & Abraham Mateo', 'Todo Contigo by Álvaro De Luna', 'VAGABUNDO by Sebastian Yatra & Manuel Turizo & Beéle', 'Andando by Morad', 'MERCHO by LiL CaKe & Migrantes', 'Shakira: Bzrp Music Sessions, Vol. 53 by Bizarrap & Shakira', 'un x100to by Grupo Frontera & Bad Bunny', 'Cupido by TINI', 'Antes by Rvfv & Edu García', 'La Jumpa by Arcángel', 'BESO by ROSALÍA & Rauw Alejandro', 'Yandel 150 by Yandel', 'El Merengue by Marshmello & Manuel Turizo', 'Flowers by Miley Cyrus', 'Los Ángeles by Aitana', 'Polaris by Saiko', 'WANDA by Quevedo', 'Supernova by Saiko', 'Coco Chanel by Eladio Carrion', 'Quevedo: Bzrp Music Sessions, Vol. 52 by Bizarrap & Quevedo', 'Ella Baila Sola by Eslabon Armado', 'WHERE SHE GOES by Bad Bunny', 'Que te vaya bien by Rvfv', 'La Fiesta by Pedro Capó', 'RÁPIDO by Mora', 'TQG by KAROL G', 'Mi Nena Remix by Maikel Delacalle & Quevedo', 'Arena y Sal by Omar Montes & Saiko & Tunvao', 'EL TONTO by Lola Indigo', 'PLAYA DEL INGLÉS by Quevedo', 'Rara Vez by Taiu & Milo j', 'VISTA AL MAR by Quevedo', 'DESPECHÁ by ROSALÍA', 'PUNTO G by Quevedo', 'La Bachata by Manuel Turizo', 'Mami Chula by Jhayco & Quevedo', 'La Bebe - Remix by Yng Lvcas & Peso Pluma', 'Tattoo by Loreen', 'Classy 101 by Feid & Young Miko', '69 by Nicky Jam & Feid', 'Niña Bonita by Feid & Sean Paul'}",0,0,0.0,2024-05
2024-05-25,"{'REMIX EXCLUSIVO by Feid', 'Si La Calle Llama - Remix by Eladio Carrion', 'CHORRITO PA LAS ANIMAS by Feid', 'Arranca (feat. Omega) by Becky G & Omega', 'Las Bratz (Remix) by Aissa & JC Reyes & Saiko', 'Acróstico by Shakira', 'Hey Mor by Ozuna', 'MEMORIAS by Mora', 'Nochentera by Vicco', 'Clavaito by Chanel & Abraham Mateo', 'Todo Contigo by Álvaro De Luna', 'VAGABUNDO by Sebastian Yatra & Manuel Turizo & Beéle', 'Andando by Morad', 'MERCHO by LiL CaKe & Migrantes', 'Shakira: Bzrp Music Sessions, Vol. 53 by Bizarrap & Shakira', 'un x100to by Grupo Frontera & Bad Bunny', 'Cupido by TINI', 'Antes by Rvfv & Edu García', 'La Jumpa by Arcángel', 'BESO by ROSALÍA & Rauw Alejandro', 'Yandel 150 by Yandel', 'El Merengue by Marshmello & Manuel Turizo', 'Flowers by Miley Cyrus', 'Los Ángeles by Aitana', 'Polaris by Saiko', 'WANDA by Quevedo', 'Supernova by Saiko', 'Coco Chanel by Eladio Carrion', 'Quevedo: Bzrp Music Sessions, Vol. 52 by Bizarrap & Quevedo', 'Ella Baila Sola by Eslabon Armado', 'WHERE SHE GOES by Bad Bunny', 'Que te vaya bien by Rvfv', 'La Fiesta by Pedro Capó', 'TQG by KAROL G', 'No Estuviste En Lo Malo by Morad', 'Amanece by Anuel AA & Haze', 'Mi Nena Remix by Maikel Delacalle & Quevedo', 'Arena y Sal by Omar Montes & Saiko & Tunvao', 'EL TONTO by Lola Indigo', 'PLAYA DEL INGLÉS by Quevedo', 'Rara Vez by Taiu & Milo j', 'VISTA AL MAR by Quevedo', 'PUNTO G by Quevedo', 'La Bachata by Manuel Turizo', 'Mami Chula by Jhayco & Quevedo', 'La Bebe - Remix by Yng Lvcas & Peso Pluma', 'Tattoo by Loreen', 'Classy 101 by Feid & Young Miko', '69 by Nicky Jam & Feid', 'Niña Bonita by Feid & Sean Paul'}",2,2,0.04,2024-05
2024-05-26,"{'REMIX EXCLUSIVO by Feid', 'Si La Calle Llama - Remix by Eladio Carrion', 'CHORRITO PA LAS ANIMAS by Feid', 'Arranca (feat. Omega) by Becky G & Omega', 'Las Bratz (Remix) by Aissa & JC Reyes & Saiko', 'Acróstico by Shakira', 'Hey Mor by Ozuna', 'MEMORIAS by Mora', 'Nochentera by Vicco', 'Clavaito by Chanel & Abraham Mateo', 'Todo Contigo by Álvaro De Luna', 'VAGABUNDO by Sebastian Yatra & Manuel Turizo & Beéle', 'Andando by Morad', 'MERCHO by LiL CaKe & Migrantes', 'Shakira: Bzrp Music Sessions, Vol. 53 by Bizarrap & Shakira', 'un x100to by Grupo Frontera & Bad Bunny', 'Cupido by TINI', 'Antes by Rvfv & Edu García', 'La Jumpa by Arcángel', 'BESO by ROSALÍA & Rauw Alejandro', 'Yandel 150 by Yandel', 'El Merengue by Marshmello & Manuel Turizo', 'Flowers by Miley Cyrus', 'Los Ángeles by Aitana', 'Polaris by Saiko', 'WANDA by Quevedo', 'Supernova by Saiko', 'Coco Chanel by Eladio Carrion', 'Quevedo: Bzrp Music Sessions, Vol. 52 by Bizarrap & Quevedo', 'Ella Baila Sola by Eslabon Armado', 'WHERE SHE GOES by Bad Bunny', 'AMARGURA by KAROL G', 'Que te vaya bien by Rvfv', 'TQG by KAROL G', 'No Estuviste En Lo Malo by Morad', 'Amanece by Anuel AA & Haze', 'Mi Nena Remix by Maikel Delacalle & Quevedo', 'Arena y Sal by Omar Montes & Saiko & Tunvao', 'EL TONTO by Lola Indigo', 'PLAYA DEL INGLÉS by Quevedo', 'Rara Vez by Taiu & Milo j', 'VISTA AL MAR by Quevedo', 'PUNTO G by Quevedo', 'La Bachata by Manuel Turizo', 'Mami Chula by Jhayco & Quevedo', 'La Bebe - Remix by Yng Lvcas & Peso Pluma', 'Tattoo by Loreen', 'Classy 101 by Feid & Young Miko', '69 by Nicky Jam & Feid', 'Niña Bonita by Feid & Sean Paul'}",1,1,0.02,2024-05
2024-05-27,"{'REMIX EXCLUSIVO by Feid', 'Si La Calle Llama - Remix by Eladio Carrion', 'CHORRITO PA LAS ANIMAS by Feid', 'Arranca (feat. Omega) by Becky G & Omega', 'Las Bratz (Remix) by Aissa & JC Reyes & Saiko', 'Acróstico by Shakira', 'Hey Mor by Ozuna', 'MEMORIAS by Mora', 'Nochentera by Vicco', 'Clavaito by Chanel & Abraham Mateo', 'Todo Contigo by Álvaro De Luna', 'VAGABUNDO by Sebastian Yatra & Manuel Turizo & Beéle', 'Andando by Morad', 'MERCHO by LiL CaKe & Migrantes', 'Shakira: Bzrp Music Sessions, Vol. 53 by Bizarrap & Shakira', 'un x100to by Grupo Frontera & Bad Bunny', 'Cupido by TINI', 'Antes by Rvfv & Edu García', 'La Jumpa by Arcángel', 'BESO by ROSALÍA & Rauw Alejandro', 'Yandel 150 by Yandel', 'El Merengue by Marshmello & Manuel Turizo', 'Flowers by Miley Cyrus', 'Los Ángeles by Aitana', 'Polaris by Saiko', 'WANDA by Quevedo', 'Supernova by Saiko', 'Coco Chanel by Eladio Carrion', 'Quevedo: Bzrp Music Sessions, Vol. 52 by Bizarrap & Quevedo', 'Ella Baila Sola by Eslabon Armado', 'WHERE SHE GOES by Bad Bunny', 'AMARGURA by KAROL G', 'La Fiesta by Pedro Capó', 'Que te vaya bien by Rvfv', 'TQG by KAROL G', 'No Estuviste En Lo Malo by Morad', 'Mi Nena Remix by Maikel Delacalle & Quevedo', 'Arena y Sal by Omar Montes & Saiko & Tunvao', 'EL TONTO by Lola Indigo', 'PLAYA DEL INGLÉS by Quevedo', 'Rara Vez by Taiu & Milo j', 'VISTA AL MAR by Quevedo', 'PUNTO G by Quevedo', 'La Bachata by Manuel Turizo', 'Mami Chula by Jhayco & Quevedo', 'La Bebe - Remix by Yng Lvcas & Peso Pluma', 'Tattoo by Loreen', 'Classy 101 by Feid & Young Miko', '69 by Nicky Jam & Feid', 'Niña Bonita by Feid & Sean Paul'}",1,1,0.02,2024-05
2024-05-28,"{'REMIX EXCLUSIVO by Feid', 'Si La Calle Llama - Remix by Eladio Carrion', 'CHORRITO PA LAS ANIMAS by Feid', 'Arranca (feat. Omega) by Becky G & Omega', 'Acróstico by Shakira', 'Hey Mor by Ozuna', 'Nochentera by Vicco', 'Clavaito by Chanel & Abraham Mateo', 'Todo Contigo by Álvaro De Luna', 'VAGABUNDO by Sebastian Yatra & Manuel Turizo & Beéle', 'Andando by Morad', 'MERCHO by LiL CaKe & Migrantes', 'Shakira: Bzrp Music Sessions, Vol. 53 by Bizarrap & Shakira', 'un x100to by Grupo Frontera & Bad Bunny', 'Cupido by TINI', 'Antes by Rvfv & Edu García', 'La Jumpa by Arcángel', 'Sin Gato (MIAU!) by Rels B', 'BESO by ROSALÍA & Rauw Alejandro', 'Yandel 150 by Yandel', 'El Merengue by Marshmello & Manuel Turizo', 'Flowers by Miley Cyrus', 'Los Ángeles by Aitana', 'Polaris by Saiko', 'WANDA by Quevedo', 'Supernova by Saiko', 'Cangrinaje by Cruz Cafuné', 'Coco Chanel by Eladio Carrion', 'Quevedo: Bzrp Music Sessions, Vol. 52 by Bizarrap & Quevedo', '4 PREZ by Cruz Cafuné', 'Ella Baila Sola by Eslabon Armado', 'WHERE SHE GOES by Bad Bunny', 'Dios #1 by Cruz Cafuné', 'Que te vaya bien by Rvfv', 'Sangre y Fe by Cruz Cafuné', 'TQG by KAROL G', 'Mi Nena Remix by Maikel Delacalle & Quevedo', 'Arena y Sal by Omar Montes & Saiko & Tunvao', 'EL TONTO by Lola Indigo', 'PLAYA DEL INGLÉS by Quevedo', 'Rara Vez by Taiu & Milo j', 'VISTA AL MAR by Quevedo', 'PUNTO G by Quevedo', 'La Bachata by Manuel Turizo', 'Mami Chula by Jhayco & Quevedo', 'La Bebe - Remix by Yng Lvcas & Peso Pluma', 'Tattoo by Loreen', 'Classy 101 by Feid & Young Miko', '69 by Nicky Jam & Feid', 'Niña Bonita by Feid & Sean Paul'}",5,5,0.1,2024-05
2024-05-29,"{'REMIX EXCLUSIVO by Feid', 'Si La Calle Llama - Remix by Eladio Carrion', 'CHORRITO PA LAS ANIMAS by Feid', 'Arranca (feat. Omega) by Becky G & Omega', 'Acróstico by Shakira', 'Hey Mor by Ozuna', 'Nochentera by Vicco', 'Clavaito by Chanel & Abraham Mateo', 'Todo Contigo by Álvaro De Luna', 'VAGABUNDO by Sebastian Yatra & Manuel Turizo & Beéle', 'Andando by Morad', 'MERCHO by LiL CaKe & Migrantes', 'Shakira: Bzrp Music Sessions, Vol. 53 by Bizarrap & Shakira', 'un x100to by Grupo Frontera & Bad Bunny', 'Cupido by TINI', 'Antes by Rvfv & Edu García', 'La Jumpa by Arcángel', 'Sin Gato (MIAU!) by Rels B', 'BESO by ROSALÍA & Rauw Alejandro', 'Yandel 150 by Yandel', 'El Merengue by Marshmello & Manuel Turizo', 'Flowers by Miley Cyrus', 'Los Ángeles by Aitana', 'Polaris by Saiko', 'WANDA by Quevedo', 'Supernova by Saiko', 'Coco Chanel by Eladio Carrion', 'Quevedo: Bzrp Music Sessions, Vol. 52 by Bizarrap & Quevedo', '4 PREZ by Cruz Cafuné', 'Ella Baila Sola by Eslabon Armado', 'WHERE SHE GOES by Bad Bunny', 'AMARGURA by KAROL G', 'Que te vaya bien by Rvfv', 'Sangre y Fe by Cruz Cafuné', 'TQG by KAROL G', 'Mi Nena Remix by Maikel Delacalle & Quevedo', 'Arena y Sal by Omar Montes & Saiko & Tunvao', 'EL TONTO by Lola Indigo', 'PLAYA DEL INGLÉS by Quevedo', 'Rara Vez by Taiu & Milo j', 'VISTA AL MAR by Quevedo', 'DESPECHÁ by ROSALÍA', 'PUNTO G by Quevedo', 'La Bachata by Manuel Turizo', 'Mami Chula by Jhayco & Quevedo', 'La Bebe - Remix by Yng Lvcas & Peso Pluma', 'Tattoo by Loreen', 'Classy 101 by Feid & Young Miko', '69 by Nicky Jam & Feid', 'Niña Bonita by Feid & Sean Paul'}",2,2,0.04,2024-05
2024-05-30,"{'Si La Calle Llama - Remix by Eladio Carrion', 'CHORRITO PA LAS ANIMAS by Feid', 'Arranca (feat. Omega) by Becky G & Omega', 'Acróstico by Shakira', 'Hey Mor by Ozuna', 'Nochentera by Vicco', 'Clavaito by Chanel & Abraham Mateo', 'Todo Contigo by Álvaro De Luna', 'VAGABUNDO by Sebastian Yatra & Manuel Turizo & Beéle', 'Andando by Morad', 'LA INOCENTE by Mora', 'MERCHO by LiL CaKe & Migrantes', 'Shakira: Bzrp Music Sessions, Vol. 53 by Bizarrap & Shakira', 'un x100to by Grupo Frontera & Bad Bunny', 'Cupido by TINI', 'Antes by Rvfv & Edu García', 'Flow Violento - Remix by YoSoyPlex & Ruven', 'La Jumpa by Arcángel', 'BESO by ROSALÍA & Rauw Alejandro', 'Yandel 150 by Yandel', 'El Merengue by Marshmello & Manuel Turizo', 'Flowers by Miley Cyrus', 'Los Ángeles by Aitana', 'Polaris by Saiko', 'WANDA by Quevedo', 'Supernova by Saiko', 'Coco Chanel by Eladio Carrion', 'Quevedo: Bzrp Music Sessions, Vol. 52 by Bizarrap & Quevedo', 'Ella Baila Sola by Eslabon Armado', 'WHERE SHE GOES by Bad Bunny', 'AMARGURA by KAROL G', 'Que te vaya bien by Rvfv', 'Sangre y Fe by Cruz Cafuné', 'TQG by KAROL G', 'No Estuviste En Lo Malo by Morad', 'Mi Nena Remix by Maikel Delacalle & Quevedo', 'Arena y Sal by Omar Montes & Saiko & Tunvao', 'EL TONTO by Lola Indigo', 'PLAYA DEL INGLÉS by Quevedo', 'Rara Vez by Taiu & Milo j', 'VISTA AL MAR by Quevedo', 'DESPECHÁ by ROSALÍA', 'PUNTO G by Quevedo', 'La Bachata by Manuel Turizo', 'Mami Chula by Jhayco & Quevedo', 'La Bebe - Remix by Yng Lvcas & Peso Pluma', 'Tattoo by Loreen', 'Classy 101 by Feid & Young Miko', '69 by Nicky Jam & Feid', 'Niña Bonita by Feid & Sean Paul'}",3,3,0.06,2024-05
2024-05-31,"{'REMIX EXCLUSIVO by Feid', 'Si La Calle Llama - Remix by Eladio Carrion', 'CHORRITO PA LAS ANIMAS by Feid', 'Arranca (feat. Omega) by Becky G & Omega', 'Acróstico by Shakira', 'Hey Mor by Ozuna', 'Nochentera by Vicco', 'Clavaito by Chanel & Abraham Mateo', 'Todo Contigo by Álvaro De Luna', 'VAGABUNDO by Sebastian Yatra & Manuel Turizo & Beéle', 'Andando by Morad', 'LA INOCENTE by Mora', 'MERCHO by LiL CaKe & Migrantes', 'Shakira: Bzrp Music Sessions, Vol. 53 by Bizarrap & Shakira', 'un x100to by Grupo Frontera & Bad Bunny', 'Cupido by TINI', 'Antes by Rvfv & Edu García', 'La Jumpa by Arcángel', 'BESO by ROSALÍA & Rauw Alejandro', 'Yandel 150 by Yandel', 'El Merengue by Marshmello & Manuel Turizo', 'Flowers by Miley Cyrus', 'Los Ángeles by Aitana', 'Polaris by Saiko', 'WANDA by Quevedo', 'Supernova by Saiko', 'Coco Chanel by Eladio Carrion', 'Quevedo: Bzrp Music Sessions, Vol. 52 by Bizarrap & Quevedo', 'Ella Baila Sola by Eslabon Armado', 'WHERE SHE GOES by Bad Bunny', 'AMARGURA by KAROL G', 'Que te vaya bien by Rvfv', 'Sangre y Fe by Cruz Cafuné', 'TQG by KAROL G', 'No Estuviste En Lo Malo by Morad', 'Mi Nena Remix by Maikel Delacalle & Quevedo', 'Arena y Sal by Omar Montes & Saiko & Tunvao', 'EL TONTO by Lola Indigo', 'PLAYA DEL INGLÉS by Quevedo', 'Rara Vez by Taiu & Milo j', 'VISTA AL MAR by Quevedo', 'DESPECHÁ by ROSALÍA', 'PUNTO G by Quevedo', 'La Bachata by Manuel Turizo', 'Mami Chula by Jhayco & Quevedo', 'La Bebe - Remix by Yng Lvcas & Peso Pluma', 'Tattoo by Loreen', 'Classy 101 by Feid & Young Miko', '69 by Nicky Jam & Feid', 'Niña Bonita by Feid & Sean Paul'}",1,1,0.02,2024-05
2024-06-01,"{'REMIX EXCLUSIVO by Feid', 'Si La Calle Llama - Remix by Eladio Carrion', 'CHORRITO PA LAS ANIMAS by Feid', 'Arranca (feat. Omega) by Becky G & Omega', 'Acróstico by Shakira', 'Hey Mor by Ozuna', 'Nochentera by Vicco', 'Clavaito by Chanel & Abraham Mateo', 'Todo Contigo by Álvaro De Luna', 'Pacto (feat. Luar La L) by Jay Wheeler', 'VAGABUNDO by Sebastian Yatra & Manuel Turizo & Beéle', 'LA INOCENTE by Mora', 'Andando by Morad', 'MERCHO by LiL CaKe & Migrantes', 'Shakira: Bzrp Music Sessions, Vol. 53 by Bizarrap & Shakira', 'un x100to by Grupo Frontera & Bad Bunny', 'Cupido by TINI', 'Antes by Rvfv & Edu García', 'La Jumpa by Arcángel', 'BESO by ROSALÍA & Rauw Alejandro', 'Yandel 150 by Yandel', 'El Merengue by Marshmello & Manuel Turizo', 'Flowers by Miley Cyrus', 'Los Ángeles by Aitana', 'Polaris by Saiko', 'WANDA by Quevedo', 'Supernova by Saiko', 'Coco Chanel by Eladio Carrion', 'Quevedo: Bzrp Music Sessions, Vol. 52 by Bizarrap & Quevedo', 'Ella Baila Sola by Eslabon Armado', 'WHERE SHE GOES by Bad Bunny', 'AMARGURA by KAROL G', 'Que te vaya bien by Rvfv', 'Sangre y Fe by Cruz Cafuné', 'TQG by KAROL G', 'No Estuviste En Lo Malo by Morad', 'Mi Nena Remix by Maikel Delacalle & Quevedo', 'Arena y Sal by Omar Montes & Saiko & Tunvao', 'EL TONTO by Lola Indigo', 'PLAYA DEL INGLÉS by Quevedo', 'Rara Vez by Taiu & Milo j', 'VISTA AL MAR by Quevedo', 'PUNTO G by Quevedo', 'La Bachata by Manuel Turizo', 'Mami Chula by Jhayco & Quevedo', 'La Bebe - Remix by Yng Lvcas & Peso Pluma', 'Tattoo by Loreen', 'Classy 101 by Feid & Young Miko', '69 by Nicky Jam & Feid', 'Niña Bonita by Feid & Sean Paul'}",1,1,0.02,2024-06
2024-06-02,"{'REMIX EXCLUSIVO by Feid', 'Si La Calle Llama - Remix by Eladio Carrion', 'CHORRITO PA LAS ANIMAS by Feid', 'Arranca (feat. Omega) by Becky G & Omega', 'Acróstico by Shakira', 'Hey Mor by Ozuna', 'Nochentera by Vicco', 'Clavaito by Chanel & Abraham Mateo', 'Todo Contigo by Álvaro De Luna', 'Pacto (feat. Luar La L) by Jay Wheeler', 'VAGABUNDO by Sebastian Yatra & Manuel Turizo & Beéle', 'LA INOCENTE by Mora', 'Andando by Morad', 'MERCHO by LiL CaKe & Migrantes', 'Shakira: Bzrp Music Sessions, Vol. 53 by Bizarrap & Shakira', 'un x100to by Grupo Frontera & Bad Bunny', 'Cupido by TINI', 'Antes by Rvfv & Edu García', 'La Jumpa by Arcángel', 'BESO by ROSALÍA & Rauw Alejandro', 'Yandel 150 by Yandel', 'El Merengue by Marshmello & Manuel Turizo', 'Flowers by Miley Cyrus', 'Los Ángeles by Aitana', 'Polaris by Saiko', 'WANDA by Quevedo', 'Supernova by Saiko', 'Coco Chanel by Eladio Carrion', 'Quevedo: Bzrp Music Sessions, Vol. 52 by Bizarrap & Quevedo', 'Ella Baila Sola by Eslabon Armado', 'WHERE SHE GOES by Bad Bunny', 'AMARGURA by KAROL G', 'Que te vaya bien by Rvfv', 'Sangre y Fe by Cruz Cafuné', 'TQG by KAROL G', 'No Estuviste En Lo Malo by Morad', 'Mi Nena Remix by Maikel Delacalle & Quevedo', 'Arena y Sal by Omar Montes & Saiko & Tunvao', 'EL TONTO by Lola Indigo', 'PLAYA DEL INGLÉS by Quevedo', 'Rara Vez by Taiu & Milo j', 'VISTA AL MAR by Quevedo', 'PUNTO G by Quevedo', 'La Bachata by Manuel Turizo', 'Mami Chula by Jhayco & Quevedo', 'La Bebe - Remix by Yng Lvcas & Peso Pluma', 'Tattoo by Loreen', 'Classy 101 by Feid & Young Miko', '69 by Nicky Jam & Feid', 'Niña Bonita by Feid & Sean Paul'}",0,0,0.0,2024-06
2024-06-03,"{'REMIX EXCLUSIVO by Feid', 'Si La Calle Llama - Remix by Eladio Carrion', 'CHORRITO PA LAS ANIMAS by Feid', 'Arranca (feat. Omega) by Becky G & Omega', 'Acróstico by Shakira', 'Hey Mor by Ozuna', 'Nochentera by Vicco', 'Clavaito by Chanel & Abraham Mateo', 'Todo Contigo by Álvaro De Luna', 'Pacto (feat. Luar La L) by Jay Wheeler', 'VAGABUNDO by Sebastian Yatra & Manuel Turizo & Beéle', 'LA INOCENTE by Mora', 'Andando by Morad', 'MERCHO by LiL CaKe & Migrantes', 'Shakira: Bzrp Music Sessions, Vol. 53 by Bizarrap & Shakira', 'un x100to by Grupo Frontera & Bad Bunny', 'Cupido by TINI', 'Antes by Rvfv & Edu García', 'La Jumpa by Arcángel', 'Sin Gato (MIAU!) by Rels B', 'BESO by ROSALÍA & Rauw Alejandro', 'Yandel 150 by Yandel', 'El Merengue by Marshmello & Manuel Turizo', 'Flowers by Miley Cyrus', 'Los Ángeles by Aitana', 'Polaris by Saiko', 'WANDA by Quevedo', 'Supernova by Saiko', 'Coco Chanel by Eladio Carrion', 'Quevedo: Bzrp Music Sessions, Vol. 52 by Bizarrap & Quevedo', 'Ella Baila Sola by Eslabon Armado', 'WHERE SHE GOES by Bad Bunny', 'AMARGURA by KAROL G', 'Peso Pluma: Bzrp Music Sessions, Vol. 55 by Bizarrap & Peso Pluma', 'Que te vaya bien by Rvfv', 'Sangre y Fe by Cruz Cafuné', 'TQG by KAROL G', 'Mi Nena Remix by Maikel Delacalle & Quevedo', 'Arena y Sal by Omar Montes & Saiko & Tunvao', 'EL TONTO by Lola Indigo', 'PLAYA DEL INGLÉS by Quevedo', 'Rara Vez by Taiu & Milo j', 'VISTA AL MAR by Quevedo', 'PUNTO G by Quevedo', 'La Bachata by Manuel Turizo', 'Mami Chula by Jhayco & Quevedo', 'La Bebe - Remix by Yng Lvcas & Peso Pluma', 'Classy 101 by Feid & Young Miko', '69 by Nicky Jam & Feid', 'Niña Bonita by Feid & Sean Paul'}",2,2,0.04,2024-06
2024-06-04,"{'El Cielo by Sky Rompiendo & Feid & Myke Towers', 'REMIX EXCLUSIVO by Feid', 'Si La Calle Llama - Remix by Eladio Carrion', 'CHORRITO PA LAS ANIMAS by Feid', 'Arranca (feat. Omega) by Becky G & Omega', 'Acróstico by Shakira', 'Hey Mor by Ozuna', 'Nochentera by Vicco', 'Clavaito by Chanel & Abraham Mateo', 'Todo Contigo by Álvaro De Luna', 'Pacto (feat. Luar La L) by Jay Wheeler', 'VAGABUNDO by Sebastian Yatra & Manuel Turizo & Beéle', 'MERCHO by LiL CaKe & Migrantes', 'Shakira: Bzrp Music Sessions, Vol. 53 by Bizarrap & Shakira', 'un x100to by Grupo Frontera & Bad Bunny', 'Cupido by TINI', 'Antes by Rvfv & Edu García', 'La Jumpa by Arcángel', 'BESO by ROSALÍA & Rauw Alejandro', 'Yandel 150 by Yandel', 'El Merengue by Marshmello & Manuel Turizo', 'My Love by De La Ghetto & Quevedo', 'Los Ángeles by Aitana', 'Polaris by Saiko', 'WANDA by Quevedo', 'Supernova by Saiko', 'Coco Chanel by Eladio Carrion', 'Quevedo: Bzrp Music Sessions, Vol. 52 by Bizarrap & Quevedo', 'Ella Baila Sola by Eslabon Armado', 'WHERE SHE GOES by Bad Bunny', 'AMARGURA by KAROL G', 'Peso Pluma: Bzrp Music Sessions, Vol. 55 by Bizarrap & Peso Pluma', 'Que te vaya bien by Rvfv', 'Sangre y Fe by Cruz Cafuné', 'TQG by KAROL G', 'Mi Nena Remix by Maikel Delacalle & Quevedo', 'Arena y Sal by Omar Montes & Saiko & Tunvao', 'EL TONTO by Lola Indigo', 'PLAYA DEL INGLÉS by Quevedo', 'Rara Vez by Taiu & Milo j', 'VISTA AL MAR by Quevedo', 'QUEVEDO #49 AFTER HOUR THE MIXTAPE by DJ Saot ST', 'PUNTO G by Quevedo', 'La Bachata by Manuel Turizo', 'Mami Chula by Jhayco & Quevedo', 'La Bebe - Remix by Yng Lvcas & Peso Pluma', 'Classy 101 by Feid & Young Miko', 'Los del Espacio by LIT killah', '69 by Nicky Jam & Feid', 'Niña Bonita by Feid & Sean Paul'}",4,4,0.08,2024-06
2024-06-05,"{'El Cielo by Sky Rompiendo & Feid & Myke Towers', 'Si La Calle Llama - Remix by Eladio Carrion', 'CHORRITO PA LAS ANIMAS by Feid', 'Arranca (feat. Omega) by Becky G & Omega', 'Acróstico by Shakira', 'Hey Mor by Ozuna', 'Nochentera by Vicco', 'Clavaito by Chanel & Abraham Mateo', 'Todo Contigo by Álvaro De Luna', 'Pacto (feat. Luar La L) by Jay Wheeler', 'VAGABUNDO by Sebastian Yatra & Manuel Turizo & Beéle', 'MERCHO by LiL CaKe & Migrantes', 'Shakira: Bzrp Music Sessions, Vol. 53 by Bizarrap & Shakira', 'un x100to by Grupo Frontera & Bad Bunny', 'Cupido by TINI', 'Antes by Rvfv & Edu García', 'Flow Violento - Remix by YoSoyPlex & Ruven', 'La Jumpa by Arcángel', 'BESO by ROSALÍA & Rauw Alejandro', 'Yandel 150 by Yandel', 'El Merengue by Marshmello & Manuel Turizo', 'My Love by De La Ghetto & Quevedo', 'Los Ángeles by Aitana', 'Polaris by Saiko', 'WANDA by Quevedo', 'Supernova by Saiko', 'Coco Chanel by Eladio Carrion', 'Quevedo: Bzrp Music Sessions, Vol. 52 by Bizarrap & Quevedo', 'Ella Baila Sola by Eslabon Armado', 'WHERE SHE GOES by Bad Bunny', 'AMARGURA by KAROL G', 'Peso Pluma: Bzrp Music Sessions, Vol. 55 by Bizarrap & Peso Pluma', 'Que te vaya bien by Rvfv', 'Sangre y Fe by Cruz Cafuné', 'TQG by KAROL G', 'Mi Nena Remix by Maikel Delacalle & Quevedo', 'Arena y Sal by Omar Montes & Saiko & Tunvao', 'EL TONTO by Lola Indigo', 'PLAYA DEL INGLÉS by Quevedo', 'Rara Vez by Taiu & Milo j', 'VISTA AL MAR by Quevedo', 'DESPECHÁ by ROSALÍA', 'PUNTO G by Quevedo', 'La Bachata by Manuel Turizo', 'Mami Chula by Jhayco & Quevedo', 'La Bebe - Remix by Yng Lvcas & Peso Pluma', 'Classy 101 by Feid & Young Miko', 'Los del Espacio by LIT killah', '69 by Nicky Jam & Feid', 'Niña Bonita by Feid & Sean Paul'}",2,2,0.04,2024-06
2024-06-06,"{'El Cielo by Sky Rompiendo & Feid & Myke Towers', 'Si La Calle Llama - Remix by Eladio Carrion', 'CHORRITO PA LAS ANIMAS by Feid', 'Arranca (feat. Omega) by Becky G & Omega', 'Acróstico by Shakira', 'Hey Mor by Ozuna', 'Nochentera by Vicco', 'Clavaito by Chanel & Abraham Mateo', 'Todo Contigo by Álvaro De Luna', 'Pacto (feat. Luar La L) by Jay Wheeler', 'VAGABUNDO by Sebastian Yatra & Manuel Turizo & Beéle', 'MERCHO by LiL CaKe & Migrantes', 'Shakira: Bzrp Music Sessions, Vol. 53 by Bizarrap & Shakira', 'un x100to by Grupo Frontera & Bad Bunny', 'Cupido by TINI', 'Antes by Rvfv & Edu García', 'Flow Violento - Remix by YoSoyPlex & Ruven', 'La Jumpa by Arcángel', 'BESO by ROSALÍA & Rauw Alejandro', 'Yandel 150 by Yandel', 'El Merengue by Marshmello & Manuel Turizo', 'Flowers by Miley Cyrus', 'Los Ángeles by Aitana', 'Polaris by Saiko', 'WANDA by Quevedo', 'Supernova by Saiko', 'Coco Chanel by Eladio Carrion', 'Quevedo: Bzrp Music Sessions, Vol. 52 by Bizarrap & Quevedo', 'Ella Baila Sola by Eslabon Armado', 'WHERE SHE GOES by Bad Bunny', 'AMARGURA by KAROL G', 'Peso Pluma: Bzrp Music Sessions, Vol. 55 by Bizarrap & Peso Pluma', 'Que te vaya bien by Rvfv', 'Sangre y Fe by Cruz Cafuné', 'TQG by KAROL G', 'Mi Nena Remix by Maikel Delacalle & Quevedo', 'Arena y Sal by Omar Montes & Saiko & Tunvao', 'EL TONTO by Lola Indigo', 'PLAYA DEL INGLÉS by Quevedo', 'Rara Vez by Taiu & Milo j', 'VISTA AL MAR by Quevedo', 'DESPECHÁ by ROSALÍA', 'PUNTO G by Quevedo', 'La Bachata by Manuel Turizo', 'Mami Chula by Jhayco & Quevedo', 'La Bebe - Remix by Yng Lvcas & Peso Pluma', 'Classy 101 by Feid & Young Miko', 'Los del Espacio by LIT killah', '69 by Nicky Jam & Feid', 'Niña Bonita by Feid & Sean Paul'}",1,1,0.02,2024-06
2024-06-07,"{'El Cielo by Sky Rompiendo & Feid & Myke Towers', 'Si La Calle Llama - Remix by Eladio Carrion', 'CHORRITO PA LAS ANIMAS by Feid', 'Arranca (feat. Omega) by Becky G & Omega', 'Acróstico by Shakira', 'Hey Mor by Ozuna', 'Nochentera by Vicco', 'Clavaito by Chanel & Abraham Mateo', 'Todo Contigo by Álvaro De Luna', 'Pacto (feat. Luar La L) by Jay Wheeler', 'VAGABUNDO by Sebastian Yatra & Manuel Turizo & Beéle', 'MERCHO by LiL CaKe & Migrantes', 'Shakira: Bzrp Music Sessions, Vol. 53 by Bizarrap & Shakira', 'un x100to by Grupo Frontera & Bad Bunny', 'Cupido by TINI', 'Antes by Rvfv & Edu García', 'Flow Violento - Remix by YoSoyPlex & Ruven', 'La Jumpa by Arcángel', 'BESO by ROSALÍA & Rauw Alejandro', 'Yandel 150 by Yandel', 'El Merengue by Marshmello & Manuel Turizo', 'My Love by De La Ghetto & Quevedo', 'Los Ángeles by Aitana', 'Polaris by Saiko', 'WANDA by Quevedo', 'Supernova by Saiko', 'Coco Chanel by Eladio Carrion', 'Quevedo: Bzrp Music Sessions, Vol. 52 by Bizarrap & Quevedo', 'Ella Baila Sola by Eslabon Armado', 'WHERE SHE GOES by Bad Bunny', 'AMARGURA by KAROL G', 'Peso Pluma: Bzrp Music Sessions, Vol. 55 by Bizarrap & Peso Pluma', 'Que te vaya bien by Rvfv', 'Sangre y Fe by Cruz Cafuné', 'TQG by KAROL G', 'Mi Nena Remix by Maikel Delacalle & Quevedo', 'Arena y Sal by Omar Montes & Saiko & Tunvao', 'EL TONTO by Lola Indigo', 'PLAYA DEL INGLÉS by Quevedo', 'Rara Vez by Taiu & Milo j', 'VISTA AL MAR by Quevedo', 'DESPECHÁ by ROSALÍA', 'PUNTO G by Quevedo', 'La Bachata by Manuel Turizo', 'Mami Chula by Jhayco & Quevedo', 'La Bebe - Remix by Yng Lvcas & Peso Pluma', 'Classy 101 by Feid & Young Miko', 'Los del Espacio by LIT killah', '69 by Nicky Jam & Feid', 'Niña Bonita by Feid & Sean Paul'}",1,1,0.02,2024-06
2024-06-08,"{'El Cielo by Sky Rompiendo & Feid & Myke Towers', 'Si La Calle Llama - Remix by Eladio Carrion', 'CHORRITO PA LAS ANIMAS by Feid', 'Arranca (feat. Omega) by Becky G & Omega', 'Acróstico by Shakira', 'Hey Mor by Ozuna', 'Nochentera by Vicco', 'Clavaito by Chanel & Abraham Mateo', 'Todo Contigo by Álvaro De Luna', 'No_se_ve.mp3 by Emilia & LUDMILLA & ZECCA', 'Pacto (feat. Luar La L) by Jay Wheeler', 'VAGABUNDO by Sebastian Yatra & Manuel Turizo & Beéle', 'MERCHO by LiL CaKe & Migrantes', 'Shakira: Bzrp Music Sessions, Vol. 53 by Bizarrap & Shakira', 'un x100to by Grupo Frontera & Bad Bunny', 'Cupido by TINI', 'Antes by Rvfv & Edu García', 'Flow Violento - Remix by YoSoyPlex & Ruven', 'La Jumpa by Arcángel', 'BESO by ROSALÍA & Rauw Alejandro', 'Yandel 150 by Yandel', 'El Merengue by Marshmello & Manuel Turizo', 'My Love by De La Ghetto & Quevedo', 'Los Ángeles by Aitana', 'Polaris by Saiko', 'WANDA by Quevedo', 'Supernova by Saiko', 'Coco Chanel by Eladio Carrion', 'Quevedo: Bzrp Music Sessions, Vol. 52 by Bizarrap & Quevedo', 'Ella Baila Sola by Eslabon Armado', 'WHERE SHE GOES by Bad Bunny', 'AMARGURA by KAROL G', 'Peso Pluma: Bzrp Music Sessions, Vol. 55 by Bizarrap & Peso Pluma', 'Sangre y Fe by Cruz Cafuné', 'TQG by KAROL G', 'Mi Nena Remix by Maikel Delacalle & Quevedo', 'Arena y Sal by Omar Montes & Saiko & Tunvao', 'EL TONTO by Lola Indigo', 'PLAYA DEL INGLÉS by Quevedo', 'Rara Vez by Taiu & Milo j', 'VISTA AL MAR by Quevedo', 'DESPECHÁ by ROSALÍA', 'PUNTO G by Quevedo', 'La Bachata by Manuel Turizo', 'Mami Chula by Jhayco & Quevedo', 'La Bebe - Remix by Yng Lvcas & Peso Pluma', 'Classy 101 by Feid & Young Miko', 'Los del Espacio by LIT killah', '69 by Nicky Jam & Feid', 'Niña Bonita by Feid & Sean Paul'}",1,1,0.02,2024-06
2024-06-09,"{'El Cielo by Sky Rompiendo & Feid & Myke Towers', 'Si La Calle Llama - Remix by Eladio Carrion', 'CHORRITO PA LAS ANIMAS by Feid', 'Arranca (feat. Omega) by Becky G & Omega', 'Acróstico by Shakira', 'Hey Mor by Ozuna', 'Nochentera by Vicco', 'Clavaito by Chanel & Abraham Mateo', 'Todo Contigo by Álvaro De Luna', 'No_se_ve.mp3 by Emilia & LUDMILLA & ZECCA', 'Pacto (feat. Luar La L) by Jay Wheeler', 'VAGABUNDO by Sebastian Yatra & Manuel Turizo & Beéle', 'MERCHO by LiL CaKe & Migrantes', 'Shakira: Bzrp Music Sessions, Vol. 53 by Bizarrap & Shakira', 'un x100to by Grupo Frontera & Bad Bunny', 'Cupido by TINI', 'Antes by Rvfv & Edu García', 'Flow Violento - Remix by YoSoyPlex & Ruven', 'La Jumpa by Arcángel', 'BESO by ROSALÍA & Rauw Alejandro', 'Yandel 150 by Yandel', 'El Merengue by Marshmello & Manuel Turizo', 'My Love by De La Ghetto & Quevedo', 'Los Ángeles by Aitana', 'Polaris by Saiko', 'WANDA by Quevedo', 'Supernova by Saiko', 'Coco Chanel by Eladio Carrion', 'Quevedo: Bzrp Music Sessions, Vol. 52 by Bizarrap & Quevedo', 'Ella Baila Sola by Eslabon Armado', 'WHERE SHE GOES by Bad Bunny', 'AMARGURA by KAROL G', 'Peso Pluma: Bzrp Music Sessions, Vol. 55 by Bizarrap & Peso Pluma', 'Sangre y Fe by Cruz Cafuné', 'TQG by KAROL G', 'Mi Nena Remix by Maikel Delacalle & Quevedo', 'Arena y Sal by Omar Montes & Saiko & Tunvao', 'EL TONTO by Lola Indigo', 'PLAYA DEL INGLÉS by Quevedo', 'Rara Vez by Taiu & Milo j', 'VISTA AL MAR by Quevedo', 'LAS BABYS by Aitana', 'PUNTO G by Quevedo', 'La Bachata by Manuel Turizo', 'Mami Chula by Jhayco & Quevedo', 'La Bebe - Remix by Yng Lvcas & Peso Pluma', 'Classy 101 by Feid & Young Miko', 'Los del Espacio by LIT killah', '69 by Nicky Jam & Feid', 'Niña Bonita by Feid & Sean Paul'}",1,1,0.02,2024-06
2024-06-10,"{'El Cielo by Sky Rompiendo & Feid & Myke Towers', 'Si La Calle Llama - Remix by Eladio Carrion', 'CHORRITO PA LAS ANIMAS by Feid', 'Arranca (feat. Omega) by Becky G & Omega', 'Acróstico by Shakira', 'Hey Mor by Ozuna', 'Nochentera by Vicco', 'Clavaito by Chanel & Abraham Mateo', 'Todo Contigo by Álvaro De Luna', 'No_se_ve.mp3 by Emilia & LUDMILLA & ZECCA', 'Pacto (feat. Luar La L) by Jay Wheeler', 'VAGABUNDO by Sebastian Yatra & Manuel Turizo & Beéle', 'MERCHO by LiL CaKe & Migrantes', 'Shakira: Bzrp Music Sessions, Vol. 53 by Bizarrap & Shakira', 'un x100to by Grupo Frontera & Bad Bunny', 'Cupido by TINI', 'Antes by Rvfv & Edu García', 'La Jumpa by Arcángel', 'BESO by ROSALÍA & Rauw Alejandro', 'Yandel 150 by Yandel', 'El Merengue by Marshmello & Manuel Turizo', 'My Love by De La Ghetto & Quevedo', 'Los Ángeles by Aitana', 'Polaris by Saiko', 'WANDA by Quevedo', 'Supernova by Saiko', 'Coco Chanel by Eladio Carrion', 'Quevedo: Bzrp Music Sessions, Vol. 52 by Bizarrap & Quevedo', 'Ella Baila Sola by Eslabon Armado', 'WHERE SHE GOES by Bad Bunny', 'AMARGURA by KAROL G', 'Peso Pluma: Bzrp Music Sessions, Vol. 55 by Bizarrap & Peso Pluma', 'Sangre y Fe by Cruz Cafuné', 'TQG by KAROL G', 'Mi Nena Remix by Maikel Delacalle & Quevedo', 'Arena y Sal by Omar Montes & Saiko & Tunvao', 'EL TONTO by Lola Indigo', 'PLAYA DEL INGLÉS by Quevedo', 'Rara Vez by Taiu & Milo j', 'VISTA AL MAR by Quevedo', 'DESPECHÁ by ROSALÍA', 'LAS BABYS by Aitana', 'PUNTO G by Quevedo', 'La Bachata by Manuel Turizo', 'Mami Chula by Jhayco & Quevedo', 'La Bebe - Remix by Yng Lvcas & Peso Pluma', 'Classy 101 by Feid & Young Miko', 'Los del Espacio by LIT killah', '69 by Nicky Jam & Feid', 'Niña Bonita by Feid & Sean Paul'}",1,1,0.02,2024-06
2024-06-11,"{'El Cielo by Sky Rompiendo & Feid & Myke Towers', 'Si La Calle Llama - Remix by Eladio Carrion', 'CHORRITO PA LAS ANIMAS by Feid', 'Arranca (feat. Omega) by Becky G & Omega', 'Acróstico by Shakira', 'Hey Mor by Ozuna', 'Nochentera by Vicco', 'Clavaito by Chanel & Abraham Mateo', 'Todo Contigo by Álvaro De Luna', 'No_se_ve.mp3 by Emilia & LUDMILLA & ZECCA', 'Pacto (feat. Luar La L) by Jay Wheeler', 'VAGABUNDO by Sebastian Yatra & Manuel Turizo & Beéle', 'MERCHO by LiL CaKe & Migrantes', 'Shakira: Bzrp Music Sessions, Vol. 53 by Bizarrap & Shakira', 'Cupido by TINI', 'Antes by Rvfv & Edu García', 'La Jumpa by Arcángel', 'BESO by ROSALÍA & Rauw Alejandro', 'Yandel 150 by Yandel', 'El Merengue by Marshmello & Manuel Turizo', 'My Love by De La Ghetto & Quevedo', 'Los Ángeles by Aitana', 'Polaris by Saiko', 'TUYA by ROSALÍA', 'Supernova by Saiko', 'WANDA by Quevedo', 'Coco Chanel by Eladio Carrion', 'Quevedo: Bzrp Music Sessions, Vol. 52 by Bizarrap & Quevedo', 'Ella Baila Sola by Eslabon Armado', 'POLARIS - Remix by Saiko & Feid & Quevedo', 'WHERE SHE GOES by Bad Bunny', 'AMARGURA by KAROL G', 'Peso Pluma: Bzrp Music Sessions, Vol. 55 by Bizarrap & Peso Pluma', 'Sangre y Fe by Cruz Cafuné', 'TQG by KAROL G', 'Arena y Sal by Omar Montes & Saiko & Tunvao', 'EL TONTO by Lola Indigo', 'PLAYA DEL INGLÉS by Quevedo', 'Rara Vez by Taiu & Milo j', 'VISTA AL MAR by Quevedo', 'DESPECHÁ by ROSALÍA', 'LAS BABYS by Aitana', 'PUNTO G by Quevedo', 'La Bachata by Manuel Turizo', 'Mami Chula by Jhayco & Quevedo', 'La Bebe - Remix by Yng Lvcas & Peso Pluma', 'Classy 101 by Feid & Young Miko', 'Los del Espacio by LIT killah', '69 by Nicky Jam & Feid', 'Niña Bonita by Feid & Sean Paul'}",2,2,0.04,2024-06
2024-06-12,"{'El Cielo by Sky Rompiendo & Feid & Myke Towers', 'Si La Calle Llama - Remix by Eladio Carrion', 'CHORRITO PA LAS ANIMAS by Feid', 'Arranca (feat. Omega) by Becky G & Omega', 'Acróstico by Shakira', 'Hey Mor by Ozuna', 'Nochentera by Vicco', 'Clavaito by Chanel & Abraham Mateo', 'Todo Contigo by Álvaro De Luna', 'No_se_ve.mp3 by Emilia & LUDMILLA & ZECCA', 'Pacto (feat. Luar La L) by Jay Wheeler', 'VAGABUNDO by Sebastian Yatra & Manuel Turizo & Beéle', 'MERCHO by LiL CaKe & Migrantes', 'Shakira: Bzrp Music Sessions, Vol. 53 by Bizarrap & Shakira', 'un x100to by Grupo Frontera & Bad Bunny', 'Cupido by TINI', 'Antes by Rvfv & Edu García', 'La Jumpa by Arcángel', 'BESO by ROSALÍA & Rauw Alejandro', 'Yandel 150 by Yandel', 'El Merengue by Marshmello & Manuel Turizo', 'My Love by De La Ghetto & Quevedo', 'Los Ángeles by Aitana', 'TUYA by ROSALÍA', 'Supernova by Saiko', 'WANDA by Quevedo', 'Coco Chanel by Eladio Carrion', 'Quevedo: Bzrp Music Sessions, Vol. 52 by Bizarrap & Quevedo', 'Ella Baila Sola by Eslabon Armado', 'POLARIS - Remix by Saiko & Feid & Quevedo', 'WHERE SHE GOES by Bad Bunny', 'AMARGURA by KAROL G', 'Peso Pluma: Bzrp Music Sessions, Vol. 55 by Bizarrap & Peso Pluma', 'Sangre y Fe by Cruz Cafuné', 'TQG by KAROL G', 'Arena y Sal by Omar Montes & Saiko & Tunvao', 'EL TONTO by Lola Indigo', 'PLAYA DEL INGLÉS by Quevedo', 'Rara Vez by Taiu & Milo j', 'VISTA AL MAR by Quevedo', 'DESPECHÁ by ROSALÍA', 'LAS BABYS by Aitana', 'PUNTO G by Quevedo', 'La Bachata by Manuel Turizo', 'Mami Chula by Jhayco & Quevedo', 'La Bebe - Remix by Yng Lvcas & Peso Pluma', 'Classy 101 by Feid & Young Miko', 'Los del Espacio by LIT killah', '69 by Nicky Jam & Feid', 'Niña Bonita by Feid & Sean Paul'}",1,1,0.02,2024-06
2024-06-13,"{'El Cielo by Sky Rompiendo & Feid & Myke Towers', 'Si La Calle Llama - Remix by Eladio Carrion', 'CHORRITO PA LAS ANIMAS by Feid', 'Arranca (feat. Omega) by Becky G & Omega', 'Acróstico by Shakira', 'Hey Mor by Ozuna', 'Nochentera by Vicco', 'Clavaito by Chanel & Abraham Mateo', 'Todo Contigo by Álvaro De Luna', 'No_se_ve.mp3 by Emilia & LUDMILLA & ZECCA', 'Pacto (feat. Luar La L) by Jay Wheeler', 'VAGABUNDO by Sebastian Yatra & Manuel Turizo & Beéle', 'MERCHO by LiL CaKe & Migrantes', 'Shakira: Bzrp Music Sessions, Vol. 53 by Bizarrap & Shakira', 'un x100to by Grupo Frontera & Bad Bunny', 'Cupido by TINI', 'Antes by Rvfv & Edu García', 'La Jumpa by Arcángel', 'BESO by ROSALÍA & Rauw Alejandro', 'Yandel 150 by Yandel', 'El Merengue by Marshmello & Manuel Turizo', 'My Love by De La Ghetto & Quevedo', 'Los Ángeles by Aitana', 'TUYA by ROSALÍA', 'Supernova by Saiko', 'WANDA by Quevedo', 'Coco Chanel by Eladio Carrion', 'Quevedo: Bzrp Music Sessions, Vol. 52 by Bizarrap & Quevedo', 'Ella Baila Sola by Eslabon Armado', 'POLARIS - Remix by Saiko & Feid & Quevedo', 'WHERE SHE GOES by Bad Bunny', 'AMARGURA by KAROL G', 'Peso Pluma: Bzrp Music Sessions, Vol. 55 by Bizarrap & Peso Pluma', 'Sangre y Fe by Cruz Cafuné', 'TQG by KAROL G', 'Arena y Sal by Omar Montes & Saiko & Tunvao', 'EL TONTO by Lola Indigo', 'PLAYA DEL INGLÉS by Quevedo', 'Rara Vez by Taiu & Milo j', 'VISTA AL MAR by Quevedo', 'DESPECHÁ by ROSALÍA', 'LAS BABYS by Aitana', 'PUNTO G by Quevedo', 'La Bachata by Manuel Turizo', 'Mami Chula by Jhayco & Quevedo', 'La Bebe - Remix by Yng Lvcas & Peso Pluma', 'Classy 101 by Feid & Young Miko', 'Los del Espacio by LIT killah', '69 by Nicky Jam & Feid', 'Niña Bonita by Feid & Sean Paul'}",0,0,0.0,2024-06
2024-06-14,"{'El Cielo by Sky Rompiendo & Feid & Myke Towers', 'Si La Calle Llama - Remix by Eladio Carrion', 'CHORRITO PA LAS ANIMAS by Feid', 'Arranca (feat. Omega) by Becky G & Omega', 'Acróstico by Shakira', 'Hey Mor by Ozuna', 'Nochentera by Vicco', 'Clavaito by Chanel & Abraham Mateo', 'Todo Contigo by Álvaro De Luna', 'No_se_ve.mp3 by Emilia & LUDMILLA & ZECCA', 'Pacto (feat. Luar La L) by Jay Wheeler', 'VAGABUNDO by Sebastian Yatra & Manuel Turizo & Beéle', 'MERCHO by LiL CaKe & Migrantes', 'Shakira: Bzrp Music Sessions, Vol. 53 by Bizarrap & Shakira', 'un x100to by Grupo Frontera & Bad Bunny', 'Cupido by TINI', 'Antes by Rvfv & Edu García', 'La Jumpa by Arcángel', 'BESO by ROSALÍA & Rauw Alejandro', 'Yandel 150 by Yandel', 'El Merengue by Marshmello & Manuel Turizo', 'My Love by De La Ghetto & Quevedo', 'Los Ángeles by Aitana', 'TUYA by ROSALÍA', 'Supernova by Saiko', 'WANDA by Quevedo', 'Coco Chanel by Eladio Carrion', 'Quevedo: Bzrp Music Sessions, Vol. 52 by Bizarrap & Quevedo', 'Ella Baila Sola by Eslabon Armado', 'POLARIS - Remix by Saiko & Feid & Quevedo', 'WHERE SHE GOES by Bad Bunny', 'AMARGURA by KAROL G', 'Peso Pluma: Bzrp Music Sessions, Vol. 55 by Bizarrap & Peso Pluma', 'Sangre y Fe by Cruz Cafuné', 'TQG by KAROL G', 'Arena y Sal by Omar Montes & Saiko & Tunvao', 'EL TONTO by Lola Indigo', 'PLAYA DEL INGLÉS by Quevedo', 'Rara Vez by Taiu & Milo j', 'VISTA AL MAR by Quevedo', 'DESPECHÁ by ROSALÍA', 'LAS BABYS by Aitana', 'PUNTO G by Quevedo', 'La Bachata by Manuel Turizo', 'Mami Chula by Jhayco & Quevedo', 'La Bebe - Remix by Yng Lvcas & Peso Pluma', 'Classy 101 by Feid & Young Miko', 'Los del Espacio by LIT killah', '69 by Nicky Jam & Feid', 'Niña Bonita by Feid & Sean Paul'}",0,0,0.0,2024-06
2024-06-15,"{'El Cielo by Sky Rompiendo & Feid & Myke Towers', 'Si La Calle Llama - Remix by Eladio Carrion', 'Arranca (feat. Omega) by Becky G & Omega', 'Acróstico by Shakira', 'Hey Mor by Ozuna', 'Nochentera by Vicco', 'Clavaito by Chanel & Abraham Mateo', 'Todo Contigo by Álvaro De Luna', 'DUBAI by Trueno & Beny Jr', 'No_se_ve.mp3 by Emilia & LUDMILLA & ZECCA', 'Pacto (feat. Luar La L) by Jay Wheeler', 'VAGABUNDO by Sebastian Yatra & Manuel Turizo & Beéle', 'MERCHO by LiL CaKe & Migrantes', 'Shakira: Bzrp Music Sessions, Vol. 53 by Bizarrap & Shakira', 'Cupido by TINI', 'Antes by Rvfv & Edu García', 'La Jumpa by Arcángel', 'BESO by ROSALÍA & Rauw Alejandro', 'Yandel 150 by Yandel', 'El Merengue by Marshmello & Manuel Turizo', 'My Love by De La Ghetto & Quevedo', 'Los Ángeles by Aitana', 'TUYA by ROSALÍA', 'Supernova by Saiko', 'WANDA by Quevedo', 'Coco Chanel by Eladio Carrion', 'Quevedo: Bzrp Music Sessions, Vol. 52 by Bizarrap & Quevedo', 'Ella Baila Sola by Eslabon Armado', 'POLARIS - Remix by Saiko & Feid & Quevedo', 'WHERE SHE GOES by Bad Bunny', 'AMARGURA by KAROL G', 'Peso Pluma: Bzrp Music Sessions, Vol. 55 by Bizarrap & Peso Pluma', 'Sangre y Fe by Cruz Cafuné', 'TQG by KAROL G', 'Arena y Sal by Omar Montes & Saiko & Tunvao', 'EL TONTO by Lola Indigo', 'PLAYA DEL INGLÉS by Quevedo', 'Rara Vez by Taiu & Milo j', 'VISTA AL MAR by Quevedo', 'DESPECHÁ by ROSALÍA', 'LAS BABYS by Aitana', 'PUNTO G by Quevedo', 'La Bachata by Manuel Turizo', 'En To Lao by Haze & Jhayco', 'Mami Chula by Jhayco & Quevedo', 'La Bebe - Remix by Yng Lvcas & Peso Pluma', 'Classy 101 by Feid & Young Miko', 'Los del Espacio by LIT killah', '69 by Nicky Jam & Feid', 'Niña Bonita by Feid & Sean Paul'}",2,2,0.04,2024-06
2024-06-16,"{'El Cielo by Sky Rompiendo & Feid & Myke Towers', 'Si La Calle Llama - Remix by Eladio Carrion', 'Arranca (feat. Omega) by Becky G & Omega', 'Acróstico by Shakira', 'Hey Mor by Ozuna', 'Nochentera by Vicco', 'Clavaito by Chanel & Abraham Mateo', 'Todo Contigo by Álvaro De Luna', 'DUBAI by Trueno & Beny Jr', 'No_se_ve.mp3 by Emilia & LUDMILLA & ZECCA', 'Pacto (feat. Luar La L) by Jay Wheeler', 'VAGABUNDO by Sebastian Yatra & Manuel Turizo & Beéle', 'MERCHO by LiL CaKe & Migrantes', 'Shakira: Bzrp Music Sessions, Vol. 53 by Bizarrap & Shakira', 'Cupido by TINI', 'Antes by Rvfv & Edu García', 'La Jumpa by Arcángel', 'BESO by ROSALÍA & Rauw Alejandro', 'Yandel 150 by Yandel', 'El Merengue by Marshmello & Manuel Turizo', 'My Love by De La Ghetto & Quevedo', 'Los Ángeles by Aitana', 'TUYA by ROSALÍA', 'Supernova by Saiko', 'WANDA by Quevedo', 'Coco Chanel by Eladio Carrion', 'Quevedo: Bzrp Music Sessions, Vol. 52 by Bizarrap & Quevedo', 'Ella Baila Sola by Eslabon Armado', 'POLARIS - Remix by Saiko & Feid & Quevedo', 'WHERE SHE GOES by Bad Bunny', 'AMARGURA by KAROL G', 'Peso Pluma: Bzrp Music Sessions, Vol. 55 by Bizarrap & Peso Pluma', 'Sangre y Fe by Cruz Cafuné', 'TQG by KAROL G', 'Arena y Sal by Omar Montes & Saiko & Tunvao', 'EL TONTO by Lola Indigo', 'PLAYA DEL INGLÉS by Quevedo', 'Rara Vez by Taiu & Milo j', 'VISTA AL MAR by Quevedo', 'DESPECHÁ by ROSALÍA', 'LAS BABYS by Aitana', 'PUNTO G by Quevedo', 'La Bachata by Manuel Turizo', 'En To Lao by Haze & Jhayco', 'Mami Chula by Jhayco & Quevedo', 'La Bebe - Remix by Yng Lvcas & Peso Pluma', 'Classy 101 by Feid & Young Miko', 'Los del Espacio by LIT killah', '69 by Nicky Jam & Feid', 'Niña Bonita by Feid & Sean Paul'}",0,0,0.0,2024-06
2024-06-17,"{'El Cielo by Sky Rompiendo & Feid & Myke Towers', 'Si La Calle Llama - Remix by Eladio Carrion', 'Arranca (feat. Omega) by Becky G & Omega', 'Acróstico by Shakira', 'Hey Mor by Ozuna', 'Nochentera by Vicco', 'Clavaito by Chanel & Abraham Mateo', 'Todo Contigo by Álvaro De Luna', 'DUBAI by Trueno & Beny Jr', 'No_se_ve.mp3 by Emilia & LUDMILLA & ZECCA', 'Pacto (feat. Luar La L) by Jay Wheeler', 'VAGABUNDO by Sebastian Yatra & Manuel Turizo & Beéle', 'MERCHO by LiL CaKe & Migrantes', 'Shakira: Bzrp Music Sessions, Vol. 53 by Bizarrap & Shakira', 'Cupido by TINI', 'Antes by Rvfv & Edu García', 'La Jumpa by Arcángel', 'BESO by ROSALÍA & Rauw Alejandro', 'Yandel 150 by Yandel', 'El Merengue by Marshmello & Manuel Turizo', 'My Love by De La Ghetto & Quevedo', 'Los Ángeles by Aitana', 'TUYA by ROSALÍA', 'Supernova by Saiko', 'WANDA by Quevedo', 'Coco Chanel by Eladio Carrion', 'Quevedo: Bzrp Music Sessions, Vol. 52 by Bizarrap & Quevedo', 'Ella Baila Sola by Eslabon Armado', 'POLARIS - Remix by Saiko & Feid & Quevedo', 'WHERE SHE GOES by Bad Bunny', 'AMARGURA by KAROL G', 'La Fiesta by Pedro Capó', 'Peso Pluma: Bzrp Music Sessions, Vol. 55 by Bizarrap & Peso Pluma', 'TQG by KAROL G', 'Arena y Sal by Omar Montes & Saiko & Tunvao', 'EL TONTO by Lola Indigo', 'PLAYA DEL INGLÉS by Quevedo', 'Rara Vez by Taiu & Milo j', 'VISTA AL MAR by Quevedo', 'DESPECHÁ by ROSALÍA', 'LAS BABYS by Aitana', 'PUNTO G by Quevedo', 'La Bachata by Manuel Turizo', 'En To Lao by Haze & Jhayco', 'Mami Chula by Jhayco & Quevedo', 'La Bebe - Remix by Yng Lvcas & Peso Pluma', 'Classy 101 by Feid & Young Miko', 'Los del Espacio by LIT killah', '69 by Nicky Jam & Feid', 'Niña Bonita by Feid & Sean Paul'}",1,1,0.02,2024-06
2024-06-18,"{'El Cielo by Sky Rompiendo & Feid & Myke Towers', 'Si La Calle Llama - Remix by Eladio Carrion', 'Arranca (feat. Omega) by Becky G & Omega', 'Acróstico by Shakira', 'Hey Mor by Ozuna', 'Nochentera by Vicco', 'Clavaito by Chanel & Abraham Mateo', 'Todo Contigo by Álvaro De Luna', 'DUBAI by Trueno & Beny Jr', 'No_se_ve.mp3 by Emilia & LUDMILLA & ZECCA', 'Pacto (feat. Luar La L) by Jay Wheeler', 'VAGABUNDO by Sebastian Yatra & Manuel Turizo & Beéle', 'MERCHO by LiL CaKe & Migrantes', 'Shakira: Bzrp Music Sessions, Vol. 53 by Bizarrap & Shakira', 'Cupido by TINI', 'Antes by Rvfv & Edu García', 'La Jumpa by Arcángel', 'BESO by ROSALÍA & Rauw Alejandro', 'Yandel 150 by Yandel', 'El Merengue by Marshmello & Manuel Turizo', 'My Love by De La Ghetto & Quevedo', 'Los Ángeles by Aitana', 'Yankee 150 by Yandel & Feid & Daddy Yankee', 'TUYA by ROSALÍA', 'Supernova by Saiko', 'WANDA by Quevedo', 'Coco Chanel by Eladio Carrion', 'Quevedo: Bzrp Music Sessions, Vol. 52 by Bizarrap & Quevedo', 'Ella Baila Sola by Eslabon Armado', 'POLARIS - Remix by Saiko & Feid & Quevedo', 'WHERE SHE GOES by Bad Bunny', 'AMARGURA by KAROL G', 'La Fiesta by Pedro Capó', 'Peso Pluma: Bzrp Music Sessions, Vol. 55 by Bizarrap & Peso Pluma', 'TQG by KAROL G', 'Arena y Sal by Omar Montes & Saiko & Tunvao', 'EL TONTO by Lola Indigo', 'PLAYA DEL INGLÉS by Quevedo', 'Rara Vez by Taiu & Milo j', 'DESPECHÁ by ROSALÍA', 'LAS BABYS by Aitana', 'PUNTO G by Quevedo', 'La Bachata by Manuel Turizo', 'En To Lao by Haze & Jhayco', 'Mami Chula by Jhayco & Quevedo', 'La Bebe - Remix by Yng Lvcas & Peso Pluma', 'Classy 101 by Feid & Young Miko', 'Los del Espacio by LIT killah', '69 by Nicky Jam & Feid', 'Niña Bonita by Feid & Sean Paul'}",1,1,0.02,2024-06
2024-06-19,"{'El Cielo by Sky Rompiendo & Feid & Myke Towers', 'Si La Calle Llama - Remix by Eladio Carrion', 'Arranca (feat. Omega) by Becky G & Omega', 'Acróstico by Shakira', 'Hey Mor by Ozuna', 'Nochentera by Vicco', 'Clavaito by Chanel & Abraham Mateo', 'Todo Contigo by Álvaro De Luna', 'DUBAI by Trueno & Beny Jr', 'No_se_ve.mp3 by Emilia & LUDMILLA & ZECCA', 'Pacto (feat. Luar La L) by Jay Wheeler', 'VAGABUNDO by Sebastian Yatra & Manuel Turizo & Beéle', 'MERCHO by LiL CaKe & Migrantes', 'Shakira: Bzrp Music Sessions, Vol. 53 by Bizarrap & Shakira', 'Cupido by TINI', 'Antes by Rvfv & Edu García', 'Flow Violento - Remix by YoSoyPlex & Ruven', 'La Jumpa by Arcángel', 'BESO by ROSALÍA & Rauw Alejandro', 'Yandel 150 by Yandel', 'El Merengue by Marshmello & Manuel Turizo', 'My Love by De La Ghetto & Quevedo', 'Los Ángeles by Aitana', 'TUYA by ROSALÍA', 'Supernova by Saiko', 'WANDA by Quevedo', 'Coco Chanel by Eladio Carrion', 'Quevedo: Bzrp Music Sessions, Vol. 52 by Bizarrap & Quevedo', 'Ella Baila Sola by Eslabon Armado', 'POLARIS - Remix by Saiko & Feid & Quevedo', 'WHERE SHE GOES by Bad Bunny', 'AMARGURA by KAROL G', 'La Fiesta by Pedro Capó', 'Peso Pluma: Bzrp Music Sessions, Vol. 55 by Bizarrap & Peso Pluma', 'TQG by KAROL G', 'Arena y Sal by Omar Montes & Saiko & Tunvao', 'EL TONTO by Lola Indigo', 'PLAYA DEL INGLÉS by Quevedo', 'Rara Vez by Taiu & Milo j', 'DESPECHÁ by ROSALÍA', 'LAS BABYS by Aitana', 'PUNTO G by Quevedo', 'La Bachata by Manuel Turizo', 'En To Lao by Haze & Jhayco', 'Mami Chula by Jhayco & Quevedo', 'La Bebe - Remix by Yng Lvcas & Peso Pluma', 'Classy 101 by Feid & Young Miko', 'Los del Espacio by LIT killah', '69 by Nicky Jam & Feid', 'Niña Bonita by Feid & Sean Paul'}",1,1,0.02,2024-06
2024-06-20,"{'El Cielo by Sky Rompiendo & Feid & Myke Towers', 'Si La Calle Llama - Remix by Eladio Carrion', 'Arranca (feat. Omega) by Becky G & Omega', 'Acróstico by Shakira', 'Hey Mor by Ozuna', 'Nochentera by Vicco', 'Clavaito by Chanel & Abraham Mateo', 'Todo Contigo by Álvaro De Luna', 'DUBAI by Trueno & Beny Jr', 'No_se_ve.mp3 by Emilia & LUDMILLA & ZECCA', 'Pacto (feat. Luar La L) by Jay Wheeler', 'VAGABUNDO by Sebastian Yatra & Manuel Turizo & Beéle', 'LA INOCENTE by Mora', 'MERCHO by LiL CaKe & Migrantes', 'Shakira: Bzrp Music Sessions, Vol. 53 by Bizarrap & Shakira', 'Cupido by TINI', 'Antes by Rvfv & Edu García', 'Flow Violento - Remix by YoSoyPlex & Ruven', 'La Jumpa by Arcángel', 'BESO by ROSALÍA & Rauw Alejandro', 'Yandel 150 by Yandel', 'El Merengue by Marshmello & Manuel Turizo', 'My Love by De La Ghetto & Quevedo', 'Los Ángeles by Aitana', 'TUYA by ROSALÍA', 'Supernova by Saiko', 'WANDA by Quevedo', 'Coco Chanel by Eladio Carrion', 'Quevedo: Bzrp Music Sessions, Vol. 52 by Bizarrap & Quevedo', 'Ella Baila Sola by Eslabon Armado', 'POLARIS - Remix by Saiko & Feid & Quevedo', 'WHERE SHE GOES by Bad Bunny', 'AMARGURA by KAROL G', 'La Fiesta by Pedro Capó', 'Peso Pluma: Bzrp Music Sessions, Vol. 55 by Bizarrap & Peso Pluma', 'TQG by KAROL G', 'Arena y Sal by Omar Montes & Saiko & Tunvao', 'EL TONTO by Lola Indigo', 'PLAYA DEL INGLÉS by Quevedo', 'Rara Vez by Taiu & Milo j', 'DESPECHÁ by ROSALÍA', 'LAS BABYS by Aitana', 'PUNTO G by Quevedo', 'La Bachata by Manuel Turizo', 'Mami Chula by Jhayco & Quevedo', 'La Bebe - Remix by Yng Lvcas & Peso Pluma', 'Classy 101 by Feid & Young Miko', 'Los del Espacio by LIT killah', '69 by Nicky Jam & Feid', 'Niña Bonita by Feid & Sean Paul'}",1,1,0.02,2024-06
2024-06-21,"{'El Cielo by Sky Rompiendo & Feid & Myke Towers', 'Si La Calle Llama - Remix by Eladio Carrion', 'Arranca (feat. Omega) by Becky G & Omega', 'Acróstico by Shakira', 'Hey Mor by Ozuna', 'Nochentera by Vicco', 'Clavaito by Chanel & Abraham Mateo', 'Todo Contigo by Álvaro De Luna', 'DUBAI by Trueno & Beny Jr', 'No_se_ve.mp3 by Emilia & LUDMILLA & ZECCA', 'Pacto (feat. Luar La L) by Jay Wheeler', 'VAGABUNDO by Sebastian Yatra & Manuel Turizo & Beéle', 'LA INOCENTE by Mora', 'MERCHO by LiL CaKe & Migrantes', 'Shakira: Bzrp Music Sessions, Vol. 53 by Bizarrap & Shakira', 'Cupido by TINI', 'Antes by Rvfv & Edu García', 'La Jumpa by Arcángel', 'BESO by ROSALÍA & Rauw Alejandro', 'Yandel 150 by Yandel', 'El Merengue by Marshmello & Manuel Turizo', 'My Love by De La Ghetto & Quevedo', 'Los Ángeles by Aitana', 'TUYA by ROSALÍA', 'Supernova by Saiko', 'WANDA by Quevedo', 'Coco Chanel by Eladio Carrion', 'Quevedo: Bzrp Music Sessions, Vol. 52 by Bizarrap & Quevedo', 'Ella Baila Sola by Eslabon Armado', 'POLARIS - Remix by Saiko & Feid & Quevedo', 'WHERE SHE GOES by Bad Bunny', 'AMARGURA by KAROL G', 'La Fiesta by Pedro Capó', 'Peso Pluma: Bzrp Music Sessions, Vol. 55 by Bizarrap & Peso Pluma', 'TQG by KAROL G', 'Arena y Sal by Omar Montes & Saiko & Tunvao', 'EL TONTO by Lola Indigo', 'PLAYA DEL INGLÉS by Quevedo', 'Rara Vez by Taiu & Milo j', 'DESPECHÁ by ROSALÍA', 'LAS BABYS by Aitana', 'PUNTO G by Quevedo', 'La Bachata by Manuel Turizo', 'En To Lao by Haze & Jhayco', 'Mami Chula by Jhayco & Quevedo', 'La Bebe - Remix by Yng Lvcas & Peso Pluma', 'Classy 101 by Feid & Young Miko', 'Los del Espacio by LIT killah', '69 by Nicky Jam & Feid', 'Niña Bonita by Feid & Sean Paul'}",1,1,0.02,2024-06
2024-06-22,"{'El Cielo by Sky Rompiendo & Feid & Myke Towers', 'Si La Calle Llama - Remix by Eladio Carrion', 'Arranca (feat. Omega) by Becky G & Omega', 'Acróstico by Shakira', 'Hey Mor by Ozuna', 'Nochentera by Vicco', 'Clavaito by Chanel & Abraham Mateo', 'Todo Contigo by Álvaro De Luna', 'DUBAI by Trueno & Beny Jr', 'No_se_ve.mp3 by Emilia & LUDMILLA & ZECCA', 'Pacto (feat. Luar La L) by Jay Wheeler', 'VAGABUNDO by Sebastian Yatra & Manuel Turizo & Beéle', 'LA INOCENTE by Mora', 'MERCHO by LiL CaKe & Migrantes', 'Shakira: Bzrp Music Sessions, Vol. 53 by Bizarrap & Shakira', 'Cupido by TINI', 'Antes by Rvfv & Edu García', 'La Jumpa by Arcángel', 'BESO by ROSALÍA & Rauw Alejandro', 'Yandel 150 by Yandel', 'El Merengue by Marshmello & Manuel Turizo', 'My Love by De La Ghetto & Quevedo', 'Los Ángeles by Aitana', 'TUYA by ROSALÍA', 'Supernova by Saiko', 'WANDA by Quevedo', 'Coco Chanel by Eladio Carrion', 'Quevedo: Bzrp Music Sessions, Vol. 52 by Bizarrap & Quevedo', 'Ella Baila Sola by Eslabon Armado', 'POLARIS - Remix by Saiko & Feid & Quevedo', 'WHERE SHE GOES by Bad Bunny', 'AMARGURA by KAROL G', 'Peso Pluma: Bzrp Music Sessions, Vol. 55 by Bizarrap & Peso Pluma', 'TQG by KAROL G', 'Amanece by Anuel AA & Haze', 'Arena y Sal by Omar Montes & Saiko & Tunvao', 'EL TONTO by Lola Indigo', 'PLAYA DEL INGLÉS by Quevedo', 'Rara Vez by Taiu & Milo j', 'DESPECHÁ by ROSALÍA', 'LAS BABYS by Aitana', 'PUNTO G by Quevedo', 'La Bachata by Manuel Turizo', 'En To Lao by Haze & Jhayco', 'Mami Chula by Jhayco & Quevedo', 'La Bebe - Remix by Yng Lvcas & Peso Pluma', 'Classy 101 by Feid & Young Miko', 'Los del Espacio by LIT killah', '69 by Nicky Jam & Feid', 'Niña Bonita by Feid & Sean Paul'}",1,1,0.02,2024-06
2024-06-23,"{'El Cielo by Sky Rompiendo & Feid & Myke Towers', 'Si La Calle Llama - Remix by Eladio Carrion', 'Arranca (feat. Omega) by Becky G & Omega', 'Acróstico by Shakira', 'Hey Mor by Ozuna', 'Nochentera by Vicco', 'Clavaito by Chanel & Abraham Mateo', 'Todo Contigo by Álvaro De Luna', 'No_se_ve.mp3 by Emilia & LUDMILLA & ZECCA', 'Pacto (feat. Luar La L) by Jay Wheeler', 'VAGABUNDO by Sebastian Yatra & Manuel Turizo & Beéle', 'LA INOCENTE by Mora', 'MERCHO by LiL CaKe & Migrantes', 'Shakira: Bzrp Music Sessions, Vol. 53 by Bizarrap & Shakira', 'Cupido by TINI', 'Antes by Rvfv & Edu García', 'La Jumpa by Arcángel', 'BESO by ROSALÍA & Rauw Alejandro', 'Yandel 150 by Yandel', 'El Merengue by Marshmello & Manuel Turizo', 'My Love by De La Ghetto & Quevedo', 'Los Ángeles by Aitana', 'TUYA by ROSALÍA', 'Supernova by Saiko', 'WANDA by Quevedo', 'Coco Chanel by Eladio Carrion', 'Quevedo: Bzrp Music Sessions, Vol. 52 by Bizarrap & Quevedo', 'Ella Baila Sola by Eslabon Armado', 'POLARIS - Remix by Saiko & Feid & Quevedo', 'WHERE SHE GOES by Bad Bunny', 'AMARGURA by KAROL G', 'Peso Pluma: Bzrp Music Sessions, Vol. 55 by Bizarrap & Peso Pluma', 'TQG by KAROL G', 'No Estuviste En Lo Malo by Morad', 'Amanece by Anuel AA & Haze', 'Arena y Sal by Omar Montes & Saiko & Tunvao', 'EL TONTO by Lola Indigo', 'PLAYA DEL INGLÉS by Quevedo', 'Rara Vez by Taiu & Milo j', 'DESPECHÁ by ROSALÍA', 'LAS BABYS by Aitana', 'PUNTO G by Quevedo', 'La Bachata by Manuel Turizo', 'En To Lao by Haze & Jhayco', 'Mami Chula by Jhayco & Quevedo', 'La Bebe - Remix by Yng Lvcas & Peso Pluma', 'Classy 101 by Feid & Young Miko', 'Los del Espacio by LIT killah', '69 by Nicky Jam & Feid', 'Niña Bonita by Feid & Sean Paul'}",1,1,0.02,2024-06
2024-06-24,"{'El Cielo by Sky Rompiendo & Feid & Myke Towers', 'Si La Calle Llama - Remix by Eladio Carrion', 'Arranca (feat. Omega) by Becky G & Omega', 'RoCKSTAR 2.0 by Duki & Jhayco', 'Acróstico by Shakira', 'Hey Mor by Ozuna', 'Nochentera by Vicco', 'Clavaito by Chanel & Abraham Mateo', 'Todo Contigo by Álvaro De Luna', 'No_se_ve.mp3 by Emilia & LUDMILLA & ZECCA', 'Pacto (feat. Luar La L) by Jay Wheeler', 'VAGABUNDO by Sebastian Yatra & Manuel Turizo & Beéle', 'LA INOCENTE by Mora', 'MERCHO by LiL CaKe & Migrantes', 'Shakira: Bzrp Music Sessions, Vol. 53 by Bizarrap & Shakira', 'Cupido by TINI', 'Antes by Rvfv & Edu García', 'BESO by ROSALÍA & Rauw Alejandro', 'Yandel 150 by Yandel', 'El Merengue by Marshmello & Manuel Turizo', 'My Love by De La Ghetto & Quevedo', 'Los Ángeles by Aitana', 'TUYA by ROSALÍA', 'Supernova by Saiko', 'WANDA by Quevedo', 'Coco Chanel by Eladio Carrion', 'Quevedo: Bzrp Music Sessions, Vol. 52 by Bizarrap & Quevedo', 'Ella Baila Sola by Eslabon Armado', 'POLARIS - Remix by Saiko & Feid & Quevedo', 'WHERE SHE GOES by Bad Bunny', 'AMARGURA by KAROL G', 'Peso Pluma: Bzrp Music Sessions, Vol. 55 by Bizarrap & Peso Pluma', 'TQG by KAROL G', 'Rauw Alejandro: Bzrp Music Sessions, Vol. 56 by Bizarrap & Rauw Alejandro', 'Arena y Sal by Omar Montes & Saiko & Tunvao', 'EL TONTO by Lola Indigo', 'PLAYA DEL INGLÉS by Quevedo', 'Rara Vez by Taiu & Milo j', 'DESPECHÁ by ROSALÍA', 'Chulo pt.2 by Bad Gyal & Tokischa & Young Miko', 'LAS BABYS by Aitana', 'PUNTO G by Quevedo', 'La Bachata by Manuel Turizo', 'En To Lao by Haze & Jhayco', 'Mami Chula by Jhayco & Quevedo', 'La Bebe - Remix by Yng Lvcas & Peso Pluma', 'Classy 101 by Feid & Young Miko', 'Los del Espacio by LIT killah', '69 by Nicky Jam & Feid', 'Niña Bonita by Feid & Sean Paul'}",3,3,0.06,2024-06
2024-06-25,"{'El Cielo by Sky Rompiendo & Feid & Myke Towers', 'Si La Calle Llama - Remix by Eladio Carrion', 'Arranca (feat. Omega) by Becky G & Omega', 'Acróstico by Shakira', 'Hey Mor by Ozuna', 'Nochentera by Vicco', 'Clavaito by Chanel & Abraham Mateo', 'Todo Contigo by Álvaro De Luna', 'No_se_ve.mp3 by Emilia & LUDMILLA & ZECCA', 'Pacto (feat. Luar La L) by Jay Wheeler', 'VAGABUNDO by Sebastian Yatra & Manuel Turizo & Beéle', 'MERCHO by LiL CaKe & Migrantes', 'Shakira: Bzrp Music Sessions, Vol. 53 by Bizarrap & Shakira', 'Cupido by TINI', 'RoCKSTAR 2.0 by Duki', 'BESO by ROSALÍA & Rauw Alejandro', 'Yandel 150 by Yandel', 'El Merengue by Marshmello & Manuel Turizo', 'My Love by De La Ghetto & Quevedo', 'BABY HELLO by Rauw Alejandro & Bizarrap', 'Los Ángeles by Aitana', 'TUYA by ROSALÍA', 'Supernova by Saiko', 'WANDA by Quevedo', ""don't liE by Duki"", 'Coco Chanel by Eladio Carrion', 'Quevedo: Bzrp Music Sessions, Vol. 52 by Bizarrap & Quevedo', 'Ella Baila Sola by Eslabon Armado', 'POLARIS - Remix by Saiko & Feid & Quevedo', 'WHERE SHE GOES by Bad Bunny', 'AMARGURA by KAROL G', 'La Fiesta by Pedro Capó', 'Peso Pluma: Bzrp Music Sessions, Vol. 55 by Bizarrap & Peso Pluma', 'TQG by KAROL G', 'Rauw Alejandro: Bzrp Music Sessions, Vol. 56 by Bizarrap & Rauw Alejandro', 'Arena y Sal by Omar Montes & Saiko & Tunvao', 'EL TONTO by Lola Indigo', 'PLAYA DEL INGLÉS by Quevedo', 'Rara Vez by Taiu & Milo j', 'DESPECHÁ by ROSALÍA', 'Chulo pt.2 by Bad Gyal & Tokischa & Young Miko', 'LAS BABYS by Aitana', 'PUNTO G by Quevedo', 'La Bachata by Manuel Turizo', 'Mami Chula by Jhayco & Quevedo', 'La Bebe - Remix by Yng Lvcas & Peso Pluma', 'Classy 101 by Feid & Young Miko', 'Los del Espacio by LIT killah', '69 by Nicky Jam & Feid', 'Niña Bonita by Feid & Sean Paul'}",4,4,0.08,2024-06
2024-06-26,"{'El Cielo by Sky Rompiendo & Feid & Myke Towers', 'Si La Calle Llama - Remix by Eladio Carrion', 'Arranca (feat. Omega) by Becky G & Omega', 'Acróstico by Shakira', 'Hey Mor by Ozuna', 'Nochentera by Vicco', 'Clavaito by Chanel & Abraham Mateo', 'Todo Contigo by Álvaro De Luna', 'No_se_ve.mp3 by Emilia & LUDMILLA & ZECCA', 'Pacto (feat. Luar La L) by Jay Wheeler', 'VAGABUNDO by Sebastian Yatra & Manuel Turizo & Beéle', 'MERCHO by LiL CaKe & Migrantes', 'Shakira: Bzrp Music Sessions, Vol. 53 by Bizarrap & Shakira', 'Cupido by TINI', 'RoCKSTAR 2.0 by Duki', 'BESO by ROSALÍA & Rauw Alejandro', 'Yandel 150 by Yandel', 'El Merengue by Marshmello & Manuel Turizo', 'My Love by De La Ghetto & Quevedo', 'BABY HELLO by Rauw Alejandro & Bizarrap', 'Los Ángeles by Aitana', 'TUYA by ROSALÍA', 'Supernova by Saiko', 'WANDA by Quevedo', ""don't liE by Duki"", 'Coco Chanel by Eladio Carrion', 'Quevedo: Bzrp Music Sessions, Vol. 52 by Bizarrap & Quevedo', 'Ella Baila Sola by Eslabon Armado', 'POLARIS - Remix by Saiko & Feid & Quevedo', 'WHERE SHE GOES by Bad Bunny', 'AMARGURA by KAROL G', 'La Fiesta by Pedro Capó', 'Peso Pluma: Bzrp Music Sessions, Vol. 55 by Bizarrap & Peso Pluma', 'TQG by KAROL G', 'Rauw Alejandro: Bzrp Music Sessions, Vol. 56 by Bizarrap & Rauw Alejandro', 'Arena y Sal by Omar Montes & Saiko & Tunvao', 'EL TONTO by Lola Indigo', 'PLAYA DEL INGLÉS by Quevedo', 'Rara Vez by Taiu & Milo j', 'DESPECHÁ by ROSALÍA', 'Chulo pt.2 by Bad Gyal & Tokischa & Young Miko', 'LAS BABYS by Aitana', 'PUNTO G by Quevedo', 'La Bachata by Manuel Turizo', 'Mami Chula by Jhayco & Quevedo', 'La Bebe - Remix by Yng Lvcas & Peso Pluma', 'Classy 101 by Feid & Young Miko', 'Los del Espacio by LIT killah', '69 by Nicky Jam & Feid', 'Niña Bonita by Feid & Sean Paul'}",0,0,0.0,2024-06
2024-06-27,"{'El Cielo by Sky Rompiendo & Feid & Myke Towers', 'Si La Calle Llama - Remix by Eladio Carrion', 'Arranca (feat. Omega) by Becky G & Omega', 'Acróstico by Shakira', 'Hey Mor by Ozuna', 'Nochentera by Vicco', 'Clavaito by Chanel & Abraham Mateo', 'Todo Contigo by Álvaro De Luna', 'No_se_ve.mp3 by Emilia & LUDMILLA & ZECCA', 'Pacto (feat. Luar La L) by Jay Wheeler', 'VAGABUNDO by Sebastian Yatra & Manuel Turizo & Beéle', 'MERCHO by LiL CaKe & Migrantes', 'Shakira: Bzrp Music Sessions, Vol. 53 by Bizarrap & Shakira', 'Cupido by TINI', 'RoCKSTAR 2.0 by Duki', 'BESO by ROSALÍA & Rauw Alejandro', 'Yandel 150 by Yandel', 'El Merengue by Marshmello & Manuel Turizo', 'My Love by De La Ghetto & Quevedo', 'BABY HELLO by Rauw Alejandro & Bizarrap', 'Los Ángeles by Aitana', 'TUYA by ROSALÍA', 'Supernova by Saiko', 'WANDA by Quevedo', ""don't liE by Duki"", 'Coco Chanel by Eladio Carrion', 'Quevedo: Bzrp Music Sessions, Vol. 52 by Bizarrap & Quevedo', 'Ella Baila Sola by Eslabon Armado', 'POLARIS - Remix by Saiko & Feid & Quevedo', 'WHERE SHE GOES by Bad Bunny', 'AMARGURA by KAROL G', 'La Fiesta by Pedro Capó', 'Peso Pluma: Bzrp Music Sessions, Vol. 55 by Bizarrap & Peso Pluma', 'TQG by KAROL G', 'Rauw Alejandro: Bzrp Music Sessions, Vol. 56 by Bizarrap & Rauw Alejandro', 'Arena y Sal by Omar Montes & Saiko & Tunvao', 'EL TONTO by Lola Indigo', 'PLAYA DEL INGLÉS by Quevedo', 'Rara Vez by Taiu & Milo j', 'DESPECHÁ by ROSALÍA', 'Chulo pt.2 by Bad Gyal & Tokischa & Young Miko', 'LAS BABYS by Aitana', 'PUNTO G by Quevedo', 'La Bachata by Manuel Turizo', 'Mami Chula by Jhayco & Quevedo', 'La Bebe - Remix by Yng Lvcas & Peso Pluma', 'Classy 101 by Feid & Young Miko', 'Los del Espacio by LIT killah', '69 by Nicky Jam & Feid', 'Niña Bonita by Feid & Sean Paul'}",0,0,0.0,2024-06
2024-06-28,"{'El Cielo by Sky Rompiendo & Feid & Myke Towers', 'Si La Calle Llama - Remix by Eladio Carrion', 'Arranca (feat. Omega) by Becky G & Omega', 'Acróstico by Shakira', 'Hey Mor by Ozuna', 'Nochentera by Vicco', 'Clavaito by Chanel & Abraham Mateo', 'Todo Contigo by Álvaro De Luna', 'No_se_ve.mp3 by Emilia & LUDMILLA & ZECCA', 'Pacto (feat. Luar La L) by Jay Wheeler', 'VAGABUNDO by Sebastian Yatra & Manuel Turizo & Beéle', 'MERCHO by LiL CaKe & Migrantes', 'Shakira: Bzrp Music Sessions, Vol. 53 by Bizarrap & Shakira', 'Cupido by TINI', 'Antes by Rvfv & Edu García', 'RoCKSTAR 2.0 by Duki', 'BESO by ROSALÍA & Rauw Alejandro', 'Yandel 150 by Yandel', 'El Merengue by Marshmello & Manuel Turizo', 'My Love by De La Ghetto & Quevedo', 'BABY HELLO by Rauw Alejandro & Bizarrap', 'Los Ángeles by Aitana', 'TUYA by ROSALÍA', 'Supernova by Saiko', 'WANDA by Quevedo', ""don't liE by Duki"", 'Coco Chanel by Eladio Carrion', 'Quevedo: Bzrp Music Sessions, Vol. 52 by Bizarrap & Quevedo', 'Ella Baila Sola by Eslabon Armado', 'POLARIS - Remix by Saiko & Feid & Quevedo', 'WHERE SHE GOES by Bad Bunny', 'AMARGURA by KAROL G', 'Peso Pluma: Bzrp Music Sessions, Vol. 55 by Bizarrap & Peso Pluma', 'TQG by KAROL G', 'Rauw Alejandro: Bzrp Music Sessions, Vol. 56 by Bizarrap & Rauw Alejandro', 'Arena y Sal by Omar Montes & Saiko & Tunvao', 'EL TONTO by Lola Indigo', 'PLAYA DEL INGLÉS by Quevedo', 'Rara Vez by Taiu & Milo j', 'DESPECHÁ by ROSALÍA', 'Chulo pt.2 by Bad Gyal & Tokischa & Young Miko', 'LAS BABYS by Aitana', 'PUNTO G by Quevedo', 'La Bachata by Manuel Turizo', 'Mami Chula by Jhayco & Quevedo', 'La Bebe - Remix by Yng Lvcas & Peso Pluma', 'Classy 101 by Feid & Young Miko', 'Los del Espacio by LIT killah', '69 by Nicky Jam & Feid', 'Niña Bonita by Feid & Sean Paul'}",1,1,0.02,2024-06
2024-06-29,"{'El Cielo by Sky Rompiendo & Feid & Myke Towers', 'Si La Calle Llama - Remix by Eladio Carrion', 'Arranca (feat. Omega) by Becky G & Omega', 'Acróstico by Shakira', 'Hey Mor by Ozuna', 'Nochentera by Vicco', 'Clavaito by Chanel & Abraham Mateo', 'Todo Contigo by Álvaro De Luna', 'No_se_ve.mp3 by Emilia & LUDMILLA & ZECCA', 'Pacto (feat. Luar La L) by Jay Wheeler', 'VAGABUNDO by Sebastian Yatra & Manuel Turizo & Beéle', 'MERCHO by LiL CaKe & Migrantes', 'Shakira: Bzrp Music Sessions, Vol. 53 by Bizarrap & Shakira', 'Cupido by TINI', 'Antes by Rvfv & Edu García', 'RoCKSTAR 2.0 by Duki', 'BESO by ROSALÍA & Rauw Alejandro', 'Yandel 150 by Yandel', 'El Merengue by Marshmello & Manuel Turizo', 'My Love by De La Ghetto & Quevedo', 'BABY HELLO by Rauw Alejandro & Bizarrap', 'Los Ángeles by Aitana', 'TUYA by ROSALÍA', 'Supernova by Saiko', 'WANDA by Quevedo', ""don't liE by Duki"", 'Coco Chanel by Eladio Carrion', 'Quevedo: Bzrp Music Sessions, Vol. 52 by Bizarrap & Quevedo', 'Ella Baila Sola by Eslabon Armado', 'POLARIS - Remix by Saiko & Feid & Quevedo', 'WHERE SHE GOES by Bad Bunny', 'AMARGURA by KAROL G', 'Peso Pluma: Bzrp Music Sessions, Vol. 55 by Bizarrap & Peso Pluma', 'TQG by KAROL G', 'Rauw Alejandro: Bzrp Music Sessions, Vol. 56 by Bizarrap & Rauw Alejandro', 'LALA by Myke Towers', 'Arena y Sal by Omar Montes & Saiko & Tunvao', 'EL TONTO by Lola Indigo', 'PLAYA DEL INGLÉS by Quevedo', 'Rara Vez by Taiu & Milo j', 'Chulo pt.2 by Bad Gyal & Tokischa & Young Miko', 'LAS BABYS by Aitana', 'PUNTO G by Quevedo', 'La Bachata by Manuel Turizo', 'Mami Chula by Jhayco & Quevedo', 'La Bebe - Remix by Yng Lvcas & Peso Pluma', 'Classy 101 by Feid & Young Miko', 'Los del Espacio by LIT killah', '69 by Nicky Jam & Feid', 'Niña Bonita by Feid & Sean Paul'}",1,1,0.02,2024-06
2024-06-30,"{'El Cielo by Sky Rompiendo & Feid & Myke Towers', 'Si La Calle Llama - Remix by Eladio Carrion', 'Arranca (feat. Omega) by Becky G & Omega', 'Acróstico by Shakira', 'Hey Mor by Ozuna', 'Nochentera by Vicco', 'Clavaito by Chanel & Abraham Mateo', 'Todo Contigo by Álvaro De Luna', 'No_se_ve.mp3 by Emilia & LUDMILLA & ZECCA', 'Pacto (feat. Luar La L) by Jay Wheeler', 'VAGABUNDO by Sebastian Yatra & Manuel Turizo & Beéle', 'MERCHO by LiL CaKe & Migrantes', 'Shakira: Bzrp Music Sessions, Vol. 53 by Bizarrap & Shakira', 'Cupido by TINI', 'Antes by Rvfv & Edu García', 'RoCKSTAR 2.0 by Duki', 'BESO by ROSALÍA & Rauw Alejandro', 'Yandel 150 by Yandel', 'El Merengue by Marshmello & Manuel Turizo', 'My Love by De La Ghetto & Quevedo', 'BABY HELLO by Rauw Alejandro & Bizarrap', 'Los Ángeles by Aitana', 'TUYA by ROSALÍA', 'Supernova by Saiko', 'WANDA by Quevedo', 'Coco Chanel by Eladio Carrion', 'Quevedo: Bzrp Music Sessions, Vol. 52 by Bizarrap & Quevedo', 'Ella Baila Sola by Eslabon Armado', 'POLARIS - Remix by Saiko & Feid & Quevedo', 'WHERE SHE GOES by Bad Bunny', 'AMARGURA by KAROL G', 'Peso Pluma: Bzrp Music Sessions, Vol. 55 by Bizarrap & Peso Pluma', 'TQG by KAROL G', 'Rauw Alejandro: Bzrp Music Sessions, Vol. 56 by Bizarrap & Rauw Alejandro', 'LALA by Myke Towers', 'Arena y Sal by Omar Montes & Saiko & Tunvao', 'EL TONTO by Lola Indigo', 'PLAYA DEL INGLÉS by Quevedo', 'Rara Vez by Taiu & Milo j', 'Chulo pt.2 by Bad Gyal & Tokischa & Young Miko', 'LAS BABYS by Aitana', 'PUNTO G by Quevedo', 'La Bachata by Manuel Turizo', 'En To Lao by Haze & Jhayco', 'Mami Chula by Jhayco & Quevedo', 'La Bebe - Remix by Yng Lvcas & Peso Pluma', 'Classy 101 by Feid & Young Miko', 'Los del Espacio by LIT killah', '69 by Nicky Jam & Feid', 'Niña Bonita by Feid & Sean Paul'}",1,1,0.02,2024-06
2024-07-01,"{'El Cielo by Sky Rompiendo & Feid & Myke Towers', 'Si La Calle Llama - Remix by Eladio Carrion', 'Arranca (feat. Omega) by Becky G & Omega', 'Acróstico by Shakira', 'Hey Mor by Ozuna', 'Nochentera by Vicco', 'Clavaito by Chanel & Abraham Mateo', 'Todo Contigo by Álvaro De Luna', 'No_se_ve.mp3 by Emilia & LUDMILLA & ZECCA', 'COCO LOCO by Maluma', 'Pacto (feat. Luar La L) by Jay Wheeler', 'VAGABUNDO by Sebastian Yatra & Manuel Turizo & Beéle', 'MERCHO by LiL CaKe & Migrantes', 'Shakira: Bzrp Music Sessions, Vol. 53 by Bizarrap & Shakira', 'Cupido by TINI', 'Antes by Rvfv & Edu García', 'RoCKSTAR 2.0 by Duki', 'BESO by ROSALÍA & Rauw Alejandro', 'Yandel 150 by Yandel', 'El Merengue by Marshmello & Manuel Turizo', 'My Love by De La Ghetto & Quevedo', 'BABY HELLO by Rauw Alejandro & Bizarrap', 'Los Ángeles by Aitana', 'TUYA by ROSALÍA', 'Supernova by Saiko', 'WANDA by Quevedo', 'Coco Chanel by Eladio Carrion', 'Quevedo: Bzrp Music Sessions, Vol. 52 by Bizarrap & Quevedo', 'Ella Baila Sola by Eslabon Armado', 'POLARIS - Remix by Saiko & Feid & Quevedo', 'WHERE SHE GOES by Bad Bunny', 'AMARGURA by KAROL G', 'Peso Pluma: Bzrp Music Sessions, Vol. 55 by Bizarrap & Peso Pluma', 'TQG by KAROL G', 'Rauw Alejandro: Bzrp Music Sessions, Vol. 56 by Bizarrap & Rauw Alejandro', 'LALA by Myke Towers', 'Arena y Sal by Omar Montes & Saiko & Tunvao', 'EL TONTO by Lola Indigo', 'PLAYA DEL INGLÉS by Quevedo', 'Rara Vez by Taiu & Milo j', 'Chulo pt.2 by Bad Gyal & Tokischa & Young Miko', 'LAS BABYS by Aitana', 'PUNTO G by Quevedo', 'La Bachata by Manuel Turizo', 'En To Lao by Haze & Jhayco', 'Mami Chula by Jhayco & Quevedo', 'La Bebe - Remix by Yng Lvcas & Peso Pluma', 'Classy 101 by Feid & Young Miko', 'Los del Espacio by LIT killah', 'Niña Bonita by Feid & Sean Paul'}",1,1,0.02,2024-07
2024-07-02,"{'El Cielo by Sky Rompiendo & Feid & Myke Towers', 'Si La Calle Llama - Remix by Eladio Carrion', 'Arranca (feat. Omega) by Becky G & Omega', 'Acróstico by Shakira', 'Hey Mor by Ozuna', 'Nochentera by Vicco', 'Clavaito by Chanel & Abraham Mateo', 'Copa Vacía by Shakira & Manuel Turizo', 'Niña Bonita by Feid & Sean Paul', 'Todo Contigo by Álvaro De Luna', 'No_se_ve.mp3 by Emilia & LUDMILLA & ZECCA', 'COCO LOCO by Maluma', 'VAGABUNDO by Sebastian Yatra & Manuel Turizo & Beéle', 'MERCHO by LiL CaKe & Migrantes', 'Cupido by TINI', 'Antes by Rvfv & Edu García', 'RoCKSTAR 2.0 by Duki', 'BESO by ROSALÍA & Rauw Alejandro', 'Yandel 150 by Yandel', 'El Merengue by Marshmello & Manuel Turizo', 'BABY HELLO by Rauw Alejandro & Bizarrap', 'Los Ángeles by Aitana', 'vampire by Olivia Rodrigo', 'TUYA by ROSALÍA', 'Supernova by Saiko', 'WANDA by Quevedo', 'Coco Chanel by Eladio Carrion', 'Quevedo: Bzrp Music Sessions, Vol. 52 by Bizarrap & Quevedo', 'Ella Baila Sola by Eslabon Armado', 'POLARIS - Remix by Saiko & Feid & Quevedo', 'VOLVER by Tainy', 'WHERE SHE GOES by Bad Bunny', 'TQG by KAROL G', 'Rauw Alejandro: Bzrp Music Sessions, Vol. 56 by Bizarrap & Rauw Alejandro', 'PASIEMPRE by Tainy', 'LALA by Myke Towers', 'Arena y Sal by Omar Montes & Saiko & Tunvao', 'EL TONTO by Lola Indigo', 'PLAYA DEL INGLÉS by Quevedo', 'Rara Vez by Taiu & Milo j', 'MOJABI GHOST by Tainy', 'Chulo pt.2 by Bad Gyal & Tokischa & Young Miko', 'LAS BABYS by Aitana', 'PUNTO G by Quevedo', 'La Bachata by Manuel Turizo', 'Mami Chula by Jhayco & Quevedo', 'La Bebe - Remix by Yng Lvcas & Peso Pluma', 'Classy 101 by Feid & Young Miko', 'Los del Espacio by LIT killah', 'LA BABY by Tainy'}",6,6,0.12,2024-07
2024-07-03,"{'El Cielo by Sky Rompiendo & Feid & Myke Towers', 'Si La Calle Llama - Remix by Eladio Carrion', 'Arranca (feat. Omega) by Becky G & Omega', 'Acróstico by Shakira', 'Hey Mor by Ozuna', 'Nochentera by Vicco', 'Clavaito by Chanel & Abraham Mateo', 'Copa Vacía by Shakira & Manuel Turizo', 'Niña Bonita by Feid & Sean Paul', 'Todo Contigo by Álvaro De Luna', 'No_se_ve.mp3 by Emilia & LUDMILLA & ZECCA', 'COCO LOCO by Maluma', 'VAGABUNDO by Sebastian Yatra & Manuel Turizo & Beéle', 'MERCHO by LiL CaKe & Migrantes', 'Shakira: Bzrp Music Sessions, Vol. 53 by Bizarrap & Shakira', 'Cupido by TINI', 'Antes by Rvfv & Edu García', 'BESO by ROSALÍA & Rauw Alejandro', 'Yandel 150 by Yandel', 'El Merengue by Marshmello & Manuel Turizo', 'BABY HELLO by Rauw Alejandro & Bizarrap', 'Los Ángeles by Aitana', 'TUYA by ROSALÍA', 'Supernova by Saiko', 'WANDA by Quevedo', 'Coco Chanel by Eladio Carrion', 'Quevedo: Bzrp Music Sessions, Vol. 52 by Bizarrap & Quevedo', 'Ella Baila Sola by Eslabon Armado', 'POLARIS - Remix by Saiko & Feid & Quevedo', 'WHERE SHE GOES by Bad Bunny', 'AMARGURA by KAROL G', 'TQG by KAROL G', 'Rauw Alejandro: Bzrp Music Sessions, Vol. 56 by Bizarrap & Rauw Alejandro', 'PASIEMPRE by Tainy', 'LALA by Myke Towers', 'Arena y Sal by Omar Montes & Saiko & Tunvao', 'EL TONTO by Lola Indigo', 'PLAYA DEL INGLÉS by Quevedo', 'Rara Vez by Taiu & Milo j', 'DESPECHÁ by ROSALÍA', 'MOJABI GHOST by Tainy', 'Chulo pt.2 by Bad Gyal & Tokischa & Young Miko', 'LAS BABYS by Aitana', 'PUNTO G by Quevedo', 'La Bachata by Manuel Turizo', 'Mami Chula by Jhayco & Quevedo', 'La Bebe - Remix by Yng Lvcas & Peso Pluma', 'Classy 101 by Feid & Young Miko', 'Los del Espacio by LIT killah', 'LA BABY by Tainy'}",3,3,0.06,2024-07
2024-07-04,"{'El Cielo by Sky Rompiendo & Feid & Myke Towers', 'Si La Calle Llama - Remix by Eladio Carrion', 'Arranca (feat. Omega) by Becky G & Omega', 'Acróstico by Shakira', 'Hey Mor by Ozuna', 'Nochentera by Vicco', 'Clavaito by Chanel & Abraham Mateo', 'Copa Vacía by Shakira & Manuel Turizo', 'Niña Bonita by Feid & Sean Paul', 'Todo Contigo by Álvaro De Luna', 'No_se_ve.mp3 by Emilia & LUDMILLA & ZECCA', 'COCO LOCO by Maluma', 'VAGABUNDO by Sebastian Yatra & Manuel Turizo & Beéle', 'MERCHO by LiL CaKe & Migrantes', 'Shakira: Bzrp Music Sessions, Vol. 53 by Bizarrap & Shakira', 'Cupido by TINI', 'Antes by Rvfv & Edu García', 'BESO by ROSALÍA & Rauw Alejandro', 'Yandel 150 by Yandel', 'El Merengue by Marshmello & Manuel Turizo', 'BABY HELLO by Rauw Alejandro & Bizarrap', 'Los Ángeles by Aitana', 'TUYA by ROSALÍA', 'Supernova by Saiko', 'WANDA by Quevedo', 'Coco Chanel by Eladio Carrion', 'Quevedo: Bzrp Music Sessions, Vol. 52 by Bizarrap & Quevedo', 'Ella Baila Sola by Eslabon Armado', 'POLARIS - Remix by Saiko & Feid & Quevedo', 'WHERE SHE GOES by Bad Bunny', 'AMARGURA by KAROL G', 'TQG by KAROL G', 'Rauw Alejandro: Bzrp Music Sessions, Vol. 56 by Bizarrap & Rauw Alejandro', 'PASIEMPRE by Tainy', 'LALA by Myke Towers', 'Arena y Sal by Omar Montes & Saiko & Tunvao', 'EL TONTO by Lola Indigo', 'PLAYA DEL INGLÉS by Quevedo', 'Rara Vez by Taiu & Milo j', 'DESPECHÁ by ROSALÍA', 'MOJABI GHOST by Tainy', 'Chulo pt.2 by Bad Gyal & Tokischa & Young Miko', 'LAS BABYS by Aitana', 'PUNTO G by Quevedo', 'La Bachata by Manuel Turizo', 'Mami Chula by Jhayco & Quevedo', 'La Bebe - Remix by Yng Lvcas & Peso Pluma', 'Classy 101 by Feid & Young Miko', 'Los del Espacio by LIT killah', 'LA BABY by Tainy'}",0,0,0.0,2024-07
2024-07-05,"{'El Cielo by Sky Rompiendo & Feid & Myke Towers', 'Si La Calle Llama - Remix by Eladio Carrion', 'Arranca (feat. Omega) by Becky G & Omega', 'Acróstico by Shakira', 'Hey Mor by Ozuna', 'Nochentera by Vicco', 'Clavaito by Chanel & Abraham Mateo', 'Copa Vacía by Shakira & Manuel Turizo', 'Niña Bonita by Feid & Sean Paul', 'Todo Contigo by Álvaro De Luna', 'No_se_ve.mp3 by Emilia & LUDMILLA & ZECCA', 'COCO LOCO by Maluma', 'VAGABUNDO by Sebastian Yatra & Manuel Turizo & Beéle', 'MERCHO by LiL CaKe & Migrantes', 'Shakira: Bzrp Music Sessions, Vol. 53 by Bizarrap & Shakira', 'Cupido by TINI', 'Antes by Rvfv & Edu García', 'BESO by ROSALÍA & Rauw Alejandro', 'Yandel 150 by Yandel', 'El Merengue by Marshmello & Manuel Turizo', 'BABY HELLO by Rauw Alejandro & Bizarrap', 'Los Ángeles by Aitana', 'TUYA by ROSALÍA', 'Supernova by Saiko', 'WANDA by Quevedo', 'Coco Chanel by Eladio Carrion', 'Quevedo: Bzrp Music Sessions, Vol. 52 by Bizarrap & Quevedo', 'Ella Baila Sola by Eslabon Armado', 'POLARIS - Remix by Saiko & Feid & Quevedo', 'WHERE SHE GOES by Bad Bunny', 'AMARGURA by KAROL G', 'TQG by KAROL G', 'Rauw Alejandro: Bzrp Music Sessions, Vol. 56 by Bizarrap & Rauw Alejandro', 'PASIEMPRE by Tainy', 'LALA by Myke Towers', 'Arena y Sal by Omar Montes & Saiko & Tunvao', 'EL TONTO by Lola Indigo', 'PLAYA DEL INGLÉS by Quevedo', 'Rara Vez by Taiu & Milo j', 'CORAZÓN VACÍO by Maria Becerra', 'Chulo pt.2 by Bad Gyal & Tokischa & Young Miko', 'LAS BABYS by Aitana', 'MOJABI GHOST by Tainy', 'PUNTO G by Quevedo', 'La Bachata by Manuel Turizo', 'Mami Chula by Jhayco & Quevedo', 'La Bebe - Remix by Yng Lvcas & Peso Pluma', 'Classy 101 by Feid & Young Miko', 'Los del Espacio by LIT killah', 'LA BABY by Tainy'}",1,1,0.02,2024-07
2024-07-06,"{'El Cielo by Sky Rompiendo & Feid & Myke Towers', 'Si La Calle Llama - Remix by Eladio Carrion', 'Arranca (feat. Omega) by Becky G & Omega', 'Acróstico by Shakira', 'Hey Mor by Ozuna', 'Nochentera by Vicco', 'Clavaito by Chanel & Abraham Mateo', 'Copa Vacía by Shakira & Manuel Turizo', 'Niña Bonita by Feid & Sean Paul', 'Todo Contigo by Álvaro De Luna', 'No_se_ve.mp3 by Emilia & LUDMILLA & ZECCA', 'COCO LOCO by Maluma', 'VAGABUNDO by Sebastian Yatra & Manuel Turizo & Beéle', 'MERCHO by LiL CaKe & Migrantes', 'Shakira: Bzrp Music Sessions, Vol. 53 by Bizarrap & Shakira', 'Cupido by TINI', 'Antes by Rvfv & Edu García', 'BESO by ROSALÍA & Rauw Alejandro', 'Yandel 150 by Yandel', 'El Merengue by Marshmello & Manuel Turizo', 'BABY HELLO by Rauw Alejandro & Bizarrap', 'Los Ángeles by Aitana', 'TUYA by ROSALÍA', 'Supernova by Saiko', 'WANDA by Quevedo', 'Coco Chanel by Eladio Carrion', 'Quevedo: Bzrp Music Sessions, Vol. 52 by Bizarrap & Quevedo', 'Ella Baila Sola by Eslabon Armado', 'POLARIS - Remix by Saiko & Feid & Quevedo', 'WHERE SHE GOES by Bad Bunny', 'AMARGURA by KAROL G', 'TQG by KAROL G', 'Rauw Alejandro: Bzrp Music Sessions, Vol. 56 by Bizarrap & Rauw Alejandro', 'PASIEMPRE by Tainy', 'LALA by Myke Towers', 'Arena y Sal by Omar Montes & Saiko & Tunvao', 'EL TONTO by Lola Indigo', 'PLAYA DEL INGLÉS by Quevedo', 'Rara Vez by Taiu & Milo j', 'CORAZÓN VACÍO by Maria Becerra', 'Chulo pt.2 by Bad Gyal & Tokischa & Young Miko', 'LAS BABYS by Aitana', 'MOJABI GHOST by Tainy', 'PUNTO G by Quevedo', 'La Bachata by Manuel Turizo', 'Mami Chula by Jhayco & Quevedo', 'La Bebe - Remix by Yng Lvcas & Peso Pluma', 'Classy 101 by Feid & Young Miko', 'Los del Espacio by LIT killah', 'LA BABY by Tainy'}",0,0,0.0,2024-07
2024-07-07,"{'El Cielo by Sky Rompiendo & Feid & Myke Towers', 'Si La Calle Llama - Remix by Eladio Carrion', 'Arranca (feat. Omega) by Becky G & Omega', 'Acróstico by Shakira', 'Hey Mor by Ozuna', 'Nochentera by Vicco', 'Clavaito by Chanel & Abraham Mateo', 'Copa Vacía by Shakira & Manuel Turizo', 'Niña Bonita by Feid & Sean Paul', 'Todo Contigo by Álvaro De Luna', 'No_se_ve.mp3 by Emilia & LUDMILLA & ZECCA', 'COCO LOCO by Maluma', 'VAGABUNDO by Sebastian Yatra & Manuel Turizo & Beéle', 'MERCHO by LiL CaKe & Migrantes', 'Shakira: Bzrp Music Sessions, Vol. 53 by Bizarrap & Shakira', 'Cupido by TINI', 'Antes by Rvfv & Edu García', 'BESO by ROSALÍA & Rauw Alejandro', 'Yandel 150 by Yandel', 'El Merengue by Marshmello & Manuel Turizo', 'BABY HELLO by Rauw Alejandro & Bizarrap', 'Los Ángeles by Aitana', 'TUYA by ROSALÍA', 'Supernova by Saiko', 'WANDA by Quevedo', 'Coco Chanel by Eladio Carrion', 'Quevedo: Bzrp Music Sessions, Vol. 52 by Bizarrap & Quevedo', 'Ella Baila Sola by Eslabon Armado', 'POLARIS - Remix by Saiko & Feid & Quevedo', 'WHERE SHE GOES by Bad Bunny', 'AMARGURA by KAROL G', 'TQG by KAROL G', 'Rauw Alejandro: Bzrp Music Sessions, Vol. 56 by Bizarrap & Rauw Alejandro', 'PASIEMPRE by Tainy', 'LALA by Myke Towers', 'Arena y Sal by Omar Montes & Saiko & Tunvao', 'EL TONTO by Lola Indigo', 'PLAYA DEL INGLÉS by Quevedo', 'Rara Vez by Taiu & Milo j', 'CORAZÓN VACÍO by Maria Becerra', 'Chulo pt.2 by Bad Gyal & Tokischa & Young Miko', 'LAS BABYS by Aitana', 'MOJABI GHOST by Tainy', 'PUNTO G by Quevedo', 'La Bachata by Manuel Turizo', 'Mami Chula by Jhayco & Quevedo', 'La Bebe - Remix by Yng Lvcas & Peso Pluma', 'Classy 101 by Feid & Young Miko', 'Los del Espacio by LIT killah', 'LA BABY by Tainy'}",0,0,0.0,2024-07
2024-07-08,"{'El Cielo by Sky Rompiendo & Feid & Myke Towers', 'Si La Calle Llama - Remix by Eladio Carrion', 'Arranca (feat. Omega) by Becky G & Omega', 'Acróstico by Shakira', 'Hey Mor by Ozuna', 'Nochentera by Vicco', 'Clavaito by Chanel & Abraham Mateo', 'Copa Vacía by Shakira & Manuel Turizo', 'Niña Bonita by Feid & Sean Paul', 'Todo Contigo by Álvaro De Luna', 'No_se_ve.mp3 by Emilia & LUDMILLA & ZECCA', 'COCO LOCO by Maluma', 'VAGABUNDO by Sebastian Yatra & Manuel Turizo & Beéle', 'MERCHO by LiL CaKe & Migrantes', 'Shakira: Bzrp Music Sessions, Vol. 53 by Bizarrap & Shakira', 'Cupido by TINI', 'BESO by ROSALÍA & Rauw Alejandro', 'Yandel 150 by Yandel', 'El Merengue by Marshmello & Manuel Turizo', 'BABY HELLO by Rauw Alejandro & Bizarrap', 'Los Ángeles by Aitana', 'TUYA by ROSALÍA', 'Supernova by Saiko', 'WANDA by Quevedo', 'Coco Chanel by Eladio Carrion', 'Quevedo: Bzrp Music Sessions, Vol. 52 by Bizarrap & Quevedo', 'Ella Baila Sola by Eslabon Armado', 'Columbia by Quevedo', 'POLARIS - Remix by Saiko & Feid & Quevedo', 'WHERE SHE GOES by Bad Bunny', 'AMARGURA by KAROL G', 'TQG by KAROL G', 'Rauw Alejandro: Bzrp Music Sessions, Vol. 56 by Bizarrap & Rauw Alejandro', 'PASIEMPRE by Tainy', 'LALA by Myke Towers', 'Arena y Sal by Omar Montes & Saiko & Tunvao', 'EL TONTO by Lola Indigo', 'PLAYA DEL INGLÉS by Quevedo', 'Rara Vez by Taiu & Milo j', 'CORAZÓN VACÍO by Maria Becerra', 'Chulo pt.2 by Bad Gyal & Tokischa & Young Miko', 'LAS BABYS by Aitana', 'MOJABI GHOST by Tainy', 'PUNTO G by Quevedo', 'La Bachata by Manuel Turizo', 'Mami Chula by Jhayco & Quevedo', 'La Bebe - Remix by Yng Lvcas & Peso Pluma', 'Classy 101 by Feid & Young Miko', 'Los del Espacio by LIT killah', 'LA BABY by Tainy'}",1,1,0.02,2024-07
2024-07-09,"{'El Cielo by Sky Rompiendo & Feid & Myke Towers', 'Si La Calle Llama - Remix by Eladio Carrion', 'Arranca (feat. Omega) by Becky G & Omega', 'Acróstico by Shakira', 'Hey Mor by Ozuna', 'Nochentera by Vicco', 'Clavaito by Chanel & Abraham Mateo', 'Copa Vacía by Shakira & Manuel Turizo', 'Niña Bonita by Feid & Sean Paul', 'Todo Contigo by Álvaro De Luna', 'No_se_ve.mp3 by Emilia & LUDMILLA & ZECCA', 'COCO LOCO by Maluma', 'VAGABUNDO by Sebastian Yatra & Manuel Turizo & Beéle', 'MERCHO by LiL CaKe & Migrantes', 'Shakira: Bzrp Music Sessions, Vol. 53 by Bizarrap & Shakira', 'Cupido by TINI', 'BESO by ROSALÍA & Rauw Alejandro', 'Yandel 150 by Yandel', 'El Merengue by Marshmello & Manuel Turizo', 'Los Ángeles by Aitana', 'TUYA by ROSALÍA', 'Supernova by Saiko', 'WANDA by Quevedo', 'Mi Lova by Bad Gyal & Myke Towers', 'Coco Chanel by Eladio Carrion', 'Quevedo: Bzrp Music Sessions, Vol. 52 by Bizarrap & Quevedo', 'Ella Baila Sola by Eslabon Armado', 'Columbia by Quevedo', 'POLARIS - Remix by Saiko & Feid & Quevedo', 'WHERE SHE GOES by Bad Bunny', 'TQG by KAROL G', 'Rauw Alejandro: Bzrp Music Sessions, Vol. 56 by Bizarrap & Rauw Alejandro', 'PASIEMPRE by Tainy', 'LALA by Myke Towers', 'Arena y Sal by Omar Montes & Saiko & Tunvao', 'EL TONTO by Lola Indigo', 'PLAYA DEL INGLÉS by Quevedo', 'Rara Vez by Taiu & Milo j', 'CORAZÓN VACÍO by Maria Becerra', 'LAS BABYS by Aitana', 'MOJABI GHOST by Tainy', 'PUNTO G by Quevedo', 'La Bachata by Manuel Turizo', 'SI TE PEGAS by Rauw Alejandro', 'Mami Chula by Jhayco & Quevedo', 'BABY HELLO by Rauw Alejandro', 'La Bebe - Remix by Yng Lvcas & Peso Pluma', 'Classy 101 by Feid & Young Miko', 'Los del Espacio by LIT killah', 'LA BABY by Tainy'}",3,3,0.06,2024-07
2024-07-10,"{'El Cielo by Sky Rompiendo & Feid & Myke Towers', 'Si La Calle Llama - Remix by Eladio Carrion', 'Arranca (feat. Omega) by Becky G & Omega', 'Hey Mor by Ozuna', 'Nochentera by Vicco', 'Clavaito by Chanel & Abraham Mateo', 'Copa Vacía by Shakira & Manuel Turizo', 'Niña Bonita by Feid & Sean Paul', 'Todo Contigo by Álvaro De Luna', 'No_se_ve.mp3 by Emilia & LUDMILLA & ZECCA', 'COCO LOCO by Maluma', 'VAGABUNDO by Sebastian Yatra & Manuel Turizo & Beéle', 'MERCHO by LiL CaKe & Migrantes', 'Shakira: Bzrp Music Sessions, Vol. 53 by Bizarrap & Shakira', 'Cupido by TINI', 'BESO by ROSALÍA & Rauw Alejandro', 'Yandel 150 by Yandel', 'El Merengue by Marshmello & Manuel Turizo', 'Los Ángeles by Aitana', 'TUYA by ROSALÍA', 'Supernova by Saiko', 'WANDA by Quevedo', 'Mi Lova by Bad Gyal & Myke Towers', 'Coco Chanel by Eladio Carrion', 'Quevedo: Bzrp Music Sessions, Vol. 52 by Bizarrap & Quevedo', 'Ella Baila Sola by Eslabon Armado', 'Columbia by Quevedo', 'POLARIS - Remix by Saiko & Feid & Quevedo', 'WHERE SHE GOES by Bad Bunny', 'TQG by KAROL G', 'Rauw Alejandro: Bzrp Music Sessions, Vol. 56 by Bizarrap & Rauw Alejandro', 'PASIEMPRE by Tainy', 'LALA by Myke Towers', 'Arena y Sal by Omar Montes & Saiko & Tunvao', 'EL TONTO by Lola Indigo', 'PLAYA DEL INGLÉS by Quevedo', 'Rara Vez by Taiu & Milo j', 'DESPECHÁ by ROSALÍA', 'CORAZÓN VACÍO by Maria Becerra', 'LAS BABYS by Aitana', 'MOJABI GHOST by Tainy', 'PUNTO G by Quevedo', 'La Bachata by Manuel Turizo', 'SI TE PEGAS by Rauw Alejandro', 'Mami Chula by Jhayco & Quevedo', 'BABY HELLO by Rauw Alejandro', 'La Bebe - Remix by Yng Lvcas & Peso Pluma', 'Classy 101 by Feid & Young Miko', 'Los del Espacio by LIT killah', 'LA BABY by Tainy'}",1,1,0.02,2024-07
2024-07-11,"{'El Cielo by Sky Rompiendo & Feid & Myke Towers', 'Si La Calle Llama - Remix by Eladio Carrion', 'Arranca (feat. Omega) by Becky G & Omega', 'Hey Mor by Ozuna', 'Nochentera by Vicco', 'Clavaito by Chanel & Abraham Mateo', 'Copa Vacía by Shakira & Manuel Turizo', 'Niña Bonita by Feid & Sean Paul', 'Todo Contigo by Álvaro De Luna', 'No_se_ve.mp3 by Emilia & LUDMILLA & ZECCA', 'COCO LOCO by Maluma', 'VAGABUNDO by Sebastian Yatra & Manuel Turizo & Beéle', 'MERCHO by LiL CaKe & Migrantes', 'Shakira: Bzrp Music Sessions, Vol. 53 by Bizarrap & Shakira', 'Cupido by TINI', 'BESO by ROSALÍA & Rauw Alejandro', 'Yandel 150 by Yandel', 'El Merengue by Marshmello & Manuel Turizo', 'Los Ángeles by Aitana', 'TUYA by ROSALÍA', 'Supernova by Saiko', 'WANDA by Quevedo', 'Mi Lova by Bad Gyal & Myke Towers', 'Coco Chanel by Eladio Carrion', 'Quevedo: Bzrp Music Sessions, Vol. 52 by Bizarrap & Quevedo', 'Ella Baila Sola by Eslabon Armado', 'Columbia by Quevedo', 'POLARIS - Remix by Saiko & Feid & Quevedo', 'WHERE SHE GOES by Bad Bunny', 'TQG by KAROL G', 'Rauw Alejandro: Bzrp Music Sessions, Vol. 56 by Bizarrap & Rauw Alejandro', 'PASIEMPRE by Tainy', 'LALA by Myke Towers', 'Arena y Sal by Omar Montes & Saiko & Tunvao', 'EL TONTO by Lola Indigo', 'PLAYA DEL INGLÉS by Quevedo', 'Rara Vez by Taiu & Milo j', 'DESPECHÁ by ROSALÍA', 'CORAZÓN VACÍO by Maria Becerra', 'LAS BABYS by Aitana', 'MOJABI GHOST by Tainy', 'PUNTO G by Quevedo', 'La Bachata by Manuel Turizo', 'SI TE PEGAS by Rauw Alejandro', 'Mami Chula by Jhayco & Quevedo', 'BABY HELLO by Rauw Alejandro', 'La Bebe - Remix by Yng Lvcas & Peso Pluma', 'Classy 101 by Feid & Young Miko', 'Los del Espacio by LIT killah', 'LA BABY by Tainy'}",0,0,0.0,2024-07
2024-07-12,"{'El Cielo by Sky Rompiendo & Feid & Myke Towers', 'Si La Calle Llama - Remix by Eladio Carrion', 'Arranca (feat. Omega) by Becky G & Omega', 'Hey Mor by Ozuna', 'Nochentera by Vicco', 'Clavaito by Chanel & Abraham Mateo', 'Copa Vacía by Shakira & Manuel Turizo', 'Niña Bonita by Feid & Sean Paul', 'Todo Contigo by Álvaro De Luna', 'No_se_ve.mp3 by Emilia & LUDMILLA & ZECCA', 'COCO LOCO by Maluma', 'VAGABUNDO by Sebastian Yatra & Manuel Turizo & Beéle', 'MERCHO by LiL CaKe & Migrantes', 'Shakira: Bzrp Music Sessions, Vol. 53 by Bizarrap & Shakira', 'Cupido by TINI', 'BESO by ROSALÍA & Rauw Alejandro', 'Yandel 150 by Yandel', 'El Merengue by Marshmello & Manuel Turizo', 'Los Ángeles by Aitana', 'TUYA by ROSALÍA', 'Supernova by Saiko', 'WANDA by Quevedo', 'Mi Lova by Bad Gyal & Myke Towers', 'Coco Chanel by Eladio Carrion', 'Quevedo: Bzrp Music Sessions, Vol. 52 by Bizarrap & Quevedo', 'Ella Baila Sola by Eslabon Armado', 'Columbia by Quevedo', 'POLARIS - Remix by Saiko & Feid & Quevedo', 'WHERE SHE GOES by Bad Bunny', 'TQG by KAROL G', 'Rauw Alejandro: Bzrp Music Sessions, Vol. 56 by Bizarrap & Rauw Alejandro', 'PASIEMPRE by Tainy', 'LALA by Myke Towers', 'Arena y Sal by Omar Montes & Saiko & Tunvao', 'EL TONTO by Lola Indigo', 'PLAYA DEL INGLÉS by Quevedo', 'Rara Vez by Taiu & Milo j', 'DESPECHÁ by ROSALÍA', 'CORAZÓN VACÍO by Maria Becerra', 'LAS BABYS by Aitana', 'MOJABI GHOST by Tainy', 'PUNTO G by Quevedo', 'La Bachata by Manuel Turizo', 'SI TE PEGAS by Rauw Alejandro', 'Mami Chula by Jhayco & Quevedo', 'BABY HELLO by Rauw Alejandro', 'La Bebe - Remix by Yng Lvcas & Peso Pluma', 'Classy 101 by Feid & Young Miko', 'Los del Espacio by LIT killah', 'LA BABY by Tainy'}",0,0,0.0,2024-07
2024-07-13,"{'El Cielo by Sky Rompiendo & Feid & Myke Towers', 'Si La Calle Llama - Remix by Eladio Carrion', 'Arranca (feat. Omega) by Becky G & Omega', 'Hey Mor by Ozuna', 'Nochentera by Vicco', 'Clavaito by Chanel & Abraham Mateo', 'Copa Vacía by Shakira & Manuel Turizo', 'Todo Contigo by Álvaro De Luna', 'No_se_ve.mp3 by Emilia & LUDMILLA & ZECCA', 'COCO LOCO by Maluma', 'VAGABUNDO by Sebastian Yatra & Manuel Turizo & Beéle', 'LA INOCENTE by Mora', 'MERCHO by LiL CaKe & Migrantes', 'Shakira: Bzrp Music Sessions, Vol. 53 by Bizarrap & Shakira', 'Cupido by TINI', 'Antes by Rvfv & Edu García', 'BESO by ROSALÍA & Rauw Alejandro', 'Yandel 150 by Yandel', 'El Merengue by Marshmello & Manuel Turizo', 'Los Ángeles by Aitana', 'TUYA by ROSALÍA', 'Supernova by Saiko', 'WANDA by Quevedo', 'Mi Lova by Bad Gyal & Myke Towers', 'Coco Chanel by Eladio Carrion', 'Quevedo: Bzrp Music Sessions, Vol. 52 by Bizarrap & Quevedo', 'Ella Baila Sola by Eslabon Armado', 'Columbia by Quevedo', 'POLARIS - Remix by Saiko & Feid & Quevedo', 'WHERE SHE GOES by Bad Bunny', 'TQG by KAROL G', 'Rauw Alejandro: Bzrp Music Sessions, Vol. 56 by Bizarrap & Rauw Alejandro', 'PASIEMPRE by Tainy', 'LALA by Myke Towers', 'Arena y Sal by Omar Montes & Saiko & Tunvao', 'EL TONTO by Lola Indigo', 'PLAYA DEL INGLÉS by Quevedo', 'Rara Vez by Taiu & Milo j', 'DESPECHÁ by ROSALÍA', 'CORAZÓN VACÍO by Maria Becerra', 'LAS BABYS by Aitana', 'MOJABI GHOST by Tainy', 'PUNTO G by Quevedo', 'La Bachata by Manuel Turizo', 'Mami Chula by Jhayco & Quevedo', 'BABY HELLO by Rauw Alejandro', 'La Bebe - Remix by Yng Lvcas & Peso Pluma', 'Classy 101 by Feid & Young Miko', 'Los del Espacio by LIT killah', 'Niña Bonita by Feid & Sean Paul'}",2,2,0.04,2024-07
2024-07-14,"{'El Cielo by Sky Rompiendo & Feid & Myke Towers', 'Si La Calle Llama - Remix by Eladio Carrion', 'Arranca (feat. Omega) by Becky G & Omega', 'Hey Mor by Ozuna', 'Nochentera by Vicco', 'Clavaito by Chanel & Abraham Mateo', 'Copa Vacía by Shakira & Manuel Turizo', 'Todo Contigo by Álvaro De Luna', 'No_se_ve.mp3 by Emilia & LUDMILLA & ZECCA', 'COCO LOCO by Maluma', 'VAGABUNDO by Sebastian Yatra & Manuel Turizo & Beéle', 'LA INOCENTE by Mora', 'MERCHO by LiL CaKe & Migrantes', 'Shakira: Bzrp Music Sessions, Vol. 53 by Bizarrap & Shakira', 'Cupido by TINI', 'Antes by Rvfv & Edu García', 'BESO by ROSALÍA & Rauw Alejandro', 'Yandel 150 by Yandel', 'El Merengue by Marshmello & Manuel Turizo', 'Los Ángeles by Aitana', 'TUYA by ROSALÍA', 'Supernova by Saiko', 'WANDA by Quevedo', 'Mi Lova by Bad Gyal & Myke Towers', 'Coco Chanel by Eladio Carrion', 'Quevedo: Bzrp Music Sessions, Vol. 52 by Bizarrap & Quevedo', 'Ella Baila Sola by Eslabon Armado', 'Columbia by Quevedo', 'POLARIS - Remix by Saiko & Feid & Quevedo', 'WHERE SHE GOES by Bad Bunny', 'TQG by KAROL G', 'Rauw Alejandro: Bzrp Music Sessions, Vol. 56 by Bizarrap & Rauw Alejandro', 'PASIEMPRE by Tainy', 'LALA by Myke Towers', 'Arena y Sal by Omar Montes & Saiko & Tunvao', 'EL TONTO by Lola Indigo', 'PLAYA DEL INGLÉS by Quevedo', 'Rara Vez by Taiu & Milo j', 'DESPECHÁ by ROSALÍA', 'CORAZÓN VACÍO by Maria Becerra', 'LAS BABYS by Aitana', 'MOJABI GHOST by Tainy', 'PUNTO G by Quevedo', 'La Bachata by Manuel Turizo', 'Mami Chula by Jhayco & Quevedo', 'BABY HELLO by Rauw Alejandro', 'La Bebe - Remix by Yng Lvcas & Peso Pluma', 'Classy 101 by Feid & Young Miko', 'Los del Espacio by LIT killah', 'Niña Bonita by Feid & Sean Paul'}",0,0,0.0,2024-07
2024-07-15,"{'El Cielo by Sky Rompiendo & Feid & Myke Towers', 'Si La Calle Llama - Remix by Eladio Carrion', 'Arranca (feat. Omega) by Becky G & Omega', 'Hey Mor by Ozuna', 'Nochentera by Vicco', 'Clavaito by Chanel & Abraham Mateo', 'Copa Vacía by Shakira & Manuel Turizo', 'Todo Contigo by Álvaro De Luna', 'No_se_ve.mp3 by Emilia & LUDMILLA & ZECCA', 'COCO LOCO by Maluma', 'VAGABUNDO by Sebastian Yatra & Manuel Turizo & Beéle', 'LA INOCENTE by Mora', 'MERCHO by LiL CaKe & Migrantes', 'Shakira: Bzrp Music Sessions, Vol. 53 by Bizarrap & Shakira', 'Cupido by TINI', 'Antes by Rvfv & Edu García', 'BESO by ROSALÍA & Rauw Alejandro', 'Yandel 150 by Yandel', 'El Merengue by Marshmello & Manuel Turizo', 'Los Ángeles by Aitana', 'TUYA by ROSALÍA', 'Supernova by Saiko', 'WANDA by Quevedo', 'Mi Lova by Bad Gyal & Myke Towers', 'Coco Chanel by Eladio Carrion', 'Quevedo: Bzrp Music Sessions, Vol. 52 by Bizarrap & Quevedo', 'Ella Baila Sola by Eslabon Armado', 'Columbia by Quevedo', 'POLARIS - Remix by Saiko & Feid & Quevedo', 'WHERE SHE GOES by Bad Bunny', 'TQG by KAROL G', 'Rauw Alejandro: Bzrp Music Sessions, Vol. 56 by Bizarrap & Rauw Alejandro', 'PASIEMPRE by Tainy', 'LALA by Myke Towers', 'Arena y Sal by Omar Montes & Saiko & Tunvao', 'EL TONTO by Lola Indigo', 'PLAYA DEL INGLÉS by Quevedo', 'Rara Vez by Taiu & Milo j', 'DESPECHÁ by ROSALÍA', 'CORAZÓN VACÍO by Maria Becerra', 'LAS BABYS by Aitana', 'MOJABI GHOST by Tainy', 'PUNTO G by Quevedo', 'La Bachata by Manuel Turizo', 'Mami Chula by Jhayco & Quevedo', 'BABY HELLO by Rauw Alejandro', 'La Bebe - Remix by Yng Lvcas & Peso Pluma', 'Classy 101 by Feid & Young Miko', 'Los del Espacio by LIT killah', 'Niña Bonita by Feid & Sean Paul'}",0,0,0.0,2024-07
2024-07-16,"{'El Cielo by Sky Rompiendo & Feid & Myke Towers', 'Si La Calle Llama - Remix by Eladio Carrion', 'Arranca (feat. Omega) by Becky G & Omega', 'Hey Mor by Ozuna', 'Nochentera by Vicco', 'Clavaito by Chanel & Abraham Mateo', 'Copa Vacía by Shakira & Manuel Turizo', 'Todo Contigo by Álvaro De Luna', 'No_se_ve.mp3 by Emilia & LUDMILLA & ZECCA', 'COCO LOCO by Maluma', 'VAGABUNDO by Sebastian Yatra & Manuel Turizo & Beéle', 'MERCHO by LiL CaKe & Migrantes', 'Shakira: Bzrp Music Sessions, Vol. 53 by Bizarrap & Shakira', 'Cupido by TINI', 'Antes by Rvfv & Edu García', 'BESO by ROSALÍA & Rauw Alejandro', 'Yandel 150 by Yandel', 'El Merengue by Marshmello & Manuel Turizo', 'S91 by KAROL G', 'Los Ángeles by Aitana', 'TUYA by ROSALÍA', 'Supernova by Saiko', 'WANDA by Quevedo', 'Mi Lova by Bad Gyal & Myke Towers', 'Coco Chanel by Eladio Carrion', 'Quevedo: Bzrp Music Sessions, Vol. 52 by Bizarrap & Quevedo', 'Ella Baila Sola by Eslabon Armado', 'Columbia by Quevedo', 'POLARIS - Remix by Saiko & Feid & Quevedo', 'WHERE SHE GOES by Bad Bunny', 'TQG by KAROL G', 'Rauw Alejandro: Bzrp Music Sessions, Vol. 56 by Bizarrap & Rauw Alejandro', 'PASIEMPRE by Tainy', 'LALA by Myke Towers', 'Arena y Sal by Omar Montes & Saiko & Tunvao', 'EL TONTO by Lola Indigo', 'PLAYA DEL INGLÉS by Quevedo', 'Rara Vez by Taiu & Milo j', 'DESPECHÁ by ROSALÍA', 'CORAZÓN VACÍO by Maria Becerra', 'LAS BABYS by Aitana', 'MOJABI GHOST by Tainy', 'PUNTO G by Quevedo', 'La Bachata by Manuel Turizo', 'Mami Chula by Jhayco & Quevedo', 'BABY HELLO by Rauw Alejandro', 'La Bebe - Remix by Yng Lvcas & Peso Pluma', 'Classy 101 by Feid & Young Miko', 'Los del Espacio by LIT killah', 'Niña Bonita by Feid & Sean Paul'}",1,1,0.02,2024-07
2024-07-17,"{'El Cielo by Sky Rompiendo & Feid & Myke Towers', 'Si La Calle Llama - Remix by Eladio Carrion', 'Arranca (feat. Omega) by Becky G & Omega', 'Hey Mor by Ozuna', 'Nochentera by Vicco', 'Clavaito by Chanel & Abraham Mateo', 'Copa Vacía by Shakira & Manuel Turizo', 'Todo Contigo by Álvaro De Luna', 'No_se_ve.mp3 by Emilia & LUDMILLA & ZECCA', 'COCO LOCO by Maluma', 'VAGABUNDO by Sebastian Yatra & Manuel Turizo & Beéle', 'MERCHO by LiL CaKe & Migrantes', 'Shakira: Bzrp Music Sessions, Vol. 53 by Bizarrap & Shakira', 'Cupido by TINI', 'Antes by Rvfv & Edu García', 'BESO by ROSALÍA & Rauw Alejandro', 'Yandel 150 by Yandel', 'El Merengue by Marshmello & Manuel Turizo', 'S91 by KAROL G', 'Los Ángeles by Aitana', 'TUYA by ROSALÍA', 'Supernova by Saiko', 'WANDA by Quevedo', 'Mi Lova by Bad Gyal & Myke Towers', 'Coco Chanel by Eladio Carrion', 'Quevedo: Bzrp Music Sessions, Vol. 52 by Bizarrap & Quevedo', 'Ella Baila Sola by Eslabon Armado', 'Columbia by Quevedo', 'POLARIS - Remix by Saiko & Feid & Quevedo', 'WHERE SHE GOES by Bad Bunny', 'TQG by KAROL G', 'Rauw Alejandro: Bzrp Music Sessions, Vol. 56 by Bizarrap & Rauw Alejandro', 'PASIEMPRE by Tainy', 'LALA by Myke Towers', 'Arena y Sal by Omar Montes & Saiko & Tunvao', 'EL TONTO by Lola Indigo', 'PLAYA DEL INGLÉS by Quevedo', 'Rara Vez by Taiu & Milo j', 'DESPECHÁ by ROSALÍA', 'CORAZÓN VACÍO by Maria Becerra', 'LAS BABYS by Aitana', 'MOJABI GHOST by Tainy', 'PUNTO G by Quevedo', 'La Bachata by Manuel Turizo', 'Mami Chula by Jhayco & Quevedo', 'BABY HELLO by Rauw Alejandro', 'La Bebe - Remix by Yng Lvcas & Peso Pluma', 'Classy 101 by Feid & Young Miko', 'Los del Espacio by LIT killah', 'Niña Bonita by Feid & Sean Paul'}",0,0,0.0,2024-07
2024-07-18,"{'El Cielo by Sky Rompiendo & Feid & Myke Towers', 'Si La Calle Llama - Remix by Eladio Carrion', 'Arranca (feat. Omega) by Becky G & Omega', 'Hey Mor by Ozuna', 'Nochentera by Vicco', 'Clavaito by Chanel & Abraham Mateo', 'Copa Vacía by Shakira & Manuel Turizo', 'Todo Contigo by Álvaro De Luna', 'No_se_ve.mp3 by Emilia & LUDMILLA & ZECCA', 'COCO LOCO by Maluma', 'VAGABUNDO by Sebastian Yatra & Manuel Turizo & Beéle', 'MERCHO by LiL CaKe & Migrantes', 'Shakira: Bzrp Music Sessions, Vol. 53 by Bizarrap & Shakira', 'Cupido by TINI', 'Antes by Rvfv & Edu García', 'BESO by ROSALÍA & Rauw Alejandro', 'Yandel 150 by Yandel', 'El Merengue by Marshmello & Manuel Turizo', 'S91 by KAROL G', 'Los Ángeles by Aitana', 'TUYA by ROSALÍA', 'Supernova by Saiko', 'WANDA by Quevedo', 'Mi Lova by Bad Gyal & Myke Towers', 'Coco Chanel by Eladio Carrion', 'Quevedo: Bzrp Music Sessions, Vol. 52 by Bizarrap & Quevedo', 'Ella Baila Sola by Eslabon Armado', 'Columbia by Quevedo', 'POLARIS - Remix by Saiko & Feid & Quevedo', 'WHERE SHE GOES by Bad Bunny', 'TQG by KAROL G', 'Rauw Alejandro: Bzrp Music Sessions, Vol. 56 by Bizarrap & Rauw Alejandro', 'PASIEMPRE by Tainy', 'LALA by Myke Towers', 'Arena y Sal by Omar Montes & Saiko & Tunvao', 'EL TONTO by Lola Indigo', 'PLAYA DEL INGLÉS by Quevedo', 'Rara Vez by Taiu & Milo j', 'DESPECHÁ by ROSALÍA', 'CORAZÓN VACÍO by Maria Becerra', 'LAS BABYS by Aitana', 'MOJABI GHOST by Tainy', 'PUNTO G by Quevedo', 'La Bachata by Manuel Turizo', 'Mami Chula by Jhayco & Quevedo', 'BABY HELLO by Rauw Alejandro', 'La Bebe - Remix by Yng Lvcas & Peso Pluma', 'Classy 101 by Feid & Young Miko', 'Los del Espacio by LIT killah', 'Niña Bonita by Feid & Sean Paul'}",0,0,0.0,2024-07
2024-07-19,"{'El Cielo by Sky Rompiendo & Feid & Myke Towers', 'Si La Calle Llama - Remix by Eladio Carrion', 'Arranca (feat. Omega) by Becky G & Omega', 'Hey Mor by Ozuna', 'Nochentera by Vicco', 'Clavaito by Chanel & Abraham Mateo', 'Copa Vacía by Shakira & Manuel Turizo', 'Todo Contigo by Álvaro De Luna', 'No_se_ve.mp3 by Emilia & LUDMILLA & ZECCA', 'COCO LOCO by Maluma', 'VAGABUNDO by Sebastian Yatra & Manuel Turizo & Beéle', 'LA INOCENTE by Mora', 'MERCHO by LiL CaKe & Migrantes', 'Cupido by TINI', 'Antes by Rvfv & Edu García', 'BESO by ROSALÍA & Rauw Alejandro', 'Yandel 150 by Yandel', 'El Merengue by Marshmello & Manuel Turizo', 'S91 by KAROL G', 'Los Ángeles by Aitana', 'WANDA by Quevedo', 'Supernova by Saiko', 'Mi Lova by Bad Gyal & Myke Towers', 'Remember Me by Duki', 'Coco Chanel by Eladio Carrion', 'Quevedo: Bzrp Music Sessions, Vol. 52 by Bizarrap & Quevedo', 'Ella Baila Sola by Eslabon Armado', 'Columbia by Quevedo', 'POLARIS - Remix by Saiko & Feid & Quevedo', 'WHERE SHE GOES by Bad Bunny', 'TQG by KAROL G', 'Rauw Alejandro: Bzrp Music Sessions, Vol. 56 by Bizarrap & Rauw Alejandro', 'PASIEMPRE by Tainy', 'LALA by Myke Towers', 'Arena y Sal by Omar Montes & Saiko & Tunvao', 'EL TONTO by Lola Indigo', 'PLAYA DEL INGLÉS by Quevedo', 'Rara Vez by Taiu & Milo j', 'DESPECHÁ by ROSALÍA', 'CORAZÓN VACÍO by Maria Becerra', 'LAS BABYS by Aitana', 'MOJABI GHOST by Tainy', 'PUNTO G by Quevedo', 'La Bachata by Manuel Turizo', 'Mami Chula by Jhayco & Quevedo', 'BABY HELLO by Rauw Alejandro', 'La Bebe - Remix by Yng Lvcas & Peso Pluma', 'Classy 101 by Feid & Young Miko', 'Los del Espacio by LIT killah', 'Niña Bonita by Feid & Sean Paul'}",2,2,0.04,2024-07
2024-07-20,"{'El Cielo by Sky Rompiendo & Feid & Myke Towers', 'Si La Calle Llama - Remix by Eladio Carrion', 'Arranca (feat. Omega) by Becky G & Omega', 'Hey Mor by Ozuna', 'Nochentera by Vicco', 'Clavaito by Chanel & Abraham Mateo', 'Copa Vacía by Shakira & Manuel Turizo', 'Todo Contigo by Álvaro De Luna', 'No_se_ve.mp3 by Emilia & LUDMILLA & ZECCA', 'COCO LOCO by Maluma', 'VAGABUNDO by Sebastian Yatra & Manuel Turizo & Beéle', 'LA INOCENTE by Mora', 'MERCHO by LiL CaKe & Migrantes', 'Cupido by TINI', 'Antes by Rvfv & Edu García', 'BESO by ROSALÍA & Rauw Alejandro', 'Yandel 150 by Yandel', 'El Merengue by Marshmello & Manuel Turizo', 'S91 by KAROL G', 'Los Ángeles by Aitana', 'WANDA by Quevedo', 'Supernova by Saiko', 'Mi Lova by Bad Gyal & Myke Towers', 'Remember Me by Duki', 'Coco Chanel by Eladio Carrion', 'Quevedo: Bzrp Music Sessions, Vol. 52 by Bizarrap & Quevedo', 'Ella Baila Sola by Eslabon Armado', 'Columbia by Quevedo', 'POLARIS - Remix by Saiko & Feid & Quevedo', 'WHERE SHE GOES by Bad Bunny', 'TQG by KAROL G', 'Rauw Alejandro: Bzrp Music Sessions, Vol. 56 by Bizarrap & Rauw Alejandro', 'PASIEMPRE by Tainy', 'LALA by Myke Towers', 'Arena y Sal by Omar Montes & Saiko & Tunvao', 'EL TONTO by Lola Indigo', 'PLAYA DEL INGLÉS by Quevedo', 'Rara Vez by Taiu & Milo j', 'DESPECHÁ by ROSALÍA', 'CORAZÓN VACÍO by Maria Becerra', 'LAS BABYS by Aitana', 'MOJABI GHOST by Tainy', 'PUNTO G by Quevedo', 'La Bachata by Manuel Turizo', 'Mami Chula by Jhayco & Quevedo', 'BABY HELLO by Rauw Alejandro', 'La Bebe - Remix by Yng Lvcas & Peso Pluma', 'Classy 101 by Feid & Young Miko', 'Los del Espacio by LIT killah', 'Niña Bonita by Feid & Sean Paul'}",0,0,0.0,2024-07
2024-07-21,"{'El Cielo by Sky Rompiendo & Feid & Myke Towers', 'Si La Calle Llama - Remix by Eladio Carrion', 'Arranca (feat. Omega) by Becky G & Omega', 'Hey Mor by Ozuna', 'Nochentera by Vicco', 'Clavaito by Chanel & Abraham Mateo', 'Copa Vacía by Shakira & Manuel Turizo', 'Todo Contigo by Álvaro De Luna', 'No_se_ve.mp3 by Emilia & LUDMILLA & ZECCA', 'COCO LOCO by Maluma', 'VAGABUNDO by Sebastian Yatra & Manuel Turizo & Beéle', 'LA INOCENTE by Mora', 'MERCHO by LiL CaKe & Migrantes', 'Cupido by TINI', 'Antes by Rvfv & Edu García', 'Se Grita by Morad', 'BESO by ROSALÍA & Rauw Alejandro', 'Yandel 150 by Yandel', 'El Merengue by Marshmello & Manuel Turizo', 'S91 by KAROL G', 'Los Ángeles by Aitana', 'WANDA by Quevedo', 'Supernova by Saiko', 'Mi Lova by Bad Gyal & Myke Towers', 'Remember Me by Duki', 'Coco Chanel by Eladio Carrion', 'Quevedo: Bzrp Music Sessions, Vol. 52 by Bizarrap & Quevedo', 'Ella Baila Sola by Eslabon Armado', 'Columbia by Quevedo', 'POLARIS - Remix by Saiko & Feid & Quevedo', 'WHERE SHE GOES by Bad Bunny', 'TQG by KAROL G', 'Rauw Alejandro: Bzrp Music Sessions, Vol. 56 by Bizarrap & Rauw Alejandro', 'LALA by Myke Towers', 'Arena y Sal by Omar Montes & Saiko & Tunvao', 'EL TONTO by Lola Indigo', 'PLAYA DEL INGLÉS by Quevedo', 'Rara Vez by Taiu & Milo j', 'DESPECHÁ by ROSALÍA', 'CORAZÓN VACÍO by Maria Becerra', 'LAS BABYS by Aitana', 'MOJABI GHOST by Tainy', 'PUNTO G by Quevedo', 'La Bachata by Manuel Turizo', 'Mami Chula by Jhayco & Quevedo', 'BABY HELLO by Rauw Alejandro', 'La Bebe - Remix by Yng Lvcas & Peso Pluma', 'Classy 101 by Feid & Young Miko', 'Los del Espacio by LIT killah', 'Niña Bonita by Feid & Sean Paul'}",1,1,0.02,2024-07
2024-07-22,"{'El Cielo by Sky Rompiendo & Feid & Myke Towers', 'Si La Calle Llama - Remix by Eladio Carrion', 'Arranca (feat. Omega) by Becky G & Omega', 'Hey Mor by Ozuna', 'Nochentera by Vicco', 'Clavaito by Chanel & Abraham Mateo', 'Copa Vacía by Shakira & Manuel Turizo', 'Todo Contigo by Álvaro De Luna', 'No_se_ve.mp3 by Emilia & LUDMILLA & ZECCA', 'COCO LOCO by Maluma', 'VAGABUNDO by Sebastian Yatra & Manuel Turizo & Beéle', 'LA INOCENTE by Mora', 'MERCHO by LiL CaKe & Migrantes', 'Cupido by TINI', 'Antes by Rvfv & Edu García', 'Se Grita by Morad', 'BESO by ROSALÍA & Rauw Alejandro', 'Yandel 150 by Yandel', 'El Merengue by Marshmello & Manuel Turizo', 'S91 by KAROL G', 'Los Ángeles by Aitana', 'WANDA by Quevedo', 'Supernova by Saiko', 'Mi Lova by Bad Gyal & Myke Towers', 'Remember Me by Duki', 'Coco Chanel by Eladio Carrion', 'Quevedo: Bzrp Music Sessions, Vol. 52 by Bizarrap & Quevedo', 'Ella Baila Sola by Eslabon Armado', 'Columbia by Quevedo', 'POLARIS - Remix by Saiko & Feid & Quevedo', 'WHERE SHE GOES by Bad Bunny', 'TQG by KAROL G', 'Rauw Alejandro: Bzrp Music Sessions, Vol. 56 by Bizarrap & Rauw Alejandro', 'LALA by Myke Towers', 'Arena y Sal by Omar Montes & Saiko & Tunvao', 'EL TONTO by Lola Indigo', 'PLAYA DEL INGLÉS by Quevedo', 'Rara Vez by Taiu & Milo j', 'VISTA AL MAR by Quevedo', 'CORAZÓN VACÍO by Maria Becerra', 'LAS BABYS by Aitana', 'MOJABI GHOST by Tainy', 'PUNTO G by Quevedo', 'La Bachata by Manuel Turizo', 'Mami Chula by Jhayco & Quevedo', 'BABY HELLO by Rauw Alejandro', 'La Bebe - Remix by Yng Lvcas & Peso Pluma', 'Classy 101 by Feid & Young Miko', 'Los del Espacio by LIT killah', 'Niña Bonita by Feid & Sean Paul'}",1,1,0.02,2024-07
2024-07-23,"{'Cafe Malibú by Sech & Mora & Saiko', 'El Cielo by Sky Rompiendo & Feid & Myke Towers', 'Si La Calle Llama - Remix by Eladio Carrion', 'Arranca (feat. Omega) by Becky G & Omega', 'Hey Mor by Ozuna', 'Nochentera by Vicco', 'Clavaito by Chanel & Abraham Mateo', 'Copa Vacía by Shakira & Manuel Turizo', 'Todo Contigo by Álvaro De Luna', 'No_se_ve.mp3 by Emilia & LUDMILLA & ZECCA', 'COCO LOCO by Maluma', 'VAGABUNDO by Sebastian Yatra & Manuel Turizo & Beéle', 'MERCHO by LiL CaKe & Migrantes', 'Solita y SueltAAA by Rels B', 'Cupido by TINI', 'Se Grita by Morad', 'BESO by ROSALÍA & Rauw Alejandro', 'Yandel 150 by Yandel', 'El Merengue by Marshmello & Manuel Turizo', 'S91 by KAROL G', 'Los Ángeles by Aitana', 'WANDA by Quevedo', 'Supernova by Saiko', 'Mi Lova by Bad Gyal & Myke Towers', 'Un Rodeoooo by Rels B', 'Coco Chanel by Eladio Carrion', 'Quevedo: Bzrp Music Sessions, Vol. 52 by Bizarrap & Quevedo', 'Ella Baila Sola by Eslabon Armado', 'Columbia by Quevedo', 'POLARIS - Remix by Saiko & Feid & Quevedo', 'WHERE SHE GOES by Bad Bunny', 'TQG by KAROL G', 'Rauw Alejandro: Bzrp Music Sessions, Vol. 56 by Bizarrap & Rauw Alejandro', 'LALA by Myke Towers', 'K-POP by Travis Scott & Bad Bunny & The Weeknd', 'Arena y Sal by Omar Montes & Saiko & Tunvao', 'EL TONTO by Lola Indigo', 'PLAYA DEL INGLÉS by Quevedo', 'Rara Vez by Taiu & Milo j', 'CORAZÓN VACÍO by Maria Becerra', 'LAS BABYS by Aitana', 'MOJABI GHOST by Tainy', 'PUNTO G by Quevedo', 'La Bachata by Manuel Turizo', 'Mami Chula by Jhayco & Quevedo', 'BABY HELLO by Rauw Alejandro', 'La Bebe - Remix by Yng Lvcas & Peso Pluma', 'Classy 101 by Feid & Young Miko', 'Los del Espacio by LIT killah', 'Niña Bonita by Feid & Sean Paul'}",4,4,0.08,2024-07
2024-07-24,"{'Cafe Malibú by Sech & Mora & Saiko', 'El Cielo by Sky Rompiendo & Feid & Myke Towers', 'Si La Calle Llama - Remix by Eladio Carrion', 'Arranca (feat. Omega) by Becky G & Omega', 'Hey Mor by Ozuna', 'Nochentera by Vicco', 'Clavaito by Chanel & Abraham Mateo', 'Copa Vacía by Shakira & Manuel Turizo', 'Todo Contigo by Álvaro De Luna', 'No_se_ve.mp3 by Emilia & LUDMILLA & ZECCA', 'COCO LOCO by Maluma', 'VAGABUNDO by Sebastian Yatra & Manuel Turizo & Beéle', 'MERCHO by LiL CaKe & Migrantes', 'Solita y SueltAAA by Rels B', 'Cupido by TINI', 'Se Grita by Morad', 'BESO by ROSALÍA & Rauw Alejandro', 'Yandel 150 by Yandel', 'El Merengue by Marshmello & Manuel Turizo', 'S91 by KAROL G', 'Los Ángeles by Aitana', 'WANDA by Quevedo', 'Supernova by Saiko', 'Mi Lova by Bad Gyal & Myke Towers', 'Un Rodeoooo by Rels B', 'Coco Chanel by Eladio Carrion', 'Quevedo: Bzrp Music Sessions, Vol. 52 by Bizarrap & Quevedo', 'Ella Baila Sola by Eslabon Armado', 'Columbia by Quevedo', 'POLARIS - Remix by Saiko & Feid & Quevedo', 'WHERE SHE GOES by Bad Bunny', 'TQG by KAROL G', 'Rauw Alejandro: Bzrp Music Sessions, Vol. 56 by Bizarrap & Rauw Alejandro', 'LALA by Myke Towers', 'K-POP by Travis Scott & Bad Bunny & The Weeknd', 'Arena y Sal by Omar Montes & Saiko & Tunvao', 'EL TONTO by Lola Indigo', 'PLAYA DEL INGLÉS by Quevedo', 'Rara Vez by Taiu & Milo j', 'CORAZÓN VACÍO by Maria Becerra', 'LAS BABYS by Aitana', 'MOJABI GHOST by Tainy', 'PUNTO G by Quevedo', 'La Bachata by Manuel Turizo', 'Mami Chula by Jhayco & Quevedo', 'BABY HELLO by Rauw Alejandro', 'La Bebe - Remix by Yng Lvcas & Peso Pluma', 'Classy 101 by Feid & Young Miko', 'Los del Espacio by LIT killah', 'Niña Bonita by Feid & Sean Paul'}",0,0,0.0,2024-07
2024-07-25,"{'Cafe Malibú by Sech & Mora & Saiko', 'El Cielo by Sky Rompiendo & Feid & Myke Towers', 'Si La Calle Llama - Remix by Eladio Carrion', 'Arranca (feat. Omega) by Becky G & Omega', 'Hey Mor by Ozuna', 'Nochentera by Vicco', 'Clavaito by Chanel & Abraham Mateo', 'Copa Vacía by Shakira & Manuel Turizo', 'Todo Contigo by Álvaro De Luna', 'No_se_ve.mp3 by Emilia & LUDMILLA & ZECCA', 'COCO LOCO by Maluma', 'VAGABUNDO by Sebastian Yatra & Manuel Turizo & Beéle', 'MERCHO by LiL CaKe & Migrantes', 'Solita y SueltAAA by Rels B', 'Cupido by TINI', 'Se Grita by Morad', 'BESO by ROSALÍA & Rauw Alejandro', 'Yandel 150 by Yandel', 'El Merengue by Marshmello & Manuel Turizo', 'S91 by KAROL G', 'Los Ángeles by Aitana', 'WANDA by Quevedo', 'Supernova by Saiko', 'Mi Lova by Bad Gyal & Myke Towers', 'Un Rodeoooo by Rels B', 'Coco Chanel by Eladio Carrion', 'Quevedo: Bzrp Music Sessions, Vol. 52 by Bizarrap & Quevedo', 'Ella Baila Sola by Eslabon Armado', 'Columbia by Quevedo', 'POLARIS - Remix by Saiko & Feid & Quevedo', 'WHERE SHE GOES by Bad Bunny', 'TQG by KAROL G', 'Rauw Alejandro: Bzrp Music Sessions, Vol. 56 by Bizarrap & Rauw Alejandro', 'LALA by Myke Towers', 'K-POP by Travis Scott & Bad Bunny & The Weeknd', 'Arena y Sal by Omar Montes & Saiko & Tunvao', 'EL TONTO by Lola Indigo', 'PLAYA DEL INGLÉS by Quevedo', 'Rara Vez by Taiu & Milo j', 'CORAZÓN VACÍO by Maria Becerra', 'LAS BABYS by Aitana', 'MOJABI GHOST by Tainy', 'PUNTO G by Quevedo', 'La Bachata by Manuel Turizo', 'Mami Chula by Jhayco & Quevedo', 'BABY HELLO by Rauw Alejandro', 'La Bebe - Remix by Yng Lvcas & Peso Pluma', 'Classy 101 by Feid & Young Miko', 'Los del Espacio by LIT killah', 'Niña Bonita by Feid & Sean Paul'}",0,0,0.0,2024-07
2024-07-26,"{'Cafe Malibú by Sech & Mora & Saiko', 'El Cielo by Sky Rompiendo & Feid & Myke Towers', 'Si La Calle Llama - Remix by Eladio Carrion', 'Hey Mor by Ozuna', 'Nochentera by Vicco', 'Clavaito by Chanel & Abraham Mateo', 'Copa Vacía by Shakira & Manuel Turizo', 'Todo Contigo by Álvaro De Luna', 'No_se_ve.mp3 by Emilia & LUDMILLA & ZECCA', 'COCO LOCO by Maluma', 'VAGABUNDO by Sebastian Yatra & Manuel Turizo & Beéle', 'LA INOCENTE by Mora', 'MERCHO by LiL CaKe & Migrantes', 'Cupido by TINI', 'Se Grita by Morad', 'BESO by ROSALÍA & Rauw Alejandro', 'Yandel 150 by Yandel', 'El Merengue by Marshmello & Manuel Turizo', 'S91 by KAROL G', 'Los Ángeles by Aitana', 'WANDA by Quevedo', 'Supernova by Saiko', 'Mi Lova by Bad Gyal & Myke Towers', 'Un Rodeoooo by Rels B', 'Coco Chanel by Eladio Carrion', 'Quevedo: Bzrp Music Sessions, Vol. 52 by Bizarrap & Quevedo', 'Ella Baila Sola by Eslabon Armado', 'Columbia by Quevedo', 'POLARIS - Remix by Saiko & Feid & Quevedo', 'WHERE SHE GOES by Bad Bunny', 'TQG by KAROL G', 'Rauw Alejandro: Bzrp Music Sessions, Vol. 56 by Bizarrap & Rauw Alejandro', 'LALA by Myke Towers', 'K-POP by Travis Scott & Bad Bunny & The Weeknd', 'Arena y Sal by Omar Montes & Saiko & Tunvao', 'EL TONTO by Lola Indigo', 'PLAYA DEL INGLÉS by Quevedo', 'Rara Vez by Taiu & Milo j', 'VISTA AL MAR by Quevedo', 'CORAZÓN VACÍO by Maria Becerra', 'LAS BABYS by Aitana', 'MOJABI GHOST by Tainy', 'PUNTO G by Quevedo', 'La Bachata by Manuel Turizo', 'Mami Chula by Jhayco & Quevedo', 'BABY HELLO by Rauw Alejandro', 'La Bebe - Remix by Yng Lvcas & Peso Pluma', 'Classy 101 by Feid & Young Miko', 'Los del Espacio by LIT killah', 'Niña Bonita by Feid & Sean Paul'}",2,2,0.04,2024-07
2024-07-27,"{'Cafe Malibú by Sech & Mora & Saiko', 'El Cielo by Sky Rompiendo & Feid & Myke Towers', 'Si La Calle Llama - Remix by Eladio Carrion', 'Hey Mor by Ozuna', 'Nochentera by Vicco', 'Clavaito by Chanel & Abraham Mateo', 'Copa Vacía by Shakira & Manuel Turizo', 'Todo Contigo by Álvaro De Luna', 'No_se_ve.mp3 by Emilia & LUDMILLA & ZECCA', 'COCO LOCO by Maluma', 'VAGABUNDO by Sebastian Yatra & Manuel Turizo & Beéle', 'LA INOCENTE by Mora', 'MERCHO by LiL CaKe & Migrantes', 'Cupido by TINI', 'Se Grita by Morad', 'BESO by ROSALÍA & Rauw Alejandro', 'Yandel 150 by Yandel', 'El Merengue by Marshmello & Manuel Turizo', 'S91 by KAROL G', 'Los Ángeles by Aitana', 'WANDA by Quevedo', 'Supernova by Saiko', 'Mi Lova by Bad Gyal & Myke Towers', 'Un Rodeoooo by Rels B', 'Coco Chanel by Eladio Carrion', 'Quevedo: Bzrp Music Sessions, Vol. 52 by Bizarrap & Quevedo', 'Ella Baila Sola by Eslabon Armado', 'Columbia by Quevedo', 'POLARIS - Remix by Saiko & Feid & Quevedo', 'WHERE SHE GOES by Bad Bunny', 'TQG by KAROL G', 'Rauw Alejandro: Bzrp Music Sessions, Vol. 56 by Bizarrap & Rauw Alejandro', 'LALA by Myke Towers', 'K-POP by Travis Scott & Bad Bunny & The Weeknd', 'Arena y Sal by Omar Montes & Saiko & Tunvao', 'EL TONTO by Lola Indigo', 'PLAYA DEL INGLÉS by Quevedo', 'Rara Vez by Taiu & Milo j', 'VISTA AL MAR by Quevedo', 'CORAZÓN VACÍO by Maria Becerra', 'LAS BABYS by Aitana', 'MOJABI GHOST by Tainy', 'PUNTO G by Quevedo', 'La Bachata by Manuel Turizo', 'Mami Chula by Jhayco & Quevedo', 'BABY HELLO by Rauw Alejandro', 'La Bebe - Remix by Yng Lvcas & Peso Pluma', 'Classy 101 by Feid & Young Miko', 'Los del Espacio by LIT killah', 'Niña Bonita by Feid & Sean Paul'}",0,0,0.0,2024-07
2024-07-28,"{'Cafe Malibú by Sech & Mora & Saiko', 'El Cielo by Sky Rompiendo & Feid & Myke Towers', 'Si La Calle Llama - Remix by Eladio Carrion', 'Hey Mor by Ozuna', 'Nochentera by Vicco', 'Clavaito by Chanel & Abraham Mateo', 'Copa Vacía by Shakira & Manuel Turizo', 'Todo Contigo by Álvaro De Luna', 'No_se_ve.mp3 by Emilia & LUDMILLA & ZECCA', 'COCO LOCO by Maluma', 'VAGABUNDO by Sebastian Yatra & Manuel Turizo & Beéle', 'LA INOCENTE by Mora', 'MERCHO by LiL CaKe & Migrantes', 'Cupido by TINI', 'Se Grita by Morad', 'BESO by ROSALÍA & Rauw Alejandro', 'Yandel 150 by Yandel', 'El Merengue by Marshmello & Manuel Turizo', 'S91 by KAROL G', 'Los Ángeles by Aitana', 'WANDA by Quevedo', 'Supernova by Saiko', 'Mi Lova by Bad Gyal & Myke Towers', 'Un Rodeoooo by Rels B', 'Coco Chanel by Eladio Carrion', 'Quevedo: Bzrp Music Sessions, Vol. 52 by Bizarrap & Quevedo', 'Ella Baila Sola by Eslabon Armado', 'Columbia by Quevedo', 'POLARIS - Remix by Saiko & Feid & Quevedo', 'WHERE SHE GOES by Bad Bunny', 'TQG by KAROL G', 'Rauw Alejandro: Bzrp Music Sessions, Vol. 56 by Bizarrap & Rauw Alejandro', 'LALA by Myke Towers', 'K-POP by Travis Scott & Bad Bunny & The Weeknd', 'Arena y Sal by Omar Montes & Saiko & Tunvao', 'EL TONTO by Lola Indigo', 'PLAYA DEL INGLÉS by Quevedo', 'Rara Vez by Taiu & Milo j', 'VISTA AL MAR by Quevedo', 'CORAZÓN VACÍO by Maria Becerra', 'LAS BABYS by Aitana', 'MOJABI GHOST by Tainy', 'PUNTO G by Quevedo', 'La Bachata by Manuel Turizo', 'Mami Chula by Jhayco & Quevedo', 'BABY HELLO by Rauw Alejandro', 'La Bebe - Remix by Yng Lvcas & Peso Pluma', 'Classy 101 by Feid & Young Miko', 'Los del Espacio by LIT killah', 'Niña Bonita by Feid & Sean Paul'}",0,0,0.0,2024-07
2024-07-29,"{'Cafe Malibú by Sech & Mora & Saiko', 'El Cielo by Sky Rompiendo & Feid & Myke Towers', 'Si La Calle Llama - Remix by Eladio Carrion', 'Hey Mor by Ozuna', 'Nochentera by Vicco', 'Clavaito by Chanel & Abraham Mateo', 'Todo Contigo by Álvaro De Luna', 'No_se_ve.mp3 by Emilia & LUDMILLA & ZECCA', 'COCO LOCO by Maluma', 'VAGABUNDO by Sebastian Yatra & Manuel Turizo & Beéle', 'LA INOCENTE by Mora', 'MERCHO by LiL CaKe & Migrantes', 'Cupido by TINI', 'Se Grita by Morad', 'BESO by ROSALÍA & Rauw Alejandro', 'Yandel 150 by Yandel', 'El Merengue by Marshmello & Manuel Turizo', 'S91 by KAROL G', 'Los Ángeles by Aitana', 'WANDA by Quevedo', 'Supernova by Saiko', 'Mi Lova by Bad Gyal & Myke Towers', 'Un Rodeoooo by Rels B', 'Coco Chanel by Eladio Carrion', 'Quevedo: Bzrp Music Sessions, Vol. 52 by Bizarrap & Quevedo', 'Ella Baila Sola by Eslabon Armado', 'Columbia by Quevedo', 'POLARIS - Remix by Saiko & Feid & Quevedo', 'WHERE SHE GOES by Bad Bunny', 'Pacto (feat. Bryant Myers & Dei V) - Remix by Jay Wheeler & Anuel AA & Hades66', 'TQG by KAROL G', 'Rauw Alejandro: Bzrp Music Sessions, Vol. 56 by Bizarrap & Rauw Alejandro', 'LALA by Myke Towers', 'K-POP by Travis Scott & Bad Bunny & The Weeknd', 'Arena y Sal by Omar Montes & Saiko & Tunvao', 'EL TONTO by Lola Indigo', 'PLAYA DEL INGLÉS by Quevedo', 'Rara Vez by Taiu & Milo j', 'VISTA AL MAR by Quevedo', 'CORAZÓN VACÍO by Maria Becerra', 'LAS BABYS by Aitana', 'MOJABI GHOST by Tainy', 'PUNTO G by Quevedo', 'La Bachata by Manuel Turizo', 'Mami Chula by Jhayco & Quevedo', 'BABY HELLO by Rauw Alejandro', 'La Bebe - Remix by Yng Lvcas & Peso Pluma', 'Classy 101 by Feid & Young Miko', 'Los del Espacio by LIT killah', 'Niña Bonita by Feid & Sean Paul'}",1,1,0.02,2024-07
2024-07-30,"{'Cafe Malibú by Sech & Mora & Saiko', 'El Cielo by Sky Rompiendo & Feid & Myke Towers', 'Si La Calle Llama - Remix by Eladio Carrion', 'Hey Mor by Ozuna', 'Nochentera by Vicco', 'Clavaito by Chanel & Abraham Mateo', 'Todo Contigo by Álvaro De Luna', 'No_se_ve.mp3 by Emilia & LUDMILLA & ZECCA', 'COCO LOCO by Maluma', 'VAGABUNDO by Sebastian Yatra & Manuel Turizo & Beéle', 'LA INOCENTE by Mora', 'MERCHO by LiL CaKe & Migrantes', 'Cupido by TINI', 'Se Grita by Morad', 'BESO by ROSALÍA & Rauw Alejandro', 'Yandel 150 by Yandel', 'El Merengue by Marshmello & Manuel Turizo', 'S91 by KAROL G', 'Los Ángeles by Aitana', 'WANDA by Quevedo', 'Supernova by Saiko', 'Mi Lova by Bad Gyal & Myke Towers', 'Un Rodeoooo by Rels B', 'Coco Chanel by Eladio Carrion', 'Quevedo: Bzrp Music Sessions, Vol. 52 by Bizarrap & Quevedo', 'Ella Baila Sola by Eslabon Armado', 'Columbia by Quevedo', 'POLARIS - Remix by Saiko & Feid & Quevedo', 'WHERE SHE GOES by Bad Bunny', 'Pacto (feat. Bryant Myers & Dei V) - Remix by Jay Wheeler & Anuel AA & Hades66', 'TQG by KAROL G', 'Rauw Alejandro: Bzrp Music Sessions, Vol. 56 by Bizarrap & Rauw Alejandro', 'LALA by Myke Towers', 'K-POP by Travis Scott & Bad Bunny & The Weeknd', 'Arena y Sal by Omar Montes & Saiko & Tunvao', 'EL TONTO by Lola Indigo', 'PLAYA DEL INGLÉS by Quevedo', 'Rara Vez by Taiu & Milo j', 'DESPECHÁ by ROSALÍA', 'CORAZÓN VACÍO by Maria Becerra', 'LAS BABYS by Aitana', 'MOJABI GHOST by Tainy', 'PUNTO G by Quevedo', 'La Bachata by Manuel Turizo', 'Mami Chula by Jhayco & Quevedo', 'BABY HELLO by Rauw Alejandro', 'La Bebe - Remix by Yng Lvcas & Peso Pluma', 'Classy 101 by Feid & Young Miko', 'Los del Espacio by LIT killah', 'Niña Bonita by Feid & Sean Paul'}",1,1,0.02,2024-07
2024-07-31,"{'Cafe Malibú by Sech & Mora & Saiko', 'El Cielo by Sky Rompiendo & Feid & Myke Towers', 'Si La Calle Llama - Remix by Eladio Carrion', 'Hey Mor by Ozuna', 'Nochentera by Vicco', 'Clavaito by Chanel & Abraham Mateo', 'Todo Contigo by Álvaro De Luna', 'No_se_ve.mp3 by Emilia & LUDMILLA & ZECCA', 'COCO LOCO by Maluma', 'VAGABUNDO by Sebastian Yatra & Manuel Turizo & Beéle', 'LA INOCENTE by Mora', 'MERCHO by LiL CaKe & Migrantes', 'Cupido by TINI', 'Se Grita by Morad', 'BESO by ROSALÍA & Rauw Alejandro', 'Yandel 150 by Yandel', 'El Merengue by Marshmello & Manuel Turizo', 'S91 by KAROL G', 'Los Ángeles by Aitana', 'WANDA by Quevedo', 'Supernova by Saiko', 'Mi Lova by Bad Gyal & Myke Towers', 'Un Rodeoooo by Rels B', 'Coco Chanel by Eladio Carrion', 'Quevedo: Bzrp Music Sessions, Vol. 52 by Bizarrap & Quevedo', 'Ella Baila Sola by Eslabon Armado', 'Columbia by Quevedo', 'POLARIS - Remix by Saiko & Feid & Quevedo', 'WHERE SHE GOES by Bad Bunny', 'Pacto (feat. Bryant Myers & Dei V) - Remix by Jay Wheeler & Anuel AA & Hades66', 'TQG by KAROL G', 'Rauw Alejandro: Bzrp Music Sessions, Vol. 56 by Bizarrap & Rauw Alejandro', 'LALA by Myke Towers', 'K-POP by Travis Scott & Bad Bunny & The Weeknd', 'Arena y Sal by Omar Montes & Saiko & Tunvao', 'EL TONTO by Lola Indigo', 'PLAYA DEL INGLÉS by Quevedo', 'Rara Vez by Taiu & Milo j', 'DESPECHÁ by ROSALÍA', 'CORAZÓN VACÍO by Maria Becerra', 'LAS BABYS by Aitana', 'MOJABI GHOST by Tainy', 'PUNTO G by Quevedo', 'La Bachata by Manuel Turizo', 'Mami Chula by Jhayco & Quevedo', 'BABY HELLO by Rauw Alejandro', 'La Bebe - Remix by Yng Lvcas & Peso Pluma', 'Classy 101 by Feid & Young Miko', 'Los del Espacio by LIT killah', 'Niña Bonita by Feid & Sean Paul'}",0,0,0.0,2024-07
2024-08-01,"{'Cafe Malibú by Sech & Mora & Saiko', 'El Cielo by Sky Rompiendo & Feid & Myke Towers', 'Si La Calle Llama - Remix by Eladio Carrion', 'Hey Mor by Ozuna', 'Nochentera by Vicco', 'Clavaito by Chanel & Abraham Mateo', 'Todo Contigo by Álvaro De Luna', 'No_se_ve.mp3 by Emilia & LUDMILLA & ZECCA', 'COCO LOCO by Maluma', 'VAGABUNDO by Sebastian Yatra & Manuel Turizo & Beéle', 'LA INOCENTE by Mora', 'MERCHO by LiL CaKe & Migrantes', 'Cupido by TINI', 'Se Grita by Morad', 'BESO by ROSALÍA & Rauw Alejandro', 'Yandel 150 by Yandel', 'El Merengue by Marshmello & Manuel Turizo', 'S91 by KAROL G', 'Los Ángeles by Aitana', 'WANDA by Quevedo', 'Supernova by Saiko', 'Mi Lova by Bad Gyal & Myke Towers', 'Un Rodeoooo by Rels B', 'Coco Chanel by Eladio Carrion', 'Quevedo: Bzrp Music Sessions, Vol. 52 by Bizarrap & Quevedo', 'Ella Baila Sola by Eslabon Armado', 'Columbia by Quevedo', 'POLARIS - Remix by Saiko & Feid & Quevedo', 'WHERE SHE GOES by Bad Bunny', 'Pacto (feat. Bryant Myers & Dei V) - Remix by Jay Wheeler & Anuel AA & Hades66', 'TQG by KAROL G', 'Rauw Alejandro: Bzrp Music Sessions, Vol. 56 by Bizarrap & Rauw Alejandro', 'LALA by Myke Towers', 'K-POP by Travis Scott & Bad Bunny & The Weeknd', 'Arena y Sal by Omar Montes & Saiko & Tunvao', 'EL TONTO by Lola Indigo', 'PLAYA DEL INGLÉS by Quevedo', 'Rara Vez by Taiu & Milo j', 'DESPECHÁ by ROSALÍA', 'CORAZÓN VACÍO by Maria Becerra', 'LAS BABYS by Aitana', 'MOJABI GHOST by Tainy', 'PUNTO G by Quevedo', 'La Bachata by Manuel Turizo', 'Mami Chula by Jhayco & Quevedo', 'BABY HELLO by Rauw Alejandro', 'La Bebe - Remix by Yng Lvcas & Peso Pluma', 'Classy 101 by Feid & Young Miko', 'Los del Espacio by LIT killah', 'Niña Bonita by Feid & Sean Paul'}",0,0,0.0,2024-08
2024-08-02,"{'Cafe Malibú by Sech & Mora & Saiko', 'El Cielo by Sky Rompiendo & Feid & Myke Towers', 'Si La Calle Llama - Remix by Eladio Carrion', 'Hey Mor by Ozuna', 'Nochentera by Vicco', 'Clavaito by Chanel & Abraham Mateo', 'Todo Contigo by Álvaro De Luna', 'No_se_ve.mp3 by Emilia & LUDMILLA & ZECCA', 'COCO LOCO by Maluma', 'VAGABUNDO by Sebastian Yatra & Manuel Turizo & Beéle', 'LA INOCENTE by Mora', 'MERCHO by LiL CaKe & Migrantes', 'Cupido by TINI', 'Se Grita by Morad', 'BESO by ROSALÍA & Rauw Alejandro', 'Yandel 150 by Yandel', 'El Merengue by Marshmello & Manuel Turizo', 'S91 by KAROL G', 'Los Ángeles by Aitana', 'WANDA by Quevedo', 'Supernova by Saiko', 'Mi Lova by Bad Gyal & Myke Towers', 'Un Rodeoooo by Rels B', 'Coco Chanel by Eladio Carrion', 'Quevedo: Bzrp Music Sessions, Vol. 52 by Bizarrap & Quevedo', 'Ella Baila Sola by Eslabon Armado', 'Columbia by Quevedo', 'POLARIS - Remix by Saiko & Feid & Quevedo', 'WHERE SHE GOES by Bad Bunny', 'Pacto (feat. Bryant Myers & Dei V) - Remix by Jay Wheeler & Anuel AA & Hades66', 'TQG by KAROL G', 'Rauw Alejandro: Bzrp Music Sessions, Vol. 56 by Bizarrap & Rauw Alejandro', 'LALA by Myke Towers', 'K-POP by Travis Scott & Bad Bunny & The Weeknd', 'Arena y Sal by Omar Montes & Saiko & Tunvao', 'EL TONTO by Lola Indigo', 'PLAYA DEL INGLÉS by Quevedo', 'Rara Vez by Taiu & Milo j', 'DESPECHÁ by ROSALÍA', 'CORAZÓN VACÍO by Maria Becerra', 'LAS BABYS by Aitana', 'MOJABI GHOST by Tainy', 'PUNTO G by Quevedo', 'La Bachata by Manuel Turizo', 'Mami Chula by Jhayco & Quevedo', 'BABY HELLO by Rauw Alejandro', 'La Bebe - Remix by Yng Lvcas & Peso Pluma', 'Classy 101 by Feid & Young Miko', 'Los del Espacio by LIT killah', 'Niña Bonita by Feid & Sean Paul'}",0,0,0.0,2024-08
2024-08-03,"{'Cafe Malibú by Sech & Mora & Saiko', 'El Cielo by Sky Rompiendo & Feid & Myke Towers', 'Si La Calle Llama - Remix by Eladio Carrion', 'Hey Mor by Ozuna', 'Nochentera by Vicco', 'Clavaito by Chanel & Abraham Mateo', 'Todo Contigo by Álvaro De Luna', 'No_se_ve.mp3 by Emilia & LUDMILLA & ZECCA', 'COCO LOCO by Maluma', 'VAGABUNDO by Sebastian Yatra & Manuel Turizo & Beéle', 'LA INOCENTE by Mora', 'MERCHO by LiL CaKe & Migrantes', 'Cupido by TINI', 'Se Grita by Morad', 'BESO by ROSALÍA & Rauw Alejandro', 'Yandel 150 by Yandel', 'El Merengue by Marshmello & Manuel Turizo', 'S91 by KAROL G', 'Los Ángeles by Aitana', 'WANDA by Quevedo', 'Supernova by Saiko', 'Mi Lova by Bad Gyal & Myke Towers', 'Un Rodeoooo by Rels B', 'Coco Chanel by Eladio Carrion', 'Quevedo: Bzrp Music Sessions, Vol. 52 by Bizarrap & Quevedo', 'Ella Baila Sola by Eslabon Armado', 'Columbia by Quevedo', 'POLARIS - Remix by Saiko & Feid & Quevedo', 'WHERE SHE GOES by Bad Bunny', 'Pacto (feat. Bryant Myers & Dei V) - Remix by Jay Wheeler & Anuel AA & Hades66', 'TQG by KAROL G', 'Rauw Alejandro: Bzrp Music Sessions, Vol. 56 by Bizarrap & Rauw Alejandro', 'LALA by Myke Towers', 'K-POP by Travis Scott & Bad Bunny & The Weeknd', 'Arena y Sal by Omar Montes & Saiko & Tunvao', 'EL TONTO by Lola Indigo', 'PLAYA DEL INGLÉS by Quevedo', 'Rara Vez by Taiu & Milo j', 'CORAZÓN VACÍO by Maria Becerra', 'Chulo pt.2 by Bad Gyal & Tokischa & Young Miko', 'LAS BABYS by Aitana', 'MOJABI GHOST by Tainy', 'PUNTO G by Quevedo', 'La Bachata by Manuel Turizo', 'Mami Chula by Jhayco & Quevedo', 'BABY HELLO by Rauw Alejandro', 'La Bebe - Remix by Yng Lvcas & Peso Pluma', 'Classy 101 by Feid & Young Miko', 'Los del Espacio by LIT killah', 'Niña Bonita by Feid & Sean Paul'}",1,1,0.02,2024-08
2024-08-04,"{'Cafe Malibú by Sech & Mora & Saiko', 'El Cielo by Sky Rompiendo & Feid & Myke Towers', 'Si La Calle Llama - Remix by Eladio Carrion', 'Hey Mor by Ozuna', 'Nochentera by Vicco', 'Clavaito by Chanel & Abraham Mateo', 'Todo Contigo by Álvaro De Luna', 'No_se_ve.mp3 by Emilia & LUDMILLA & ZECCA', 'COCO LOCO by Maluma', 'VAGABUNDO by Sebastian Yatra & Manuel Turizo & Beéle', 'LA INOCENTE by Mora', 'MERCHO by LiL CaKe & Migrantes', 'Cupido by TINI', 'Se Grita by Morad', 'BESO by ROSALÍA & Rauw Alejandro', 'Yandel 150 by Yandel', 'El Merengue by Marshmello & Manuel Turizo', 'S91 by KAROL G', 'Los Ángeles by Aitana', 'WANDA by Quevedo', 'Supernova by Saiko', 'Mi Lova by Bad Gyal & Myke Towers', 'Un Rodeoooo by Rels B', 'Coco Chanel by Eladio Carrion', 'Quevedo: Bzrp Music Sessions, Vol. 52 by Bizarrap & Quevedo', 'Ella Baila Sola by Eslabon Armado', 'Columbia by Quevedo', 'POLARIS - Remix by Saiko & Feid & Quevedo', 'WHERE SHE GOES by Bad Bunny', 'Holanda by Jhayco', 'Pacto (feat. Bryant Myers & Dei V) - Remix by Jay Wheeler & Anuel AA & Hades66', 'TQG by KAROL G', 'Rauw Alejandro: Bzrp Music Sessions, Vol. 56 by Bizarrap & Rauw Alejandro', 'LALA by Myke Towers', 'K-POP by Travis Scott & Bad Bunny & The Weeknd', 'Arena y Sal by Omar Montes & Saiko & Tunvao', 'EL TONTO by Lola Indigo', 'PLAYA DEL INGLÉS by Quevedo', 'Rara Vez by Taiu & Milo j', 'CORAZÓN VACÍO by Maria Becerra', 'Chulo pt.2 by Bad Gyal & Tokischa & Young Miko', 'LAS BABYS by Aitana', 'PUNTO G by Quevedo', 'La Bachata by Manuel Turizo', 'Mami Chula by Jhayco & Quevedo', 'BABY HELLO by Rauw Alejandro', 'La Bebe - Remix by Yng Lvcas & Peso Pluma', 'Classy 101 by Feid & Young Miko', 'Los del Espacio by LIT killah', 'Niña Bonita by Feid & Sean Paul'}",1,1,0.02,2024-08
2024-08-05,"{'Cafe Malibú by Sech & Mora & Saiko', 'El Cielo by Sky Rompiendo & Feid & Myke Towers', 'Si La Calle Llama - Remix by Eladio Carrion', 'Hey Mor by Ozuna', 'Nochentera by Vicco', 'Clavaito by Chanel & Abraham Mateo', 'Todo Contigo by Álvaro De Luna', 'No_se_ve.mp3 by Emilia & LUDMILLA & ZECCA', 'COCO LOCO by Maluma', 'VAGABUNDO by Sebastian Yatra & Manuel Turizo & Beéle', 'LA INOCENTE by Mora', 'MERCHO by LiL CaKe & Migrantes', 'Cupido by TINI', 'Se Grita by Morad', 'BESO by ROSALÍA & Rauw Alejandro', 'Yandel 150 by Yandel', 'El Merengue by Marshmello & Manuel Turizo', 'S91 by KAROL G', 'Los Ángeles by Aitana', 'WANDA by Quevedo', 'Supernova by Saiko', 'Mi Lova by Bad Gyal & Myke Towers', 'Un Rodeoooo by Rels B', 'Coco Chanel by Eladio Carrion', 'Quevedo: Bzrp Music Sessions, Vol. 52 by Bizarrap & Quevedo', 'Ella Baila Sola by Eslabon Armado', 'Columbia by Quevedo', 'POLARIS - Remix by Saiko & Feid & Quevedo', 'WHERE SHE GOES by Bad Bunny', 'Holanda by Jhayco', 'Pacto (feat. Bryant Myers & Dei V) - Remix by Jay Wheeler & Anuel AA & Hades66', 'TQG by KAROL G', 'Rauw Alejandro: Bzrp Music Sessions, Vol. 56 by Bizarrap & Rauw Alejandro', 'LALA by Myke Towers', 'K-POP by Travis Scott & Bad Bunny & The Weeknd', 'Arena y Sal by Omar Montes & Saiko & Tunvao', 'EL TONTO by Lola Indigo', 'PLAYA DEL INGLÉS by Quevedo', 'Rara Vez by Taiu & Milo j', 'CORAZÓN VACÍO by Maria Becerra', 'Chulo pt.2 by Bad Gyal & Tokischa & Young Miko', 'LAS BABYS by Aitana', 'PUNTO G by Quevedo', 'La Bachata by Manuel Turizo', 'Mami Chula by Jhayco & Quevedo', 'BABY HELLO by Rauw Alejandro', 'La Bebe - Remix by Yng Lvcas & Peso Pluma', 'Classy 101 by Feid & Young Miko', 'Los del Espacio by LIT killah', 'Niña Bonita by Feid & Sean Paul'}",0,0,0.0,2024-08
2024-08-06,"{'Cafe Malibú by Sech & Mora & Saiko', 'El Cielo by Sky Rompiendo & Feid & Myke Towers', 'Si La Calle Llama - Remix by Eladio Carrion', 'A 300 by JC Reyes & Pedro Calderon', 'Hey Mor by Ozuna', 'Nochentera by Vicco', 'Clavaito by Chanel & Abraham Mateo', 'Todo Contigo by Álvaro De Luna', 'No_se_ve.mp3 by Emilia & LUDMILLA & ZECCA', 'COCO LOCO by Maluma', 'VAGABUNDO by Sebastian Yatra & Manuel Turizo & Beéle', 'MERCHO by LiL CaKe & Migrantes', 'Cupido by TINI', 'BESO by ROSALÍA & Rauw Alejandro', 'Yandel 150 by Yandel', 'El Merengue by Marshmello & Manuel Turizo', 'S91 by KAROL G', 'WANDA by Quevedo', 'Supernova by Saiko', 'Mi Lova by Bad Gyal & Myke Towers', 'Un Rodeoooo by Rels B', 'Coco Chanel by Eladio Carrion', 'Quevedo: Bzrp Music Sessions, Vol. 52 by Bizarrap & Quevedo', 'Ella Baila Sola by Eslabon Armado', 'Columbia by Quevedo', 'POLARIS - Remix by Saiko & Feid & Quevedo', 'WHERE SHE GOES by Bad Bunny', 'Holanda by Jhayco', 'Pacto (feat. Bryant Myers & Dei V) - Remix by Jay Wheeler & Anuel AA & Hades66', 'TQG by KAROL G', 'Rauw Alejandro: Bzrp Music Sessions, Vol. 56 by Bizarrap & Rauw Alejandro', 'LALA by Myke Towers', 'Arena y Sal by Omar Montes & Saiko & Tunvao', 'EL TONTO by Lola Indigo', 'PLAYA DEL INGLÉS by Quevedo', 'Rara Vez by Taiu & Milo j', ""PA' LA VUELTA by Eladio Carrion & Morad"", 'Antidepresivos by Saiko', 'CORAZÓN VACÍO by Maria Becerra', 'Chulo pt.2 by Bad Gyal & Tokischa & Young Miko', 'LAS BABYS by Aitana', 'PUNTO G by Quevedo', 'La Bachata by Manuel Turizo', 'Mami Chula by Jhayco & Quevedo', 'BABY HELLO by Rauw Alejandro', 'La Bebe - Remix by Yng Lvcas & Peso Pluma', 'Classy 101 by Feid & Young Miko', 'Los del Espacio by LIT killah', 'VENTE CONMIGO by Feid', 'Niña Bonita by Feid & Sean Paul'}",4,4,0.08,2024-08
2024-08-07,"{'Cafe Malibú by Sech & Mora & Saiko', 'El Cielo by Sky Rompiendo & Feid & Myke Towers', 'Si La Calle Llama - Remix by Eladio Carrion', 'A 300 by JC Reyes & Pedro Calderon', 'Hey Mor by Ozuna', 'Nochentera by Vicco', 'Clavaito by Chanel & Abraham Mateo', 'Todo Contigo by Álvaro De Luna', 'No_se_ve.mp3 by Emilia & LUDMILLA & ZECCA', 'COCO LOCO by Maluma', 'VAGABUNDO by Sebastian Yatra & Manuel Turizo & Beéle', 'MERCHO by LiL CaKe & Migrantes', 'Cupido by TINI', 'BESO by ROSALÍA & Rauw Alejandro', 'Yandel 150 by Yandel', 'El Merengue by Marshmello & Manuel Turizo', 'S91 by KAROL G', 'WANDA by Quevedo', 'Supernova by Saiko', 'Mi Lova by Bad Gyal & Myke Towers', 'Un Rodeoooo by Rels B', 'Coco Chanel by Eladio Carrion', 'Quevedo: Bzrp Music Sessions, Vol. 52 by Bizarrap & Quevedo', 'Ella Baila Sola by Eslabon Armado', 'Columbia by Quevedo', 'POLARIS - Remix by Saiko & Feid & Quevedo', 'WHERE SHE GOES by Bad Bunny', 'Holanda by Jhayco', 'Pacto (feat. Bryant Myers & Dei V) - Remix by Jay Wheeler & Anuel AA & Hades66', 'TQG by KAROL G', 'Rauw Alejandro: Bzrp Music Sessions, Vol. 56 by Bizarrap & Rauw Alejandro', 'LALA by Myke Towers', 'Arena y Sal by Omar Montes & Saiko & Tunvao', 'EL TONTO by Lola Indigo', 'PLAYA DEL INGLÉS by Quevedo', 'Rara Vez by Taiu & Milo j', 'DESPECHÁ by ROSALÍA', 'Antidepresivos by Saiko', 'CORAZÓN VACÍO by Maria Becerra', 'Chulo pt.2 by Bad Gyal & Tokischa & Young Miko', 'LAS BABYS by Aitana', 'PUNTO G by Quevedo', 'La Bachata by Manuel Turizo', 'Mami Chula by Jhayco & Quevedo', 'BABY HELLO by Rauw Alejandro', 'La Bebe - Remix by Yng Lvcas & Peso Pluma', 'Classy 101 by Feid & Young Miko', 'Los del Espacio by LIT killah', 'VENTE CONMIGO by Feid', 'Niña Bonita by Feid & Sean Paul'}",1,1,0.02,2024-08
2024-08-08,"{'Cafe Malibú by Sech & Mora & Saiko', 'El Cielo by Sky Rompiendo & Feid & Myke Towers', 'Si La Calle Llama - Remix by Eladio Carrion', 'A 300 by JC Reyes & Pedro Calderon', 'Hey Mor by Ozuna', 'Nochentera by Vicco', 'Clavaito by Chanel & Abraham Mateo', 'Todo Contigo by Álvaro De Luna', 'No_se_ve.mp3 by Emilia & LUDMILLA & ZECCA', 'COCO LOCO by Maluma', 'VAGABUNDO by Sebastian Yatra & Manuel Turizo & Beéle', 'MERCHO by LiL CaKe & Migrantes', 'Cupido by TINI', 'BESO by ROSALÍA & Rauw Alejandro', 'Yandel 150 by Yandel', 'El Merengue by Marshmello & Manuel Turizo', 'S91 by KAROL G', 'WANDA by Quevedo', 'Supernova by Saiko', 'Mi Lova by Bad Gyal & Myke Towers', 'Un Rodeoooo by Rels B', 'Coco Chanel by Eladio Carrion', 'Quevedo: Bzrp Music Sessions, Vol. 52 by Bizarrap & Quevedo', 'Ella Baila Sola by Eslabon Armado', 'Columbia by Quevedo', 'POLARIS - Remix by Saiko & Feid & Quevedo', 'WHERE SHE GOES by Bad Bunny', 'Holanda by Jhayco', 'Pacto (feat. Bryant Myers & Dei V) - Remix by Jay Wheeler & Anuel AA & Hades66', 'TQG by KAROL G', 'Rauw Alejandro: Bzrp Music Sessions, Vol. 56 by Bizarrap & Rauw Alejandro', 'LALA by Myke Towers', 'Arena y Sal by Omar Montes & Saiko & Tunvao', 'EL TONTO by Lola Indigo', 'PLAYA DEL INGLÉS by Quevedo', 'Rara Vez by Taiu & Milo j', 'DESPECHÁ by ROSALÍA', 'Antidepresivos by Saiko', 'CORAZÓN VACÍO by Maria Becerra', 'Chulo pt.2 by Bad Gyal & Tokischa & Young Miko', 'LAS BABYS by Aitana', 'PUNTO G by Quevedo', 'La Bachata by Manuel Turizo', 'Mami Chula by Jhayco & Quevedo', 'BABY HELLO by Rauw Alejandro', 'La Bebe - Remix by Yng Lvcas & Peso Pluma', 'Classy 101 by Feid & Young Miko', 'Los del Espacio by LIT killah', 'VENTE CONMIGO by Feid', 'Niña Bonita by Feid & Sean Paul'}",0,0,0.0,2024-08
2024-08-09,"{'Cafe Malibú by Sech & Mora & Saiko', 'El Cielo by Sky Rompiendo & Feid & Myke Towers', 'Si La Calle Llama - Remix by Eladio Carrion', 'A 300 by JC Reyes & Pedro Calderon', 'Hey Mor by Ozuna', 'Nochentera by Vicco', 'Clavaito by Chanel & Abraham Mateo', 'Todo Contigo by Álvaro De Luna', 'PIRIBIRI by JC Reyes & Pedro Calderon', 'No_se_ve.mp3 by Emilia & LUDMILLA & ZECCA', 'COCO LOCO by Maluma', 'VAGABUNDO by Sebastian Yatra & Manuel Turizo & Beéle', 'LA INOCENTE by Mora', 'MERCHO by LiL CaKe & Migrantes', 'Cupido by TINI', 'BESO by ROSALÍA & Rauw Alejandro', 'Yandel 150 by Yandel', 'El Merengue by Marshmello & Manuel Turizo', 'S91 by KAROL G', 'WANDA by Quevedo', 'Supernova by Saiko', 'Mi Lova by Bad Gyal & Myke Towers', 'Un Rodeoooo by Rels B', 'Coco Chanel by Eladio Carrion', 'Quevedo: Bzrp Music Sessions, Vol. 52 by Bizarrap & Quevedo', 'Ella Baila Sola by Eslabon Armado', 'Columbia by Quevedo', 'POLARIS - Remix by Saiko & Feid & Quevedo', 'WHERE SHE GOES by Bad Bunny', 'Holanda by Jhayco', 'Pacto (feat. Bryant Myers & Dei V) - Remix by Jay Wheeler & Anuel AA & Hades66', 'TQG by KAROL G', 'Rauw Alejandro: Bzrp Music Sessions, Vol. 56 by Bizarrap & Rauw Alejandro', 'LALA by Myke Towers', 'Arena y Sal by Omar Montes & Saiko & Tunvao', 'EL TONTO by Lola Indigo', 'PLAYA DEL INGLÉS by Quevedo', 'Rara Vez by Taiu & Milo j', 'Antidepresivos by Saiko', 'CORAZÓN VACÍO by Maria Becerra', 'Chulo pt.2 by Bad Gyal & Tokischa & Young Miko', 'LAS BABYS by Aitana', 'PUNTO G by Quevedo', 'La Bachata by Manuel Turizo', 'Mami Chula by Jhayco & Quevedo', 'BABY HELLO by Rauw Alejandro', 'La Bebe - Remix by Yng Lvcas & Peso Pluma', 'Classy 101 by Feid & Young Miko', 'Los del Espacio by LIT killah', 'VENTE CONMIGO by Feid'}",2,2,0.04,2024-08
2024-08-10,"{'Cafe Malibú by Sech & Mora & Saiko', 'El Cielo by Sky Rompiendo & Feid & Myke Towers', 'Si La Calle Llama - Remix by Eladio Carrion', 'A 300 by JC Reyes & Pedro Calderon', 'Hey Mor by Ozuna', 'Nochentera by Vicco', 'Clavaito by Chanel & Abraham Mateo', 'Todo Contigo by Álvaro De Luna', 'PIRIBIRI by JC Reyes & Pedro Calderon', 'No_se_ve.mp3 by Emilia & LUDMILLA & ZECCA', 'COCO LOCO by Maluma', 'VAGABUNDO by Sebastian Yatra & Manuel Turizo & Beéle', 'LA INOCENTE by Mora', 'MERCHO by LiL CaKe & Migrantes', 'Cupido by TINI', 'BESO by ROSALÍA & Rauw Alejandro', 'Corazón Roto - Remix by Brray & Jhayco & Ryan Castro', 'Yandel 150 by Yandel', 'El Merengue by Marshmello & Manuel Turizo', 'S91 by KAROL G', 'WANDA by Quevedo', 'Supernova by Saiko', 'Mi Lova by Bad Gyal & Myke Towers', 'Un Rodeoooo by Rels B', 'Coco Chanel by Eladio Carrion', 'Quevedo: Bzrp Music Sessions, Vol. 52 by Bizarrap & Quevedo', 'WHERE SHE GOES by Bad Bunny', 'Columbia by Quevedo', 'POLARIS - Remix by Saiko & Feid & Quevedo', 'Holanda by Jhayco', 'Pacto (feat. Bryant Myers & Dei V) - Remix by Jay Wheeler & Anuel AA & Hades66', 'TQG by KAROL G', 'Rauw Alejandro: Bzrp Music Sessions, Vol. 56 by Bizarrap & Rauw Alejandro', 'LALA by Myke Towers', 'Arena y Sal by Omar Montes & Saiko & Tunvao', 'EL TONTO by Lola Indigo', 'PLAYA DEL INGLÉS by Quevedo', 'Rara Vez by Taiu & Milo j', 'Antidepresivos by Saiko', 'CORAZÓN VACÍO by Maria Becerra', 'Chulo pt.2 by Bad Gyal & Tokischa & Young Miko', 'LAS BABYS by Aitana', 'PUNTO G by Quevedo', 'La Bachata by Manuel Turizo', 'Mami Chula by Jhayco & Quevedo', 'BABY HELLO by Rauw Alejandro', 'La Bebe - Remix by Yng Lvcas & Peso Pluma', 'Classy 101 by Feid & Young Miko', 'Los del Espacio by LIT killah', 'VENTE CONMIGO by Feid'}",1,1,0.02,2024-08
2024-08-11,"{'Cafe Malibú by Sech & Mora & Saiko', 'El Cielo by Sky Rompiendo & Feid & Myke Towers', 'Si La Calle Llama - Remix by Eladio Carrion', 'A 300 by JC Reyes & Pedro Calderon', 'Hey Mor by Ozuna', 'Nochentera by Vicco', 'Clavaito by Chanel & Abraham Mateo', 'Todo Contigo by Álvaro De Luna', 'PIRIBIRI by JC Reyes & Pedro Calderon', 'No_se_ve.mp3 by Emilia & LUDMILLA & ZECCA', 'COCO LOCO by Maluma', 'VAGABUNDO by Sebastian Yatra & Manuel Turizo & Beéle', 'LA INOCENTE by Mora', 'MERCHO by LiL CaKe & Migrantes', 'Cupido by TINI', 'BESO by ROSALÍA & Rauw Alejandro', 'Corazón Roto - Remix by Brray & Jhayco & Ryan Castro', 'Yandel 150 by Yandel', 'El Merengue by Marshmello & Manuel Turizo', 'S91 by KAROL G', 'WANDA by Quevedo', 'Supernova by Saiko', 'Mi Lova by Bad Gyal & Myke Towers', 'Un Rodeoooo by Rels B', 'Coco Chanel by Eladio Carrion', 'Quevedo: Bzrp Music Sessions, Vol. 52 by Bizarrap & Quevedo', 'WHERE SHE GOES by Bad Bunny', 'Columbia by Quevedo', 'POLARIS - Remix by Saiko & Feid & Quevedo', 'Holanda by Jhayco', 'Pacto (feat. Bryant Myers & Dei V) - Remix by Jay Wheeler & Anuel AA & Hades66', 'TQG by KAROL G', 'Rauw Alejandro: Bzrp Music Sessions, Vol. 56 by Bizarrap & Rauw Alejandro', 'LALA by Myke Towers', 'Arena y Sal by Omar Montes & Saiko & Tunvao', 'EL TONTO by Lola Indigo', 'PLAYA DEL INGLÉS by Quevedo', 'Rara Vez by Taiu & Milo j', 'Antidepresivos by Saiko', 'CORAZÓN VACÍO by Maria Becerra', 'Chulo pt.2 by Bad Gyal & Tokischa & Young Miko', 'LAS BABYS by Aitana', 'PUNTO G by Quevedo', 'La Bachata by Manuel Turizo', 'Mami Chula by Jhayco & Quevedo', 'BABY HELLO by Rauw Alejandro', 'La Bebe - Remix by Yng Lvcas & Peso Pluma', 'Classy 101 by Feid & Young Miko', 'Los del Espacio by LIT killah', 'VENTE CONMIGO by Feid'}",0,0,0.0,2024-08
2024-08-12,"{'Cafe Malibú by Sech & Mora & Saiko', 'El Cielo by Sky Rompiendo & Feid & Myke Towers', 'Si La Calle Llama - Remix by Eladio Carrion', 'A 300 by JC Reyes & Pedro Calderon', 'Hey Mor by Ozuna', 'Nochentera by Vicco', 'Clavaito by Chanel & Abraham Mateo', 'Todo Contigo by Álvaro De Luna', 'PIRIBIRI by JC Reyes & Pedro Calderon', 'No_se_ve.mp3 by Emilia & LUDMILLA & ZECCA', 'COCO LOCO by Maluma', 'VAGABUNDO by Sebastian Yatra & Manuel Turizo & Beéle', 'MERCHO by LiL CaKe & Migrantes', 'Cupido by TINI', 'BESO by ROSALÍA & Rauw Alejandro', 'Corazón Roto - Remix by Brray & Jhayco & Ryan Castro', 'Yandel 150 by Yandel', 'El Merengue by Marshmello & Manuel Turizo', 'S91 by KAROL G', 'WANDA by Quevedo', 'Supernova by Saiko', 'Mi Lova by Bad Gyal & Myke Towers', 'Un Rodeoooo by Rels B', 'Coco Chanel by Eladio Carrion', 'Quevedo: Bzrp Music Sessions, Vol. 52 by Bizarrap & Quevedo', 'WHERE SHE GOES by Bad Bunny', 'Columbia by Quevedo', 'POLARIS - Remix by Saiko & Feid & Quevedo', 'Holanda by Jhayco', 'Pacto (feat. Bryant Myers & Dei V) - Remix by Jay Wheeler & Anuel AA & Hades66', 'TQG by KAROL G', 'Rauw Alejandro: Bzrp Music Sessions, Vol. 56 by Bizarrap & Rauw Alejandro', 'Eva Longoria by Ozuna', 'LALA by Myke Towers', 'Arena y Sal by Omar Montes & Saiko & Tunvao', 'EL TONTO by Lola Indigo', 'PLAYA DEL INGLÉS by Quevedo', 'Rara Vez by Taiu & Milo j', 'Antidepresivos by Saiko', 'CORAZÓN VACÍO by Maria Becerra', 'Chulo pt.2 by Bad Gyal & Tokischa & Young Miko', 'LAS BABYS by Aitana', 'PUNTO G by Quevedo', 'La Bachata by Manuel Turizo', 'Mami Chula by Jhayco & Quevedo', 'BABY HELLO by Rauw Alejandro', 'La Bebe - Remix by Yng Lvcas & Peso Pluma', 'Classy 101 by Feid & Young Miko', 'Los del Espacio by LIT killah', 'VENTE CONMIGO by Feid'}",1,1,0.02,2024-08
2024-08-13,"{'Cafe Malibú by Sech & Mora & Saiko', 'El Cielo by Sky Rompiendo & Feid & Myke Towers', 'Si La Calle Llama - Remix by Eladio Carrion', 'A 300 by JC Reyes & Pedro Calderon', 'Hey Mor by Ozuna', 'Nochentera by Vicco', 'Clavaito by Chanel & Abraham Mateo', 'Todo Contigo by Álvaro De Luna', 'PIRIBIRI by JC Reyes & Pedro Calderon', 'No_se_ve.mp3 by Emilia & LUDMILLA & ZECCA', 'COCO LOCO by Maluma', 'VAGABUNDO by Sebastian Yatra & Manuel Turizo & Beéle', 'MERCHO by LiL CaKe & Migrantes', 'Cupido by TINI', 'BESO by ROSALÍA & Rauw Alejandro', 'MI EX TENÍA RAZÓN by KAROL G', 'Corazón Roto - Remix by Brray & Jhayco & Ryan Castro', 'Yandel 150 by Yandel', 'El Merengue by Marshmello & Manuel Turizo', 'S91 by KAROL G', 'WANDA by Quevedo', 'Supernova by Saiko', 'Mi Lova by Bad Gyal & Myke Towers', 'Un Rodeoooo by Rels B', 'Coco Chanel by Eladio Carrion', 'Quevedo: Bzrp Music Sessions, Vol. 52 by Bizarrap & Quevedo', 'WHERE SHE GOES by Bad Bunny', 'Columbia by Quevedo', 'POLARIS - Remix by Saiko & Feid & Quevedo', 'Holanda by Jhayco', 'Pacto (feat. Bryant Myers & Dei V) - Remix by Jay Wheeler & Anuel AA & Hades66', 'TQG by KAROL G', 'Rauw Alejandro: Bzrp Music Sessions, Vol. 56 by Bizarrap & Rauw Alejandro', 'Eva Longoria by Ozuna', 'LALA by Myke Towers', 'Arena y Sal by Omar Montes & Saiko & Tunvao', 'EL TONTO by Lola Indigo', 'PLAYA DEL INGLÉS by Quevedo', 'Rara Vez by Taiu & Milo j', 'Antidepresivos by Saiko', 'CORAZÓN VACÍO by Maria Becerra', 'Chulo pt.2 by Bad Gyal & Tokischa & Young Miko', 'LAS BABYS by Aitana', 'PUNTO G by Quevedo', 'La Bachata by Manuel Turizo', 'Mami Chula by Jhayco & Quevedo', 'BABY HELLO by Rauw Alejandro', 'La Bebe - Remix by Yng Lvcas & Peso Pluma', 'Classy 101 by Feid & Young Miko', 'Los del Espacio by LIT killah'}",1,1,0.02,2024-08
2024-08-14,"{'Cafe Malibú by Sech & Mora & Saiko', 'El Cielo by Sky Rompiendo & Feid & Myke Towers', 'Si La Calle Llama - Remix by Eladio Carrion', 'A 300 by JC Reyes & Pedro Calderon', 'Hey Mor by Ozuna', 'Nochentera by Vicco', 'Clavaito by Chanel & Abraham Mateo', 'Todo Contigo by Álvaro De Luna', 'PIRIBIRI by JC Reyes & Pedro Calderon', 'No_se_ve.mp3 by Emilia & LUDMILLA & ZECCA', 'COCO LOCO by Maluma', 'VAGABUNDO by Sebastian Yatra & Manuel Turizo & Beéle', 'MERCHO by LiL CaKe & Migrantes', 'Cupido by TINI', 'BESO by ROSALÍA & Rauw Alejandro', 'MI EX TENÍA RAZÓN by KAROL G', 'Corazón Roto - Remix by Brray & Jhayco & Ryan Castro', 'Yandel 150 by Yandel', 'El Merengue by Marshmello & Manuel Turizo', 'S91 by KAROL G', 'WANDA by Quevedo', 'Supernova by Saiko', 'Mi Lova by Bad Gyal & Myke Towers', 'Un Rodeoooo by Rels B', 'Coco Chanel by Eladio Carrion', 'Quevedo: Bzrp Music Sessions, Vol. 52 by Bizarrap & Quevedo', 'WHERE SHE GOES by Bad Bunny', 'Columbia by Quevedo', 'POLARIS - Remix by Saiko & Feid & Quevedo', 'Holanda by Jhayco', 'Pacto (feat. Bryant Myers & Dei V) - Remix by Jay Wheeler & Anuel AA & Hades66', 'TQG by KAROL G', 'Rauw Alejandro: Bzrp Music Sessions, Vol. 56 by Bizarrap & Rauw Alejandro', 'Eva Longoria by Ozuna', 'LALA by Myke Towers', 'Arena y Sal by Omar Montes & Saiko & Tunvao', 'EL TONTO by Lola Indigo', 'PLAYA DEL INGLÉS by Quevedo', 'Rara Vez by Taiu & Milo j', 'Antidepresivos by Saiko', 'CORAZÓN VACÍO by Maria Becerra', 'Chulo pt.2 by Bad Gyal & Tokischa & Young Miko', 'LAS BABYS by Aitana', 'PUNTO G by Quevedo', 'La Bachata by Manuel Turizo', 'Mami Chula by Jhayco & Quevedo', 'BABY HELLO by Rauw Alejandro', 'La Bebe - Remix by Yng Lvcas & Peso Pluma', 'Classy 101 by Feid & Young Miko', 'Los del Espacio by LIT killah'}",0,0,0.0,2024-08
2024-08-15,"{'Cafe Malibú by Sech & Mora & Saiko', 'El Cielo by Sky Rompiendo & Feid & Myke Towers', 'Si La Calle Llama - Remix by Eladio Carrion', 'A 300 by JC Reyes & Pedro Calderon', 'Hey Mor by Ozuna', 'Nochentera by Vicco', 'Clavaito by Chanel & Abraham Mateo', 'Todo Contigo by Álvaro De Luna', 'PIRIBIRI by JC Reyes & Pedro Calderon', 'No_se_ve.mp3 by Emilia & LUDMILLA & ZECCA', 'COCO LOCO by Maluma', 'VAGABUNDO by Sebastian Yatra & Manuel Turizo & Beéle', 'MERCHO by LiL CaKe & Migrantes', 'Cupido by TINI', 'BESO by ROSALÍA & Rauw Alejandro', 'MI EX TENÍA RAZÓN by KAROL G', 'Corazón Roto - Remix by Brray & Jhayco & Ryan Castro', 'Yandel 150 by Yandel', 'El Merengue by Marshmello & Manuel Turizo', 'S91 by KAROL G', 'WANDA by Quevedo', 'Supernova by Saiko', 'Mi Lova by Bad Gyal & Myke Towers', 'Un Rodeoooo by Rels B', 'Coco Chanel by Eladio Carrion', 'Quevedo: Bzrp Music Sessions, Vol. 52 by Bizarrap & Quevedo', 'WHERE SHE GOES by Bad Bunny', 'Columbia by Quevedo', 'POLARIS - Remix by Saiko & Feid & Quevedo', 'Holanda by Jhayco', 'Pacto (feat. Bryant Myers & Dei V) - Remix by Jay Wheeler & Anuel AA & Hades66', 'TQG by KAROL G', 'Rauw Alejandro: Bzrp Music Sessions, Vol. 56 by Bizarrap & Rauw Alejandro', 'Eva Longoria by Ozuna', 'LALA by Myke Towers', 'Arena y Sal by Omar Montes & Saiko & Tunvao', 'EL TONTO by Lola Indigo', 'PLAYA DEL INGLÉS by Quevedo', 'Rara Vez by Taiu & Milo j', 'Antidepresivos by Saiko', 'CORAZÓN VACÍO by Maria Becerra', 'Chulo pt.2 by Bad Gyal & Tokischa & Young Miko', 'LAS BABYS by Aitana', 'PUNTO G by Quevedo', 'La Bachata by Manuel Turizo', 'Mami Chula by Jhayco & Quevedo', 'BABY HELLO by Rauw Alejandro', 'La Bebe - Remix by Yng Lvcas & Peso Pluma', 'Classy 101 by Feid & Young Miko', 'Los del Espacio by LIT killah'}",0,0,0.0,2024-08
2024-08-16,"{'Cafe Malibú by Sech & Mora & Saiko', 'El Cielo by Sky Rompiendo & Feid & Myke Towers', 'Si La Calle Llama - Remix by Eladio Carrion', 'A 300 by JC Reyes & Pedro Calderon', 'Nochentera by Vicco', 'Clavaito by Chanel & Abraham Mateo', 'Todo Contigo by Álvaro De Luna', 'PIRIBIRI by JC Reyes & Pedro Calderon', 'No_se_ve.mp3 by Emilia & LUDMILLA & ZECCA', 'COCO LOCO by Maluma', 'VAGABUNDO by Sebastian Yatra & Manuel Turizo & Beéle', 'MERCHO by LiL CaKe & Migrantes', 'Cupido by TINI', 'BESO by ROSALÍA & Rauw Alejandro', 'MI EX TENÍA RAZÓN by KAROL G', 'Corazón Roto - Remix by Brray & Jhayco & Ryan Castro', 'Yandel 150 by Yandel', 'El Merengue by Marshmello & Manuel Turizo', 'S91 by KAROL G', 'WANDA by Quevedo', 'Supernova by Saiko', 'Mi Lova by Bad Gyal & Myke Towers', 'Un Rodeoooo by Rels B', 'Coco Chanel by Eladio Carrion', 'Quevedo: Bzrp Music Sessions, Vol. 52 by Bizarrap & Quevedo', 'WHERE SHE GOES by Bad Bunny', 'Columbia by Quevedo', 'POLARIS - Remix by Saiko & Feid & Quevedo', 'Holanda by Jhayco', 'Pacto (feat. Bryant Myers & Dei V) - Remix by Jay Wheeler & Anuel AA & Hades66', 'TQG by KAROL G', 'Rauw Alejandro: Bzrp Music Sessions, Vol. 56 by Bizarrap & Rauw Alejandro', 'Eva Longoria by Ozuna', 'LALA by Myke Towers', 'Arena y Sal by Omar Montes & Saiko & Tunvao', 'EL TONTO by Lola Indigo', 'PLAYA DEL INGLÉS by Quevedo', 'Rara Vez by Taiu & Milo j', 'Antidepresivos by Saiko', 'CORAZÓN VACÍO by Maria Becerra', 'COSAS QUE NO TE DIJE by Saiko', 'Chulo pt.2 by Bad Gyal & Tokischa & Young Miko', 'LAS BABYS by Aitana', 'PUNTO G by Quevedo', 'La Bachata by Manuel Turizo', 'Mami Chula by Jhayco & Quevedo', 'BABY HELLO by Rauw Alejandro', 'La Bebe - Remix by Yng Lvcas & Peso Pluma', 'Classy 101 by Feid & Young Miko', 'Los del Espacio by LIT killah'}",1,1,0.02,2024-08
2024-08-17,"{'Cafe Malibú by Sech & Mora & Saiko', 'El Cielo by Sky Rompiendo & Feid & Myke Towers', 'Si La Calle Llama - Remix by Eladio Carrion', 'A 300 by JC Reyes & Pedro Calderon', 'Nochentera by Vicco', 'Clavaito by Chanel & Abraham Mateo', 'Todo Contigo by Álvaro De Luna', 'PIRIBIRI by JC Reyes & Pedro Calderon', 'No_se_ve.mp3 by Emilia & LUDMILLA & ZECCA', 'COCO LOCO by Maluma', 'VAGABUNDO by Sebastian Yatra & Manuel Turizo & Beéle', 'MERCHO by LiL CaKe & Migrantes', 'Cupido by TINI', 'BESO by ROSALÍA & Rauw Alejandro', 'MI EX TENÍA RAZÓN by KAROL G', 'Corazón Roto - Remix by Brray & Jhayco & Ryan Castro', 'Yandel 150 by Yandel', 'El Merengue by Marshmello & Manuel Turizo', 'S91 by KAROL G', 'WANDA by Quevedo', 'Supernova by Saiko', 'Mi Lova by Bad Gyal & Myke Towers', 'Un Rodeoooo by Rels B', 'Coco Chanel by Eladio Carrion', 'Quevedo: Bzrp Music Sessions, Vol. 52 by Bizarrap & Quevedo', 'WHERE SHE GOES by Bad Bunny', 'Columbia by Quevedo', 'POLARIS - Remix by Saiko & Feid & Quevedo', 'Holanda by Jhayco', 'Pacto (feat. Bryant Myers & Dei V) - Remix by Jay Wheeler & Anuel AA & Hades66', 'TQG by KAROL G', 'Rauw Alejandro: Bzrp Music Sessions, Vol. 56 by Bizarrap & Rauw Alejandro', 'Eva Longoria by Ozuna', 'LALA by Myke Towers', 'Arena y Sal by Omar Montes & Saiko & Tunvao', 'EL TONTO by Lola Indigo', 'PLAYA DEL INGLÉS by Quevedo', 'Rara Vez by Taiu & Milo j', 'Antidepresivos by Saiko', 'CORAZÓN VACÍO by Maria Becerra', 'COSAS QUE NO TE DIJE by Saiko', 'Chulo pt.2 by Bad Gyal & Tokischa & Young Miko', 'LAS BABYS by Aitana', 'PUNTO G by Quevedo', 'La Bachata by Manuel Turizo', 'Mami Chula by Jhayco & Quevedo', 'BABY HELLO by Rauw Alejandro', 'La Bebe - Remix by Yng Lvcas & Peso Pluma', 'Classy 101 by Feid & Young Miko', 'Los del Espacio by LIT killah'}",0,0,0.0,2024-08
2024-08-18,"{'Cafe Malibú by Sech & Mora & Saiko', 'El Cielo by Sky Rompiendo & Feid & Myke Towers', 'Si La Calle Llama - Remix by Eladio Carrion', 'A 300 by JC Reyes & Pedro Calderon', 'Nochentera by Vicco', 'Clavaito by Chanel & Abraham Mateo', 'Todo Contigo by Álvaro De Luna', 'PIRIBIRI by JC Reyes & Pedro Calderon', 'No_se_ve.mp3 by Emilia & LUDMILLA & ZECCA', 'COCO LOCO by Maluma', 'VAGABUNDO by Sebastian Yatra & Manuel Turizo & Beéle', 'MERCHO by LiL CaKe & Migrantes', 'Cupido by TINI', 'BESO by ROSALÍA & Rauw Alejandro', 'MI EX TENÍA RAZÓN by KAROL G', 'Corazón Roto - Remix by Brray & Jhayco & Ryan Castro', 'Yandel 150 by Yandel', 'El Merengue by Marshmello & Manuel Turizo', 'S91 by KAROL G', 'WANDA by Quevedo', 'Supernova by Saiko', 'Mi Lova by Bad Gyal & Myke Towers', 'Un Rodeoooo by Rels B', 'Coco Chanel by Eladio Carrion', 'Quevedo: Bzrp Music Sessions, Vol. 52 by Bizarrap & Quevedo', 'WHERE SHE GOES by Bad Bunny', 'Columbia by Quevedo', 'POLARIS - Remix by Saiko & Feid & Quevedo', 'Holanda by Jhayco', 'Pacto (feat. Bryant Myers & Dei V) - Remix by Jay Wheeler & Anuel AA & Hades66', 'TQG by KAROL G', 'Rauw Alejandro: Bzrp Music Sessions, Vol. 56 by Bizarrap & Rauw Alejandro', 'Eva Longoria by Ozuna', 'LALA by Myke Towers', 'Arena y Sal by Omar Montes & Saiko & Tunvao', 'EL TONTO by Lola Indigo', 'PLAYA DEL INGLÉS by Quevedo', 'Rara Vez by Taiu & Milo j', 'Antidepresivos by Saiko', 'CORAZÓN VACÍO by Maria Becerra', 'COSAS QUE NO TE DIJE by Saiko', 'Chulo pt.2 by Bad Gyal & Tokischa & Young Miko', 'LAS BABYS by Aitana', 'PUNTO G by Quevedo', 'La Bachata by Manuel Turizo', 'Mami Chula by Jhayco & Quevedo', 'BABY HELLO by Rauw Alejandro', 'La Bebe - Remix by Yng Lvcas & Peso Pluma', 'Classy 101 by Feid & Young Miko', 'Los del Espacio by LIT killah'}",0,0,0.0,2024-08
2024-08-19,"{'Cafe Malibú by Sech & Mora & Saiko', 'El Cielo by Sky Rompiendo & Feid & Myke Towers', 'Si La Calle Llama - Remix by Eladio Carrion', 'A 300 by JC Reyes & Pedro Calderon', 'Nochentera by Vicco', 'Clavaito by Chanel & Abraham Mateo', 'Todo Contigo by Álvaro De Luna', 'PIRIBIRI by JC Reyes & Pedro Calderon', 'No_se_ve.mp3 by Emilia & LUDMILLA & ZECCA', 'COCO LOCO by Maluma', 'VAGABUNDO by Sebastian Yatra & Manuel Turizo & Beéle', 'MERCHO by LiL CaKe & Migrantes', 'Cupido by TINI', 'BESO by ROSALÍA & Rauw Alejandro', 'MI EX TENÍA RAZÓN by KAROL G', 'Corazón Roto - Remix by Brray & Jhayco & Ryan Castro', 'Yandel 150 by Yandel', 'El Merengue by Marshmello & Manuel Turizo', 'S91 by KAROL G', 'WANDA by Quevedo', 'Supernova by Saiko', 'Un Rodeoooo by Rels B', 'Coco Chanel by Eladio Carrion', 'Quevedo: Bzrp Music Sessions, Vol. 52 by Bizarrap & Quevedo', 'WHERE SHE GOES by Bad Bunny', 'Columbia by Quevedo', 'POLARIS - Remix by Saiko & Feid & Quevedo', 'Holanda by Jhayco', 'Pacto (feat. Bryant Myers & Dei V) - Remix by Jay Wheeler & Anuel AA & Hades66', 'TQG by KAROL G', 'Rauw Alejandro: Bzrp Music Sessions, Vol. 56 by Bizarrap & Rauw Alejandro', 'Eva Longoria by Ozuna', 'LALA by Myke Towers', 'Arena y Sal by Omar Montes & Saiko & Tunvao', 'EL TONTO by Lola Indigo', 'PLAYA DEL INGLÉS by Quevedo', 'Rara Vez by Taiu & Milo j', 'Antidepresivos by Saiko', 'CORAZÓN VACÍO by Maria Becerra', 'COSAS QUE NO TE DIJE by Saiko', 'Chulo pt.2 by Bad Gyal & Tokischa & Young Miko', 'LAS BABYS by Aitana', 'QLONA by KAROL G', 'PUNTO G by Quevedo', 'La Bachata by Manuel Turizo', 'Mami Chula by Jhayco & Quevedo', 'BABY HELLO by Rauw Alejandro', 'La Bebe - Remix by Yng Lvcas & Peso Pluma', 'Classy 101 by Feid & Young Miko', 'Los del Espacio by LIT killah'}",1,1,0.02,2024-08
2024-08-20,"{'Cafe Malibú by Sech & Mora & Saiko', 'El Cielo by Sky Rompiendo & Feid & Myke Towers', 'Si La Calle Llama - Remix by Eladio Carrion', 'A 300 by JC Reyes & Pedro Calderon', 'Nochentera by Vicco', 'Clavaito by Chanel & Abraham Mateo', 'Todo Contigo by Álvaro De Luna', 'PIRIBIRI by JC Reyes & Pedro Calderon', 'No_se_ve.mp3 by Emilia & LUDMILLA & ZECCA', 'COCO LOCO by Maluma', 'VAGABUNDO by Sebastian Yatra & Manuel Turizo & Beéle', 'MERCHO by LiL CaKe & Migrantes', 'Cupido by TINI', 'BESO by ROSALÍA & Rauw Alejandro', 'MI EX TENÍA RAZÓN by KAROL G', 'Corazón Roto - Remix by Brray & Jhayco & Ryan Castro', 'Yandel 150 by Yandel', 'El Merengue by Marshmello & Manuel Turizo', 'S91 by KAROL G', 'WANDA by Quevedo', 'Supernova by Saiko', 'Un Rodeoooo by Rels B', 'Coco Chanel by Eladio Carrion', 'Quevedo: Bzrp Music Sessions, Vol. 52 by Bizarrap & Quevedo', 'WHERE SHE GOES by Bad Bunny', 'Columbia by Quevedo', 'POLARIS - Remix by Saiko & Feid & Quevedo', 'Holanda by Jhayco', 'Pacto (feat. Bryant Myers & Dei V) - Remix by Jay Wheeler & Anuel AA & Hades66', 'TQG by KAROL G', 'Rauw Alejandro: Bzrp Music Sessions, Vol. 56 by Bizarrap & Rauw Alejandro', 'Eva Longoria by Ozuna', 'LALA by Myke Towers', 'Arena y Sal by Omar Montes & Saiko & Tunvao', 'EL TONTO by Lola Indigo', 'PLAYA DEL INGLÉS by Quevedo', 'Rara Vez by Taiu & Milo j', 'Antidepresivos by Saiko', 'CORAZÓN VACÍO by Maria Becerra', 'COSAS QUE NO TE DIJE by Saiko', 'Chulo pt.2 by Bad Gyal & Tokischa & Young Miko', 'LAS BABYS by Aitana', 'QLONA by KAROL G', 'PUNTO G by Quevedo', 'La Bachata by Manuel Turizo', 'Mami Chula by Jhayco & Quevedo', 'BABY HELLO by Rauw Alejandro', 'La Bebe - Remix by Yng Lvcas & Peso Pluma', 'Classy 101 by Feid & Young Miko', 'Los del Espacio by LIT killah'}",0,0,0.0,2024-08
2024-08-21,"{'Cafe Malibú by Sech & Mora & Saiko', 'El Cielo by Sky Rompiendo & Feid & Myke Towers', 'Si La Calle Llama - Remix by Eladio Carrion', 'A 300 by JC Reyes & Pedro Calderon', 'Nochentera by Vicco', 'Clavaito by Chanel & Abraham Mateo', 'Todo Contigo by Álvaro De Luna', 'PIRIBIRI by JC Reyes & Pedro Calderon', 'No_se_ve.mp3 by Emilia & LUDMILLA & ZECCA', 'COCO LOCO by Maluma', 'VAGABUNDO by Sebastian Yatra & Manuel Turizo & Beéle', 'MERCHO by LiL CaKe & Migrantes', 'Cupido by TINI', 'BESO by ROSALÍA & Rauw Alejandro', 'MI EX TENÍA RAZÓN by KAROL G', 'Corazón Roto - Remix by Brray & Jhayco & Ryan Castro', 'Yandel 150 by Yandel', 'El Merengue by Marshmello & Manuel Turizo', 'S91 by KAROL G', 'WANDA by Quevedo', 'Supernova by Saiko', 'Un Rodeoooo by Rels B', 'Coco Chanel by Eladio Carrion', 'Quevedo: Bzrp Music Sessions, Vol. 52 by Bizarrap & Quevedo', 'WHERE SHE GOES by Bad Bunny', 'Columbia by Quevedo', 'POLARIS - Remix by Saiko & Feid & Quevedo', 'Holanda by Jhayco', 'Pacto (feat. Bryant Myers & Dei V) - Remix by Jay Wheeler & Anuel AA & Hades66', 'TQG by KAROL G', 'Rauw Alejandro: Bzrp Music Sessions, Vol. 56 by Bizarrap & Rauw Alejandro', 'Eva Longoria by Ozuna', 'LALA by Myke Towers', 'Arena y Sal by Omar Montes & Saiko & Tunvao', 'EL TONTO by Lola Indigo', 'PLAYA DEL INGLÉS by Quevedo', 'Rara Vez by Taiu & Milo j', 'Antidepresivos by Saiko', 'CORAZÓN VACÍO by Maria Becerra', 'COSAS QUE NO TE DIJE by Saiko', 'Chulo pt.2 by Bad Gyal & Tokischa & Young Miko', 'LAS BABYS by Aitana', 'QLONA by KAROL G', 'PUNTO G by Quevedo', 'La Bachata by Manuel Turizo', 'Mami Chula by Jhayco & Quevedo', 'BABY HELLO by Rauw Alejandro', 'La Bebe - Remix by Yng Lvcas & Peso Pluma', 'Classy 101 by Feid & Young Miko', 'Los del Espacio by LIT killah'}",0,0,0.0,2024-08
2024-08-22,"{'Cafe Malibú by Sech & Mora & Saiko', 'El Cielo by Sky Rompiendo & Feid & Myke Towers', 'Si La Calle Llama - Remix by Eladio Carrion', 'A 300 by JC Reyes & Pedro Calderon', 'Hey Mor by Ozuna', 'Nochentera by Vicco', 'Clavaito by Chanel & Abraham Mateo', 'Todo Contigo by Álvaro De Luna', 'No_se_ve.mp3 by Emilia & LUDMILLA & ZECCA', 'COCO LOCO by Maluma', 'VAGABUNDO by Sebastian Yatra & Manuel Turizo & Beéle', 'MERCHO by LiL CaKe & Migrantes', 'Cupido by TINI', 'BESO by ROSALÍA & Rauw Alejandro', 'MI EX TENÍA RAZÓN by KAROL G', 'Corazón Roto - Remix by Brray & Jhayco & Ryan Castro', 'Yandel 150 by Yandel', 'El Merengue by Marshmello & Manuel Turizo', 'S91 by KAROL G', 'WANDA by Quevedo', 'Supernova by Saiko', 'Un Rodeoooo by Rels B', 'Coco Chanel by Eladio Carrion', 'Quevedo: Bzrp Music Sessions, Vol. 52 by Bizarrap & Quevedo', 'WHERE SHE GOES by Bad Bunny', 'Columbia by Quevedo', 'POLARIS - Remix by Saiko & Feid & Quevedo', 'Holanda by Jhayco', 'Pacto (feat. Bryant Myers & Dei V) - Remix by Jay Wheeler & Anuel AA & Hades66', 'TQG by KAROL G', 'Rauw Alejandro: Bzrp Music Sessions, Vol. 56 by Bizarrap & Rauw Alejandro', 'Eva Longoria by Ozuna', 'LALA by Myke Towers', 'Arena y Sal by Omar Montes & Saiko & Tunvao', 'EL TONTO by Lola Indigo', 'PLAYA DEL INGLÉS by Quevedo', 'Rara Vez by Taiu & Milo j', 'Antidepresivos by Saiko', 'CORAZÓN VACÍO by Maria Becerra', 'COSAS QUE NO TE DIJE by Saiko', 'Chulo pt.2 by Bad Gyal & Tokischa & Young Miko', 'LAS BABYS by Aitana', 'QLONA by KAROL G', 'PUNTO G by Quevedo', 'La Bachata by Manuel Turizo', 'Mami Chula by Jhayco & Quevedo', 'BABY HELLO by Rauw Alejandro', 'La Bebe - Remix by Yng Lvcas & Peso Pluma', 'Classy 101 by Feid & Young Miko', 'Los del Espacio by LIT killah'}",1,1,0.02,2024-08
2024-08-23,"{'Cafe Malibú by Sech & Mora & Saiko', 'El Cielo by Sky Rompiendo & Feid & Myke Towers', 'Si La Calle Llama - Remix by Eladio Carrion', 'A 300 by JC Reyes & Pedro Calderon', 'Hey Mor by Ozuna', 'Nochentera by Vicco', 'Clavaito by Chanel & Abraham Mateo', 'Todo Contigo by Álvaro De Luna', 'No_se_ve.mp3 by Emilia & LUDMILLA & ZECCA', 'COCO LOCO by Maluma', 'VAGABUNDO by Sebastian Yatra & Manuel Turizo & Beéle', 'MERCHO by LiL CaKe & Migrantes', 'Cupido by TINI', 'BESO by ROSALÍA & Rauw Alejandro', 'MI EX TENÍA RAZÓN by KAROL G', 'Corazón Roto - Remix by Brray & Jhayco & Ryan Castro', 'Yandel 150 by Yandel', 'El Merengue by Marshmello & Manuel Turizo', 'S91 by KAROL G', 'WANDA by Quevedo', 'Supernova by Saiko', 'Un Rodeoooo by Rels B', 'Coco Chanel by Eladio Carrion', 'Quevedo: Bzrp Music Sessions, Vol. 52 by Bizarrap & Quevedo', 'WHERE SHE GOES by Bad Bunny', 'Columbia by Quevedo', 'POLARIS - Remix by Saiko & Feid & Quevedo', 'Holanda by Jhayco', 'Pacto (feat. Bryant Myers & Dei V) - Remix by Jay Wheeler & Anuel AA & Hades66', 'TQG by KAROL G', 'Rauw Alejandro: Bzrp Music Sessions, Vol. 56 by Bizarrap & Rauw Alejandro', 'Eva Longoria by Ozuna', 'LALA by Myke Towers', 'Arena y Sal by Omar Montes & Saiko & Tunvao', 'EL TONTO by Lola Indigo', 'PLAYA DEL INGLÉS by Quevedo', 'Rara Vez by Taiu & Milo j', 'Antidepresivos by Saiko', 'CORAZÓN VACÍO by Maria Becerra', 'COSAS QUE NO TE DIJE by Saiko', 'Chulo pt.2 by Bad Gyal & Tokischa & Young Miko', 'LAS BABYS by Aitana', 'QLONA by KAROL G', 'PUNTO G by Quevedo', 'La Bachata by Manuel Turizo', 'Mami Chula by Jhayco & Quevedo', 'BABY HELLO by Rauw Alejandro', 'La Bebe - Remix by Yng Lvcas & Peso Pluma', 'Classy 101 by Feid & Young Miko', 'Los del Espacio by LIT killah'}",0,0,0.0,2024-08
2024-08-24,"{'Cafe Malibú by Sech & Mora & Saiko', 'El Cielo by Sky Rompiendo & Feid & Myke Towers', 'Si La Calle Llama - Remix by Eladio Carrion', 'A 300 by JC Reyes & Pedro Calderon', 'Hey Mor by Ozuna', 'Nochentera by Vicco', 'Clavaito by Chanel & Abraham Mateo', 'Todo Contigo by Álvaro De Luna', 'No_se_ve.mp3 by Emilia & LUDMILLA & ZECCA', 'COCO LOCO by Maluma', 'VAGABUNDO by Sebastian Yatra & Manuel Turizo & Beéle', 'MERCHO by LiL CaKe & Migrantes', 'Cupido by TINI', 'BESO by ROSALÍA & Rauw Alejandro', 'MI EX TENÍA RAZÓN by KAROL G', 'Corazón Roto - Remix by Brray & Jhayco & Ryan Castro', 'Yandel 150 by Yandel', 'El Merengue by Marshmello & Manuel Turizo', 'S91 by KAROL G', 'WANDA by Quevedo', 'Supernova by Saiko', 'Un Rodeoooo by Rels B', 'Coco Chanel by Eladio Carrion', 'Quevedo: Bzrp Music Sessions, Vol. 52 by Bizarrap & Quevedo', 'WHERE SHE GOES by Bad Bunny', 'Columbia by Quevedo', 'POLARIS - Remix by Saiko & Feid & Quevedo', 'Holanda by Jhayco', 'Pacto (feat. Bryant Myers & Dei V) - Remix by Jay Wheeler & Anuel AA & Hades66', 'TQG by KAROL G', 'Rauw Alejandro: Bzrp Music Sessions, Vol. 56 by Bizarrap & Rauw Alejandro', 'Eva Longoria by Ozuna', 'LALA by Myke Towers', 'Arena y Sal by Omar Montes & Saiko & Tunvao', 'EL TONTO by Lola Indigo', 'PLAYA DEL INGLÉS by Quevedo', 'Rara Vez by Taiu & Milo j', 'Antidepresivos by Saiko', 'CORAZÓN VACÍO by Maria Becerra', 'COSAS QUE NO TE DIJE by Saiko', 'Chulo pt.2 by Bad Gyal & Tokischa & Young Miko', 'LAS BABYS by Aitana', 'QLONA by KAROL G', 'PUNTO G by Quevedo', 'La Bachata by Manuel Turizo', 'Mami Chula by Jhayco & Quevedo', 'BABY HELLO by Rauw Alejandro', 'La Bebe - Remix by Yng Lvcas & Peso Pluma', 'Classy 101 by Feid & Young Miko', 'Los del Espacio by LIT killah'}",0,0,0.0,2024-08
2024-08-25,"{'Cafe Malibú by Sech & Mora & Saiko', 'El Cielo by Sky Rompiendo & Feid & Myke Towers', 'Si La Calle Llama - Remix by Eladio Carrion', 'A 300 by JC Reyes & Pedro Calderon', 'Hey Mor by Ozuna', 'Nochentera by Vicco', 'Clavaito by Chanel & Abraham Mateo', 'Todo Contigo by Álvaro De Luna', 'No_se_ve.mp3 by Emilia & LUDMILLA & ZECCA', 'COCO LOCO by Maluma', 'VAGABUNDO by Sebastian Yatra & Manuel Turizo & Beéle', 'MERCHO by LiL CaKe & Migrantes', 'Cupido by TINI', 'BESO by ROSALÍA & Rauw Alejandro', 'MI EX TENÍA RAZÓN by KAROL G', 'Corazón Roto - Remix by Brray & Jhayco & Ryan Castro', 'Yandel 150 by Yandel', 'El Merengue by Marshmello & Manuel Turizo', 'S91 by KAROL G', 'WANDA by Quevedo', 'Supernova by Saiko', 'Un Rodeoooo by Rels B', 'Coco Chanel by Eladio Carrion', 'Quevedo: Bzrp Music Sessions, Vol. 52 by Bizarrap & Quevedo', 'WHERE SHE GOES by Bad Bunny', 'Columbia by Quevedo', 'POLARIS - Remix by Saiko & Feid & Quevedo', 'Holanda by Jhayco', 'Pacto (feat. Bryant Myers & Dei V) - Remix by Jay Wheeler & Anuel AA & Hades66', 'TQG by KAROL G', 'Rauw Alejandro: Bzrp Music Sessions, Vol. 56 by Bizarrap & Rauw Alejandro', 'Eva Longoria by Ozuna', 'LALA by Myke Towers', 'Arena y Sal by Omar Montes & Saiko & Tunvao', 'EL TONTO by Lola Indigo', 'PLAYA DEL INGLÉS by Quevedo', 'Rara Vez by Taiu & Milo j', 'Antidepresivos by Saiko', 'CORAZÓN VACÍO by Maria Becerra', 'COSAS QUE NO TE DIJE by Saiko', 'Chulo pt.2 by Bad Gyal & Tokischa & Young Miko', 'LAS BABYS by Aitana', 'QLONA by KAROL G', 'PUNTO G by Quevedo', 'La Bachata by Manuel Turizo', 'Mami Chula by Jhayco & Quevedo', 'BABY HELLO by Rauw Alejandro', 'La Bebe - Remix by Yng Lvcas & Peso Pluma', 'Classy 101 by Feid & Young Miko', 'Los del Espacio by LIT killah'}",0,0,0.0,2024-08
2024-08-26,"{'Cafe Malibú by Sech & Mora & Saiko', 'El Cielo by Sky Rompiendo & Feid & Myke Towers', 'Si La Calle Llama - Remix by Eladio Carrion', 'A 300 by JC Reyes & Pedro Calderon', 'Nochentera by Vicco', 'Clavaito by Chanel & Abraham Mateo', 'Todo Contigo by Álvaro De Luna', 'FERXXO 151 by Feid & ICON', 'No_se_ve.mp3 by Emilia & LUDMILLA & ZECCA', 'COCO LOCO by Maluma', 'VAGABUNDO by Sebastian Yatra & Manuel Turizo & Beéle', 'MERCHO by LiL CaKe & Migrantes', 'Cupido by TINI', 'BESO by ROSALÍA & Rauw Alejandro', 'Corazón Roto - Remix by Brray & Jhayco & Ryan Castro', 'Yandel 150 by Yandel', 'El Merengue by Marshmello & Manuel Turizo', 'S91 by KAROL G', 'WANDA by Quevedo', 'Supernova by Saiko', 'Un Rodeoooo by Rels B', 'Coco Chanel by Eladio Carrion', 'Quevedo: Bzrp Music Sessions, Vol. 52 by Bizarrap & Quevedo', 'WHERE SHE GOES by Bad Bunny', 'Columbia by Quevedo', 'POLARIS - Remix by Saiko & Feid & Quevedo', 'Holanda by Jhayco', 'Pacto (feat. Bryant Myers & Dei V) - Remix by Jay Wheeler & Anuel AA & Hades66', 'TQG by KAROL G', 'Rauw Alejandro: Bzrp Music Sessions, Vol. 56 by Bizarrap & Rauw Alejandro', 'Eva Longoria by Ozuna', 'LALA by Myke Towers', 'Arena y Sal by Omar Montes & Saiko & Tunvao', 'EL TONTO by Lola Indigo', 'PLAYA DEL INGLÉS by Quevedo', 'Rara Vez by Taiu & Milo j', 'Antidepresivos by Saiko', 'CORAZÓN VACÍO by Maria Becerra', 'COSAS QUE NO TE DIJE by Saiko', 'Chulo pt.2 by Bad Gyal & Tokischa & Young Miko', 'LAS BABYS by Aitana', 'QLONA by KAROL G', 'PUNTO G by Quevedo', 'miamor by Aitana & Rels B', 'La Bachata by Manuel Turizo', 'Mami Chula by Jhayco & Quevedo', 'BABY HELLO by Rauw Alejandro', 'La Bebe - Remix by Yng Lvcas & Peso Pluma', 'Classy 101 by Feid & Young Miko', 'Los del Espacio by LIT killah'}",2,2,0.04,2024-08
2024-08-27,"{'Cafe Malibú by Sech & Mora & Saiko', 'El Cielo by Sky Rompiendo & Feid & Myke Towers', 'Si La Calle Llama - Remix by Eladio Carrion', 'A 300 by JC Reyes & Pedro Calderon', 'Nochentera by Vicco', 'Clavaito by Chanel & Abraham Mateo', 'Todo Contigo by Álvaro De Luna', 'FERXXO 151 by Feid & ICON', 'No_se_ve.mp3 by Emilia & LUDMILLA & ZECCA', 'COCO LOCO by Maluma', 'VAGABUNDO by Sebastian Yatra & Manuel Turizo & Beéle', 'MERCHO by LiL CaKe & Migrantes', 'Cupido by TINI', 'BESO by ROSALÍA & Rauw Alejandro', 'Corazón Roto - Remix by Brray & Jhayco & Ryan Castro', 'Yandel 150 by Yandel', 'El Merengue by Marshmello & Manuel Turizo', 'S91 by KAROL G', 'WANDA by Quevedo', 'Supernova by Saiko', 'Un Rodeoooo by Rels B', 'Coco Chanel by Eladio Carrion', 'Quevedo: Bzrp Music Sessions, Vol. 52 by Bizarrap & Quevedo', 'WHERE SHE GOES by Bad Bunny', 'Columbia by Quevedo', 'POLARIS - Remix by Saiko & Feid & Quevedo', 'Holanda by Jhayco', 'Pacto (feat. Bryant Myers & Dei V) - Remix by Jay Wheeler & Anuel AA & Hades66', 'TQG by KAROL G', 'Rauw Alejandro: Bzrp Music Sessions, Vol. 56 by Bizarrap & Rauw Alejandro', 'Eva Longoria by Ozuna', 'LALA by Myke Towers', 'Arena y Sal by Omar Montes & Saiko & Tunvao', 'EL TONTO by Lola Indigo', 'PLAYA DEL INGLÉS by Quevedo', 'Rara Vez by Taiu & Milo j', 'Antidepresivos by Saiko', 'CORAZÓN VACÍO by Maria Becerra', 'COSAS QUE NO TE DIJE by Saiko', 'Chulo pt.2 by Bad Gyal & Tokischa & Young Miko', 'LAS BABYS by Aitana', 'QLONA by KAROL G', 'PUNTO G by Quevedo', 'miamor by Aitana & Rels B', 'La Bachata by Manuel Turizo', 'Mami Chula by Jhayco & Quevedo', 'BABY HELLO by Rauw Alejandro', 'La Bebe - Remix by Yng Lvcas & Peso Pluma', 'Classy 101 by Feid & Young Miko', 'Los del Espacio by LIT killah'}",0,0,0.0,2024-08
2024-08-28,"{'Cafe Malibú by Sech & Mora & Saiko', 'El Cielo by Sky Rompiendo & Feid & Myke Towers', 'Si La Calle Llama - Remix by Eladio Carrion', 'A 300 by JC Reyes & Pedro Calderon', 'Nochentera by Vicco', 'Clavaito by Chanel & Abraham Mateo', 'Todo Contigo by Álvaro De Luna', 'FERXXO 151 by Feid & ICON', 'No_se_ve.mp3 by Emilia & LUDMILLA & ZECCA', 'COCO LOCO by Maluma', 'VAGABUNDO by Sebastian Yatra & Manuel Turizo & Beéle', 'MERCHO by LiL CaKe & Migrantes', 'Cupido by TINI', 'BESO by ROSALÍA & Rauw Alejandro', 'Corazón Roto - Remix by Brray & Jhayco & Ryan Castro', 'Yandel 150 by Yandel', 'El Merengue by Marshmello & Manuel Turizo', 'S91 by KAROL G', 'WANDA by Quevedo', 'Supernova by Saiko', 'Un Rodeoooo by Rels B', 'Coco Chanel by Eladio Carrion', 'Quevedo: Bzrp Music Sessions, Vol. 52 by Bizarrap & Quevedo', 'WHERE SHE GOES by Bad Bunny', 'Columbia by Quevedo', 'POLARIS - Remix by Saiko & Feid & Quevedo', 'Holanda by Jhayco', 'Pacto (feat. Bryant Myers & Dei V) - Remix by Jay Wheeler & Anuel AA & Hades66', 'TQG by KAROL G', 'Rauw Alejandro: Bzrp Music Sessions, Vol. 56 by Bizarrap & Rauw Alejandro', 'Eva Longoria by Ozuna', 'LALA by Myke Towers', 'Arena y Sal by Omar Montes & Saiko & Tunvao', 'EL TONTO by Lola Indigo', 'PLAYA DEL INGLÉS by Quevedo', 'Rara Vez by Taiu & Milo j', 'Antidepresivos by Saiko', 'CORAZÓN VACÍO by Maria Becerra', 'COSAS QUE NO TE DIJE by Saiko', 'Chulo pt.2 by Bad Gyal & Tokischa & Young Miko', 'LAS BABYS by Aitana', 'QLONA by KAROL G', 'PUNTO G by Quevedo', 'miamor by Aitana & Rels B', 'La Bachata by Manuel Turizo', 'Mami Chula by Jhayco & Quevedo', 'BABY HELLO by Rauw Alejandro', 'La Bebe - Remix by Yng Lvcas & Peso Pluma', 'Classy 101 by Feid & Young Miko', 'Los del Espacio by LIT killah'}",0,0,0.0,2024-08
2024-08-29,"{'Cafe Malibú by Sech & Mora & Saiko', 'El Cielo by Sky Rompiendo & Feid & Myke Towers', 'Si La Calle Llama - Remix by Eladio Carrion', 'A 300 by JC Reyes & Pedro Calderon', 'Nochentera by Vicco', 'Clavaito by Chanel & Abraham Mateo', 'Todo Contigo by Álvaro De Luna', 'FERXXO 151 by Feid & ICON', 'PIRIBIRI by JC Reyes & Pedro Calderon', 'No_se_ve.mp3 by Emilia & LUDMILLA & ZECCA', 'COCO LOCO by Maluma', 'VAGABUNDO by Sebastian Yatra & Manuel Turizo & Beéle', 'MERCHO by LiL CaKe & Migrantes', 'Cupido by TINI', 'BESO by ROSALÍA & Rauw Alejandro', 'Corazón Roto - Remix by Brray & Jhayco & Ryan Castro', 'Yandel 150 by Yandel', 'El Merengue by Marshmello & Manuel Turizo', 'S91 by KAROL G', 'WANDA by Quevedo', 'Supernova by Saiko', 'Un Rodeoooo by Rels B', 'Coco Chanel by Eladio Carrion', 'Quevedo: Bzrp Music Sessions, Vol. 52 by Bizarrap & Quevedo', 'WHERE SHE GOES by Bad Bunny', 'Columbia by Quevedo', 'POLARIS - Remix by Saiko & Feid & Quevedo', 'Holanda by Jhayco', 'Pacto (feat. Bryant Myers & Dei V) - Remix by Jay Wheeler & Anuel AA & Hades66', 'Rauw Alejandro: Bzrp Music Sessions, Vol. 56 by Bizarrap & Rauw Alejandro', 'Eva Longoria by Ozuna', 'LALA by Myke Towers', 'Arena y Sal by Omar Montes & Saiko & Tunvao', 'EL TONTO by Lola Indigo', 'PLAYA DEL INGLÉS by Quevedo', 'Rara Vez by Taiu & Milo j', 'Antidepresivos by Saiko', 'CORAZÓN VACÍO by Maria Becerra', 'COSAS QUE NO TE DIJE by Saiko', 'Chulo pt.2 by Bad Gyal & Tokischa & Young Miko', 'LAS BABYS by Aitana', 'QLONA by KAROL G', 'PUNTO G by Quevedo', 'miamor by Aitana & Rels B', 'La Bachata by Manuel Turizo', 'Mami Chula by Jhayco & Quevedo', 'BABY HELLO by Rauw Alejandro', 'La Bebe - Remix by Yng Lvcas & Peso Pluma', 'Classy 101 by Feid & Young Miko', 'Los del Espacio by LIT killah'}",1,1,0.02,2024-08
2024-08-30,"{'Cafe Malibú by Sech & Mora & Saiko', 'El Cielo by Sky Rompiendo & Feid & Myke Towers', 'A 300 by JC Reyes & Pedro Calderon', 'MEDIA LUNA by Mora', 'Nochentera by Vicco', 'Clavaito by Chanel & Abraham Mateo', 'Todo Contigo by Álvaro De Luna', 'FERXXO 151 by Feid & ICON', 'No_se_ve.mp3 by Emilia & LUDMILLA & ZECCA', 'COCO LOCO by Maluma', 'VAGABUNDO by Sebastian Yatra & Manuel Turizo & Beéle', 'LAGUNA by Mora', 'BESO by ROSALÍA & Rauw Alejandro', 'El Merengue by Marshmello & Manuel Turizo', 'AYER Y HOY by Mora', 'WANDA by Quevedo', 'Supernova by Saiko', 'DONDE SE APRENDE A QUERER? by Mora', 'EL CHACAL by Mora', 'FANTASÍAS by Mora', 'REINA by Mora', 'LOKITA by Mora', 'WHERE SHE GOES by Bad Bunny', 'Columbia by Quevedo', 'POLARIS - Remix by Saiko & Feid & Quevedo', 'Holanda by Jhayco', 'UN DESEO by Mora', 'Rauw Alejandro: Bzrp Music Sessions, Vol. 56 by Bizarrap & Rauw Alejandro', 'PASAJERO by Mora', 'Eva Longoria by Ozuna', 'LALA by Myke Towers', 'MAREA by Mora', 'DIAMONDS by Mora', 'Arena y Sal by Omar Montes & Saiko & Tunvao', 'EL TONTO by Lola Indigo', 'PIDE by Mora', 'PLAYA DEL INGLÉS by Quevedo', 'Rara Vez by Taiu & Milo j', 'PÓLVORA by Mora', 'Antidepresivos by Saiko', 'CORAZÓN VACÍO by Maria Becerra', 'COSAS QUE NO TE DIJE by Saiko', 'Chulo pt.2 by Bad Gyal & Tokischa & Young Miko', 'QLONA by KAROL G', 'miamor by Aitana & Rels B', 'La Bachata by Manuel Turizo', 'CÓRCEGA by Mora', 'BABY HELLO by Rauw Alejandro', 'Classy 101 by Feid & Young Miko', 'Los del Espacio by LIT killah'}",15,15,0.3,2024-08
2024-08-31,"{'Cafe Malibú by Sech & Mora & Saiko', 'El Cielo by Sky Rompiendo & Feid & Myke Towers', 'A 300 by JC Reyes & Pedro Calderon', 'MEDIA LUNA by Mora', 'Nochentera by Vicco', 'Clavaito by Chanel & Abraham Mateo', 'Todo Contigo by Álvaro De Luna', 'FERXXO 151 by Feid & ICON', 'No_se_ve.mp3 by Emilia & LUDMILLA & ZECCA', 'COCO LOCO by Maluma', 'VAGABUNDO by Sebastian Yatra & Manuel Turizo & Beéle', 'LAGUNA by Mora', 'BESO by ROSALÍA & Rauw Alejandro', 'El Merengue by Marshmello & Manuel Turizo', 'AYER Y HOY by Mora', 'WANDA by Quevedo', 'Supernova by Saiko', 'DONDE SE APRENDE A QUERER? by Mora', 'EL CHACAL by Mora', 'FANTASÍAS by Mora', 'REINA by Mora', 'LOKITA by Mora', 'WHERE SHE GOES by Bad Bunny', 'Columbia by Quevedo', 'POLARIS - Remix by Saiko & Feid & Quevedo', 'Holanda by Jhayco', 'UN DESEO by Mora', 'Rauw Alejandro: Bzrp Music Sessions, Vol. 56 by Bizarrap & Rauw Alejandro', 'PASAJERO by Mora', 'Eva Longoria by Ozuna', 'LALA by Myke Towers', 'MAREA by Mora', 'DIAMONDS by Mora', 'Arena y Sal by Omar Montes & Saiko & Tunvao', 'EL TONTO by Lola Indigo', 'PIDE by Mora', 'PLAYA DEL INGLÉS by Quevedo', 'Rara Vez by Taiu & Milo j', 'PÓLVORA by Mora', 'Antidepresivos by Saiko', 'CORAZÓN VACÍO by Maria Becerra', 'COSAS QUE NO TE DIJE by Saiko', 'Chulo pt.2 by Bad Gyal & Tokischa & Young Miko', 'QLONA by KAROL G', 'miamor by Aitana & Rels B', 'La Bachata by Manuel Turizo', 'CÓRCEGA by Mora', 'BABY HELLO by Rauw Alejandro', 'Classy 101 by Feid & Young Miko', 'Los del Espacio by LIT killah'}",0,0,0.0,2024-08
2024-09-01,"{'Cafe Malibú by Sech & Mora & Saiko', 'El Cielo by Sky Rompiendo & Feid & Myke Towers', 'A 300 by JC Reyes & Pedro Calderon', 'MEDIA LUNA by Mora', 'Nochentera by Vicco', 'Clavaito by Chanel & Abraham Mateo', 'Todo Contigo by Álvaro De Luna', 'FERXXO 151 by Feid & ICON', 'No_se_ve.mp3 by Emilia & LUDMILLA & ZECCA', 'COCO LOCO by Maluma', 'VAGABUNDO by Sebastian Yatra & Manuel Turizo & Beéle', 'LAGUNA by Mora', 'BESO by ROSALÍA & Rauw Alejandro', 'Corazón Roto - Remix by Brray & Jhayco & Ryan Castro', 'El Merengue by Marshmello & Manuel Turizo', 'S91 by KAROL G', 'WANDA by Quevedo', 'Supernova by Saiko', 'DONDE SE APRENDE A QUERER? by Mora', 'EL CHACAL by Mora', 'FANTASÍAS by Mora', 'REINA by Mora', 'LOKITA by Mora', 'WHERE SHE GOES by Bad Bunny', 'Columbia by Quevedo', 'POLARIS - Remix by Saiko & Feid & Quevedo', 'Holanda by Jhayco', 'Pacto (feat. Bryant Myers & Dei V) - Remix by Jay Wheeler & Anuel AA & Hades66', 'Rauw Alejandro: Bzrp Music Sessions, Vol. 56 by Bizarrap & Rauw Alejandro', 'PASAJERO by Mora', 'Eva Longoria by Ozuna', 'LALA by Myke Towers', 'DIAMONDS by Mora', 'Arena y Sal by Omar Montes & Saiko & Tunvao', 'EL TONTO by Lola Indigo', 'PIDE by Mora', 'PLAYA DEL INGLÉS by Quevedo', 'Rara Vez by Taiu & Milo j', 'PÓLVORA by Mora', 'Antidepresivos by Saiko', 'CORAZÓN VACÍO by Maria Becerra', 'COSAS QUE NO TE DIJE by Saiko', 'Chulo pt.2 by Bad Gyal & Tokischa & Young Miko', 'QLONA by KAROL G', 'miamor by Aitana & Rels B', 'La Bachata by Manuel Turizo', 'CÓRCEGA by Mora', 'BABY HELLO by Rauw Alejandro', 'Classy 101 by Feid & Young Miko', 'Los del Espacio by LIT killah'}",3,3,0.06,2024-09
2024-09-02,"{'Cafe Malibú by Sech & Mora & Saiko', 'El Cielo by Sky Rompiendo & Feid & Myke Towers', 'A 300 by JC Reyes & Pedro Calderon', 'MEDIA LUNA by Mora', 'Nochentera by Vicco', 'Clavaito by Chanel & Abraham Mateo', 'Todo Contigo by Álvaro De Luna', 'FERXXO 151 by Feid & ICON', 'No_se_ve.mp3 by Emilia & LUDMILLA & ZECCA', 'COCO LOCO by Maluma', 'VAGABUNDO by Sebastian Yatra & Manuel Turizo & Beéle', 'LAGUNA by Mora', 'BESO by ROSALÍA & Rauw Alejandro', 'Corazón Roto - Remix by Brray & Jhayco & Ryan Castro', 'El Merengue by Marshmello & Manuel Turizo', 'S91 by KAROL G', 'WANDA by Quevedo', 'Supernova by Saiko', 'DONDE SE APRENDE A QUERER? by Mora', 'EL CHACAL by Mora', 'FANTASÍAS by Mora', 'REINA by Mora', 'LOKITA by Mora', 'WHERE SHE GOES by Bad Bunny', 'Columbia by Quevedo', 'POLARIS - Remix by Saiko & Feid & Quevedo', 'Holanda by Jhayco', 'Pacto (feat. Bryant Myers & Dei V) - Remix by Jay Wheeler & Anuel AA & Hades66', 'Rauw Alejandro: Bzrp Music Sessions, Vol. 56 by Bizarrap & Rauw Alejandro', 'PASAJERO by Mora', 'Eva Longoria by Ozuna', 'LALA by Myke Towers', 'DIAMONDS by Mora', 'Arena y Sal by Omar Montes & Saiko & Tunvao', 'EL TONTO by Lola Indigo', 'PIDE by Mora', 'PLAYA DEL INGLÉS by Quevedo', 'Rara Vez by Taiu & Milo j', 'PÓLVORA by Mora', 'Antidepresivos by Saiko', 'CORAZÓN VACÍO by Maria Becerra', 'COSAS QUE NO TE DIJE by Saiko', 'Chulo pt.2 by Bad Gyal & Tokischa & Young Miko', 'QLONA by KAROL G', 'miamor by Aitana & Rels B', 'La Bachata by Manuel Turizo', 'CÓRCEGA by Mora', 'BABY HELLO by Rauw Alejandro', 'Classy 101 by Feid & Young Miko', 'Los del Espacio by LIT killah'}",0,0,0.0,2024-09
2024-09-03,"{'Cafe Malibú by Sech & Mora & Saiko', 'El Cielo by Sky Rompiendo & Feid & Myke Towers', 'A 300 by JC Reyes & Pedro Calderon', 'MEDIA LUNA by Mora', 'Nochentera by Vicco', 'Clavaito by Chanel & Abraham Mateo', 'Todo Contigo by Álvaro De Luna', 'FERXXO 151 by Feid & ICON', 'PIRIBIRI by JC Reyes & Pedro Calderon', 'No_se_ve.mp3 by Emilia & LUDMILLA & ZECCA', 'COCO LOCO by Maluma', 'VAGABUNDO by Sebastian Yatra & Manuel Turizo & Beéle', 'BESO by ROSALÍA & Rauw Alejandro', 'Corazón Roto - Remix by Brray & Jhayco & Ryan Castro', 'Yandel 150 by Yandel', 'El Merengue by Marshmello & Manuel Turizo', 'S91 by KAROL G', 'WANDA by Quevedo', 'Supernova by Saiko', 'DONDE SE APRENDE A QUERER? by Mora', 'FANTASÍAS by Mora', 'REINA by Mora', 'Coco Chanel by Eladio Carrion', 'Quevedo: Bzrp Music Sessions, Vol. 52 by Bizarrap & Quevedo', 'WHERE SHE GOES by Bad Bunny', 'Columbia by Quevedo', 'POLARIS - Remix by Saiko & Feid & Quevedo', 'Holanda by Jhayco', 'Pacto (feat. Bryant Myers & Dei V) - Remix by Jay Wheeler & Anuel AA & Hades66', 'Rauw Alejandro: Bzrp Music Sessions, Vol. 56 by Bizarrap & Rauw Alejandro', 'PASAJERO by Mora', 'Eva Longoria by Ozuna', 'LALA by Myke Towers', 'MALA SUERTE by Lola Indigo & DELLAFUENTE', 'Arena y Sal by Omar Montes & Saiko & Tunvao', 'EL TONTO by Lola Indigo', 'PLAYA DEL INGLÉS by Quevedo', 'Rara Vez by Taiu & Milo j', 'PÓLVORA by Mora', 'Antidepresivos by Saiko', 'CORAZÓN VACÍO by Maria Becerra', 'COSAS QUE NO TE DIJE by Saiko', 'Chulo pt.2 by Bad Gyal & Tokischa & Young Miko', 'QLONA by KAROL G', 'miamor by Aitana & Rels B', 'PUNTO G by Quevedo', 'La Bachata by Manuel Turizo', 'BABY HELLO by Rauw Alejandro', 'Classy 101 by Feid & Young Miko', 'Los del Espacio by LIT killah'}",6,6,0.12,2024-09
2024-09-04,"{'Cafe Malibú by Sech & Mora & Saiko', 'El Cielo by Sky Rompiendo & Feid & Myke Towers', 'A 300 by JC Reyes & Pedro Calderon', 'MEDIA LUNA by Mora', 'Nochentera by Vicco', 'Clavaito by Chanel & Abraham Mateo', 'Todo Contigo by Álvaro De Luna', 'FERXXO 151 by Feid & ICON', 'PIRIBIRI by JC Reyes & Pedro Calderon', 'No_se_ve.mp3 by Emilia & LUDMILLA & ZECCA', 'COCO LOCO by Maluma', 'VAGABUNDO by Sebastian Yatra & Manuel Turizo & Beéle', 'BESO by ROSALÍA & Rauw Alejandro', 'Corazón Roto - Remix by Brray & Jhayco & Ryan Castro', 'Yandel 150 by Yandel', 'El Merengue by Marshmello & Manuel Turizo', 'S91 by KAROL G', 'WANDA by Quevedo', 'Supernova by Saiko', 'DONDE SE APRENDE A QUERER? by Mora', 'FANTASÍAS by Mora', 'REINA by Mora', 'Coco Chanel by Eladio Carrion', 'Quevedo: Bzrp Music Sessions, Vol. 52 by Bizarrap & Quevedo', 'WHERE SHE GOES by Bad Bunny', 'Columbia by Quevedo', 'POLARIS - Remix by Saiko & Feid & Quevedo', 'Holanda by Jhayco', 'Pacto (feat. Bryant Myers & Dei V) - Remix by Jay Wheeler & Anuel AA & Hades66', 'Rauw Alejandro: Bzrp Music Sessions, Vol. 56 by Bizarrap & Rauw Alejandro', 'PASAJERO by Mora', 'Eva Longoria by Ozuna', 'LALA by Myke Towers', 'MALA SUERTE by Lola Indigo & DELLAFUENTE', 'Arena y Sal by Omar Montes & Saiko & Tunvao', 'EL TONTO by Lola Indigo', 'PLAYA DEL INGLÉS by Quevedo', 'Rara Vez by Taiu & Milo j', 'PÓLVORA by Mora', 'Antidepresivos by Saiko', 'CORAZÓN VACÍO by Maria Becerra', 'COSAS QUE NO TE DIJE by Saiko', 'Chulo pt.2 by Bad Gyal & Tokischa & Young Miko', 'QLONA by KAROL G', 'miamor by Aitana & Rels B', 'PUNTO G by Quevedo', 'La Bachata by Manuel Turizo', 'BABY HELLO by Rauw Alejandro', 'Classy 101 by Feid & Young Miko', 'Los del Espacio by LIT killah'}",0,0,0.0,2024-09
2024-09-05,"{'Cafe Malibú by Sech & Mora & Saiko', 'El Cielo by Sky Rompiendo & Feid & Myke Towers', 'A 300 by JC Reyes & Pedro Calderon', 'MEDIA LUNA by Mora', 'Nochentera by Vicco', 'Clavaito by Chanel & Abraham Mateo', 'Todo Contigo by Álvaro De Luna', 'FERXXO 151 by Feid & ICON', 'PIRIBIRI by JC Reyes & Pedro Calderon', 'No_se_ve.mp3 by Emilia & LUDMILLA & ZECCA', 'COCO LOCO by Maluma', 'VAGABUNDO by Sebastian Yatra & Manuel Turizo & Beéle', 'BESO by ROSALÍA & Rauw Alejandro', 'Corazón Roto - Remix by Brray & Jhayco & Ryan Castro', 'Yandel 150 by Yandel', 'El Merengue by Marshmello & Manuel Turizo', 'WANDA by Quevedo', 'Supernova by Saiko', 'DONDE SE APRENDE A QUERER? by Mora', 'REINA by Mora', 'Un Rodeoooo by Rels B', 'Coco Chanel by Eladio Carrion', 'Quevedo: Bzrp Music Sessions, Vol. 52 by Bizarrap & Quevedo', 'WHERE SHE GOES by Bad Bunny', 'Columbia by Quevedo', 'POLARIS - Remix by Saiko & Feid & Quevedo', 'Holanda by Jhayco', 'Pacto (feat. Bryant Myers & Dei V) - Remix by Jay Wheeler & Anuel AA & Hades66', 'Rauw Alejandro: Bzrp Music Sessions, Vol. 56 by Bizarrap & Rauw Alejandro', 'PASAJERO by Mora', 'Eva Longoria by Ozuna', 'LALA by Myke Towers', 'MALA SUERTE by Lola Indigo & DELLAFUENTE', 'Arena y Sal by Omar Montes & Saiko & Tunvao', 'EL TONTO by Lola Indigo', 'PLAYA DEL INGLÉS by Quevedo', 'Rara Vez by Taiu & Milo j', 'PÓLVORA by Mora', 'Antidepresivos by Saiko', 'CORAZÓN VACÍO by Maria Becerra', 'COSAS QUE NO TE DIJE by Saiko', 'Chulo pt.2 by Bad Gyal & Tokischa & Young Miko', 'QLONA by KAROL G', 'miamor by Aitana & Rels B', 'PUNTO G by Quevedo', 'La Bachata by Manuel Turizo', 'Mami Chula by Jhayco & Quevedo', 'BABY HELLO by Rauw Alejandro', 'Classy 101 by Feid & Young Miko', 'Los del Espacio by LIT killah'}",2,2,0.04,2024-09
2024-09-06,"{'Cafe Malibú by Sech & Mora & Saiko', 'El Cielo by Sky Rompiendo & Feid & Myke Towers', 'A 300 by JC Reyes & Pedro Calderon', 'MEDIA LUNA by Mora', 'Nochentera by Vicco', 'Clavaito by Chanel & Abraham Mateo', 'Todo Contigo by Álvaro De Luna', 'FERXXO 151 by Feid & ICON', 'PIRIBIRI by JC Reyes & Pedro Calderon', 'No_se_ve.mp3 by Emilia & LUDMILLA & ZECCA', 'COCO LOCO by Maluma', 'VAGABUNDO by Sebastian Yatra & Manuel Turizo & Beéle', 'BESO by ROSALÍA & Rauw Alejandro', 'Corazón Roto - Remix by Brray & Jhayco & Ryan Castro', 'Yandel 150 by Yandel', 'El Merengue by Marshmello & Manuel Turizo', 'WANDA by Quevedo', 'Supernova by Saiko', 'DONDE SE APRENDE A QUERER? by Mora', 'REINA by Mora', 'Un Rodeoooo by Rels B', 'Coco Chanel by Eladio Carrion', 'Quevedo: Bzrp Music Sessions, Vol. 52 by Bizarrap & Quevedo', 'WHERE SHE GOES by Bad Bunny', 'Columbia by Quevedo', 'POLARIS - Remix by Saiko & Feid & Quevedo', 'Holanda by Jhayco', 'Pacto (feat. Bryant Myers & Dei V) - Remix by Jay Wheeler & Anuel AA & Hades66', 'Rauw Alejandro: Bzrp Music Sessions, Vol. 56 by Bizarrap & Rauw Alejandro', 'PASAJERO by Mora', 'Eva Longoria by Ozuna', 'LALA by Myke Towers', 'MALA SUERTE by Lola Indigo & DELLAFUENTE', 'Arena y Sal by Omar Montes & Saiko & Tunvao', 'EL TONTO by Lola Indigo', 'PLAYA DEL INGLÉS by Quevedo', 'Rara Vez by Taiu & Milo j', 'PÓLVORA by Mora', 'Antidepresivos by Saiko', 'CORAZÓN VACÍO by Maria Becerra', 'COSAS QUE NO TE DIJE by Saiko', 'Chulo pt.2 by Bad Gyal & Tokischa & Young Miko', 'QLONA by KAROL G', 'miamor by Aitana & Rels B', 'PUNTO G by Quevedo', 'La Bachata by Manuel Turizo', 'Mami Chula by Jhayco & Quevedo', 'BABY HELLO by Rauw Alejandro', 'Classy 101 by Feid & Young Miko', 'Los del Espacio by LIT killah'}",0,0,0.0,2024-09
2024-09-07,"{'Cafe Malibú by Sech & Mora & Saiko', 'El Cielo by Sky Rompiendo & Feid & Myke Towers', 'A 300 by JC Reyes & Pedro Calderon', 'MEDIA LUNA by Mora', 'Nochentera by Vicco', 'Clavaito by Chanel & Abraham Mateo', 'Todo Contigo by Álvaro De Luna', 'FERXXO 151 by Feid & ICON', 'PIRIBIRI by JC Reyes & Pedro Calderon', 'No_se_ve.mp3 by Emilia & LUDMILLA & ZECCA', 'COCO LOCO by Maluma', 'VAGABUNDO by Sebastian Yatra & Manuel Turizo & Beéle', 'BESO by ROSALÍA & Rauw Alejandro', 'Corazón Roto - Remix by Brray & Jhayco & Ryan Castro', 'Yandel 150 by Yandel', 'El Merengue by Marshmello & Manuel Turizo', 'WANDA by Quevedo', 'Supernova by Saiko', 'DONDE SE APRENDE A QUERER? by Mora', 'REINA by Mora', 'Un Rodeoooo by Rels B', 'Coco Chanel by Eladio Carrion', 'Quevedo: Bzrp Music Sessions, Vol. 52 by Bizarrap & Quevedo', 'WHERE SHE GOES by Bad Bunny', 'Columbia by Quevedo', 'POLARIS - Remix by Saiko & Feid & Quevedo', 'Holanda by Jhayco', 'Pacto (feat. Bryant Myers & Dei V) - Remix by Jay Wheeler & Anuel AA & Hades66', 'Rauw Alejandro: Bzrp Music Sessions, Vol. 56 by Bizarrap & Rauw Alejandro', 'PASAJERO by Mora', 'Eva Longoria by Ozuna', 'LALA by Myke Towers', 'MALA SUERTE by Lola Indigo & DELLAFUENTE', 'Arena y Sal by Omar Montes & Saiko & Tunvao', 'EL TONTO by Lola Indigo', 'PLAYA DEL INGLÉS by Quevedo', 'Rara Vez by Taiu & Milo j', 'PÓLVORA by Mora', 'Antidepresivos by Saiko', 'CORAZÓN VACÍO by Maria Becerra', 'COSAS QUE NO TE DIJE by Saiko', 'Chulo pt.2 by Bad Gyal & Tokischa & Young Miko', 'QLONA by KAROL G', 'miamor by Aitana & Rels B', 'PUNTO G by Quevedo', 'La Bachata by Manuel Turizo', 'Mami Chula by Jhayco & Quevedo', 'BABY HELLO by Rauw Alejandro', 'Classy 101 by Feid & Young Miko', 'Los del Espacio by LIT killah'}",0,0,0.0,2024-09
2024-09-08,"{'Cafe Malibú by Sech & Mora & Saiko', 'El Cielo by Sky Rompiendo & Feid & Myke Towers', 'A 300 by JC Reyes & Pedro Calderon', 'MEDIA LUNA by Mora', 'Nochentera by Vicco', 'Clavaito by Chanel & Abraham Mateo', 'Todo Contigo by Álvaro De Luna', 'FERXXO 151 by Feid & ICON', 'PIRIBIRI by JC Reyes & Pedro Calderon', 'No_se_ve.mp3 by Emilia & LUDMILLA & ZECCA', 'COCO LOCO by Maluma', 'VAGABUNDO by Sebastian Yatra & Manuel Turizo & Beéle', 'BESO by ROSALÍA & Rauw Alejandro', 'Corazón Roto - Remix by Brray & Jhayco & Ryan Castro', 'Yandel 150 by Yandel', 'El Merengue by Marshmello & Manuel Turizo', 'WANDA by Quevedo', 'Supernova by Saiko', 'DONDE SE APRENDE A QUERER? by Mora', 'REINA by Mora', 'Un Rodeoooo by Rels B', 'Coco Chanel by Eladio Carrion', 'Quevedo: Bzrp Music Sessions, Vol. 52 by Bizarrap & Quevedo', 'WHERE SHE GOES by Bad Bunny', 'Columbia by Quevedo', 'POLARIS - Remix by Saiko & Feid & Quevedo', 'Holanda by Jhayco', 'Pacto (feat. Bryant Myers & Dei V) - Remix by Jay Wheeler & Anuel AA & Hades66', 'Rauw Alejandro: Bzrp Music Sessions, Vol. 56 by Bizarrap & Rauw Alejandro', 'PASAJERO by Mora', 'Eva Longoria by Ozuna', 'LALA by Myke Towers', 'MALA SUERTE by Lola Indigo & DELLAFUENTE', 'Arena y Sal by Omar Montes & Saiko & Tunvao', 'EL TONTO by Lola Indigo', 'PLAYA DEL INGLÉS by Quevedo', 'Rara Vez by Taiu & Milo j', 'PÓLVORA by Mora', 'Antidepresivos by Saiko', 'CORAZÓN VACÍO by Maria Becerra', 'COSAS QUE NO TE DIJE by Saiko', 'Chulo pt.2 by Bad Gyal & Tokischa & Young Miko', 'QLONA by KAROL G', 'miamor by Aitana & Rels B', 'PUNTO G by Quevedo', 'La Bachata by Manuel Turizo', 'Mami Chula by Jhayco & Quevedo', 'BABY HELLO by Rauw Alejandro', 'Classy 101 by Feid & Young Miko', 'Los del Espacio by LIT killah'}",0,0,0.0,2024-09
2024-09-09,"{'Cafe Malibú by Sech & Mora & Saiko', 'El Cielo by Sky Rompiendo & Feid & Myke Towers', 'A 300 by JC Reyes & Pedro Calderon', 'Nochentera by Vicco', 'Clavaito by Chanel & Abraham Mateo', 'Todo Contigo by Álvaro De Luna', 'FERXXO 151 by Feid & ICON', 'PIRIBIRI by JC Reyes & Pedro Calderon', 'No_se_ve.mp3 by Emilia & LUDMILLA & ZECCA', 'COCO LOCO by Maluma', 'VAGABUNDO by Sebastian Yatra & Manuel Turizo & Beéle', 'BESO by ROSALÍA & Rauw Alejandro', 'Corazón Roto - Remix by Brray & Jhayco & Ryan Castro', 'Yandel 150 by Yandel', 'El Merengue by Marshmello & Manuel Turizo', 'WANDA by Quevedo', 'Supernova by Saiko', 'DONDE SE APRENDE A QUERER? by Mora', 'REINA by Mora', 'Un Rodeoooo by Rels B', 'Coco Chanel by Eladio Carrion', 'MODELITO by Mora', 'Quevedo: Bzrp Music Sessions, Vol. 52 by Bizarrap & Quevedo', 'WHERE SHE GOES by Bad Bunny', 'Columbia by Quevedo', 'POLARIS - Remix by Saiko & Feid & Quevedo', 'Holanda by Jhayco', 'Pacto (feat. Bryant Myers & Dei V) - Remix by Jay Wheeler & Anuel AA & Hades66', 'Rauw Alejandro: Bzrp Music Sessions, Vol. 56 by Bizarrap & Rauw Alejandro', 'PASAJERO by Mora', 'Eva Longoria by Ozuna', 'LALA by Myke Towers', 'MALA SUERTE by Lola Indigo & DELLAFUENTE', 'Arena y Sal by Omar Montes & Saiko & Tunvao', 'EL TONTO by Lola Indigo', 'PLAYA DEL INGLÉS by Quevedo', 'Rara Vez by Taiu & Milo j', 'PÓLVORA by Mora', 'Antidepresivos by Saiko', 'CORAZÓN VACÍO by Maria Becerra', 'COSAS QUE NO TE DIJE by Saiko', 'Chulo pt.2 by Bad Gyal & Tokischa & Young Miko', 'QLONA by KAROL G', 'miamor by Aitana & Rels B', 'PUNTO G by Quevedo', 'La Bachata by Manuel Turizo', 'Mami Chula by Jhayco & Quevedo', 'BABY HELLO by Rauw Alejandro', 'Classy 101 by Feid & Young Miko', 'Los del Espacio by LIT killah'}",1,1,0.02,2024-09
2024-09-10,"{'Cafe Malibú by Sech & Mora & Saiko', 'El Cielo by Sky Rompiendo & Feid & Myke Towers', 'A 300 by JC Reyes & Pedro Calderon', 'Hey Mor by Ozuna', 'Nochentera by Vicco', 'Clavaito by Chanel & Abraham Mateo', 'Todo Contigo by Álvaro De Luna', 'FERXXO 151 by Feid & ICON', 'PIRIBIRI by JC Reyes & Pedro Calderon', 'No_se_ve.mp3 by Emilia & LUDMILLA & ZECCA', 'COCO LOCO by Maluma', 'VAGABUNDO by Sebastian Yatra & Manuel Turizo & Beéle', 'BESO by ROSALÍA & Rauw Alejandro', 'Corazón Roto - Remix by Brray & Jhayco & Ryan Castro', 'Yandel 150 by Yandel', 'El Merengue by Marshmello & Manuel Turizo', 'WANDA by Quevedo', 'Supernova by Saiko', 'DONDE SE APRENDE A QUERER? by Mora', 'REINA by Mora', 'Un Rodeoooo by Rels B', 'Coco Chanel by Eladio Carrion', 'MODELITO by Mora', 'Quevedo: Bzrp Music Sessions, Vol. 52 by Bizarrap & Quevedo', 'WHERE SHE GOES by Bad Bunny', 'Columbia by Quevedo', 'POLARIS - Remix by Saiko & Feid & Quevedo', 'Holanda by Jhayco', 'Pacto (feat. Bryant Myers & Dei V) - Remix by Jay Wheeler & Anuel AA & Hades66', 'Rauw Alejandro: Bzrp Music Sessions, Vol. 56 by Bizarrap & Rauw Alejandro', 'PASAJERO by Mora', 'Eva Longoria by Ozuna', 'LALA by Myke Towers', 'Arena y Sal by Omar Montes & Saiko & Tunvao', 'EL TONTO by Lola Indigo', 'PLAYA DEL INGLÉS by Quevedo', 'Rara Vez by Taiu & Milo j', 'Antidepresivos by Saiko', 'CORAZÓN VACÍO by Maria Becerra', 'COSAS QUE NO TE DIJE by Saiko', 'Chulo pt.2 by Bad Gyal & Tokischa & Young Miko', 'QLONA by KAROL G', 'SPANISH TETEO by Rvfv & Rels B & Omar Montes', 'PUNTO G by Quevedo', 'miamor by Aitana & Rels B', 'La Bachata by Manuel Turizo', 'Mami Chula by Jhayco & Quevedo', 'BABY HELLO by Rauw Alejandro', 'Classy 101 by Feid & Young Miko', 'Los del Espacio by LIT killah'}",2,2,0.04,2024-09
2024-09-11,"{'Cafe Malibú by Sech & Mora & Saiko', 'El Cielo by Sky Rompiendo & Feid & Myke Towers', 'A 300 by JC Reyes & Pedro Calderon', 'Hey Mor by Ozuna', 'Nochentera by Vicco', 'Clavaito by Chanel & Abraham Mateo', 'Todo Contigo by Álvaro De Luna', 'FERXXO 151 by Feid & ICON', 'PIRIBIRI by JC Reyes & Pedro Calderon', 'No_se_ve.mp3 by Emilia & LUDMILLA & ZECCA', 'COCO LOCO by Maluma', 'VAGABUNDO by Sebastian Yatra & Manuel Turizo & Beéle', 'BESO by ROSALÍA & Rauw Alejandro', 'Corazón Roto - Remix by Brray & Jhayco & Ryan Castro', 'Yandel 150 by Yandel', 'El Merengue by Marshmello & Manuel Turizo', 'WANDA by Quevedo', 'Supernova by Saiko', 'DONDE SE APRENDE A QUERER? by Mora', 'REINA by Mora', 'Un Rodeoooo by Rels B', 'Coco Chanel by Eladio Carrion', 'MODELITO by Mora', 'Quevedo: Bzrp Music Sessions, Vol. 52 by Bizarrap & Quevedo', 'WHERE SHE GOES by Bad Bunny', 'Columbia by Quevedo', 'POLARIS - Remix by Saiko & Feid & Quevedo', 'Holanda by Jhayco', 'Pacto (feat. Bryant Myers & Dei V) - Remix by Jay Wheeler & Anuel AA & Hades66', 'Rauw Alejandro: Bzrp Music Sessions, Vol. 56 by Bizarrap & Rauw Alejandro', 'PASAJERO by Mora', 'Eva Longoria by Ozuna', 'LALA by Myke Towers', 'Arena y Sal by Omar Montes & Saiko & Tunvao', 'EL TONTO by Lola Indigo', 'PLAYA DEL INGLÉS by Quevedo', 'Rara Vez by Taiu & Milo j', 'Antidepresivos by Saiko', 'CORAZÓN VACÍO by Maria Becerra', 'COSAS QUE NO TE DIJE by Saiko', 'Chulo pt.2 by Bad Gyal & Tokischa & Young Miko', 'QLONA by KAROL G', 'SPANISH TETEO by Rvfv & Rels B & Omar Montes', 'PUNTO G by Quevedo', 'miamor by Aitana & Rels B', 'La Bachata by Manuel Turizo', 'Mami Chula by Jhayco & Quevedo', 'BABY HELLO by Rauw Alejandro', 'Classy 101 by Feid & Young Miko', 'Los del Espacio by LIT killah'}",0,0,0.0,2024-09
2024-09-12,"{'Cafe Malibú by Sech & Mora & Saiko', 'El Cielo by Sky Rompiendo & Feid & Myke Towers', 'A 300 by JC Reyes & Pedro Calderon', 'Hey Mor by Ozuna', 'Nochentera by Vicco', 'Clavaito by Chanel & Abraham Mateo', 'Todo Contigo by Álvaro De Luna', 'FERXXO 151 by Feid & ICON', 'PIRIBIRI by JC Reyes & Pedro Calderon', 'No_se_ve.mp3 by Emilia & LUDMILLA & ZECCA', 'COCO LOCO by Maluma', 'VAGABUNDO by Sebastian Yatra & Manuel Turizo & Beéle', 'Cupido by TINI', 'BESO by ROSALÍA & Rauw Alejandro', 'Corazón Roto - Remix by Brray & Jhayco & Ryan Castro', 'Yandel 150 by Yandel', 'El Merengue by Marshmello & Manuel Turizo', 'WANDA by Quevedo', 'Supernova by Saiko', 'DONDE SE APRENDE A QUERER? by Mora', 'REINA by Mora', 'Un Rodeoooo by Rels B', 'Coco Chanel by Eladio Carrion', 'MODELITO by Mora', 'Quevedo: Bzrp Music Sessions, Vol. 52 by Bizarrap & Quevedo', 'WHERE SHE GOES by Bad Bunny', 'Columbia by Quevedo', 'POLARIS - Remix by Saiko & Feid & Quevedo', 'Holanda by Jhayco', 'Pacto (feat. Bryant Myers & Dei V) - Remix by Jay Wheeler & Anuel AA & Hades66', 'Rauw Alejandro: Bzrp Music Sessions, Vol. 56 by Bizarrap & Rauw Alejandro', 'PASAJERO by Mora', 'Eva Longoria by Ozuna', 'LALA by Myke Towers', 'Arena y Sal by Omar Montes & Saiko & Tunvao', 'EL TONTO by Lola Indigo', 'PLAYA DEL INGLÉS by Quevedo', 'Rara Vez by Taiu & Milo j', 'Antidepresivos by Saiko', 'CORAZÓN VACÍO by Maria Becerra', 'COSAS QUE NO TE DIJE by Saiko', 'Chulo pt.2 by Bad Gyal & Tokischa & Young Miko', 'QLONA by KAROL G', 'miamor by Aitana & Rels B', 'PUNTO G by Quevedo', 'La Bachata by Manuel Turizo', 'Mami Chula by Jhayco & Quevedo', 'BABY HELLO by Rauw Alejandro', 'Classy 101 by Feid & Young Miko', 'Los del Espacio by LIT killah'}",1,1,0.02,2024-09
2024-09-13,"{'Cafe Malibú by Sech & Mora & Saiko', 'El Cielo by Sky Rompiendo & Feid & Myke Towers', 'A 300 by JC Reyes & Pedro Calderon', 'Nochentera by Vicco', 'Clavaito by Chanel & Abraham Mateo', 'GATITA GANGSTER by KAROL G', 'Todo Contigo by Álvaro De Luna', 'FERXXO 151 by Feid & ICON', 'PIRIBIRI by JC Reyes & Pedro Calderon', 'No_se_ve.mp3 by Emilia & LUDMILLA & ZECCA', 'COCO LOCO by Maluma', 'VAGABUNDO by Sebastian Yatra & Manuel Turizo & Beéle', 'BESO by ROSALÍA & Rauw Alejandro', 'Corazón Roto - Remix by Brray & Jhayco & Ryan Castro', 'Yandel 150 by Yandel', 'El Merengue by Marshmello & Manuel Turizo', 'WANDA by Quevedo', 'Supernova by Saiko', 'DONDE SE APRENDE A QUERER? by Mora', 'REINA by Mora', 'Un Rodeoooo by Rels B', 'Coco Chanel by Eladio Carrion', 'MODELITO by Mora', 'Quevedo: Bzrp Music Sessions, Vol. 52 by Bizarrap & Quevedo', 'WHERE SHE GOES by Bad Bunny', 'Columbia by Quevedo', 'POLARIS - Remix by Saiko & Feid & Quevedo', 'Holanda by Jhayco', 'Corazón Roto pt. 3 by Brray & Anuel AA & Chencho Corleone', 'Pacto (feat. Bryant Myers & Dei V) - Remix by Jay Wheeler & Anuel AA & Hades66', 'Rauw Alejandro: Bzrp Music Sessions, Vol. 56 by Bizarrap & Rauw Alejandro', 'PASAJERO by Mora', 'Eva Longoria by Ozuna', 'LALA by Myke Towers', 'Arena y Sal by Omar Montes & Saiko & Tunvao', 'EL TONTO by Lola Indigo', 'PLAYA DEL INGLÉS by Quevedo', 'Rara Vez by Taiu & Milo j', 'Antidepresivos by Saiko', 'CORAZÓN VACÍO by Maria Becerra', 'COSAS QUE NO TE DIJE by Saiko', 'Chulo pt.2 by Bad Gyal & Tokischa & Young Miko', 'QLONA by KAROL G', 'miamor by Aitana & Rels B', 'PUNTO G by Quevedo', 'La Bachata by Manuel Turizo', 'Mami Chula by Jhayco & Quevedo', 'BABY HELLO by Rauw Alejandro', 'Classy 101 by Feid & Young Miko', 'Los del Espacio by LIT killah'}",2,2,0.04,2024-09
2024-09-14,"{'Cafe Malibú by Sech & Mora & Saiko', 'El Cielo by Sky Rompiendo & Feid & Myke Towers', 'A 300 by JC Reyes & Pedro Calderon', 'Nochentera by Vicco', 'Clavaito by Chanel & Abraham Mateo', 'GATITA GANGSTER by KAROL G', 'Todo Contigo by Álvaro De Luna', 'FERXXO 151 by Feid & ICON', 'PIRIBIRI by JC Reyes & Pedro Calderon', 'No_se_ve.mp3 by Emilia & LUDMILLA & ZECCA', 'COCO LOCO by Maluma', 'VAGABUNDO by Sebastian Yatra & Manuel Turizo & Beéle', 'BESO by ROSALÍA & Rauw Alejandro', 'Yandel 150 by Yandel', 'El Merengue by Marshmello & Manuel Turizo', 'WANDA by Quevedo', 'Supernova by Saiko', 'DONDE SE APRENDE A QUERER? by Mora', 'REINA by Mora', 'Un Rodeoooo by Rels B', 'Coco Chanel by Eladio Carrion', 'MODELITO by Mora', 'Quevedo: Bzrp Music Sessions, Vol. 52 by Bizarrap & Quevedo', 'WHERE SHE GOES by Bad Bunny', 'Columbia by Quevedo', 'POLARIS - Remix by Saiko & Feid & Quevedo', 'Holanda by Jhayco', 'Corazón Roto pt. 3 by Brray & Anuel AA & Chencho Corleone', 'Pacto (feat. Bryant Myers & Dei V) - Remix by Jay Wheeler & Anuel AA & Hades66', 'Rauw Alejandro: Bzrp Music Sessions, Vol. 56 by Bizarrap & Rauw Alejandro', 'PASAJERO by Mora', 'Eva Longoria by Ozuna', 'LALA by Myke Towers', 'Arena y Sal by Omar Montes & Saiko & Tunvao', 'EL TONTO by Lola Indigo', 'PLAYA DEL INGLÉS by Quevedo', 'Rara Vez by Taiu & Milo j', 'Antidepresivos by Saiko', 'CORAZÓN VACÍO by Maria Becerra', 'COSAS QUE NO TE DIJE by Saiko', 'Chulo pt.2 by Bad Gyal & Tokischa & Young Miko', 'QLONA by KAROL G', 'miamor by Aitana & Rels B', 'PUNTO G by Quevedo', 'La Bachata by Manuel Turizo', 'Mami Chula by Jhayco & Quevedo', 'BABY HELLO by Rauw Alejandro', 'BESOS (with Kidd Keo & Neelo) by SwaggGlock & Kidd Keo & Neelo', 'Classy 101 by Feid & Young Miko', 'Los del Espacio by LIT killah'}",1,1,0.02,2024-09
2024-09-15,"{'Cafe Malibú by Sech & Mora & Saiko', 'El Cielo by Sky Rompiendo & Feid & Myke Towers', 'A 300 by JC Reyes & Pedro Calderon', 'Nochentera by Vicco', 'Clavaito by Chanel & Abraham Mateo', 'GATITA GANGSTER by KAROL G', 'Todo Contigo by Álvaro De Luna', 'FERXXO 151 by Feid & ICON', 'PIRIBIRI by JC Reyes & Pedro Calderon', 'No_se_ve.mp3 by Emilia & LUDMILLA & ZECCA', 'COCO LOCO by Maluma', 'VAGABUNDO by Sebastian Yatra & Manuel Turizo & Beéle', 'BESO by ROSALÍA & Rauw Alejandro', 'Yandel 150 by Yandel', 'El Merengue by Marshmello & Manuel Turizo', 'WANDA by Quevedo', 'Supernova by Saiko', 'DONDE SE APRENDE A QUERER? by Mora', 'REINA by Mora', 'Un Rodeoooo by Rels B', 'Coco Chanel by Eladio Carrion', 'MODELITO by Mora', 'Quevedo: Bzrp Music Sessions, Vol. 52 by Bizarrap & Quevedo', 'WHERE SHE GOES by Bad Bunny', 'Columbia by Quevedo', 'POLARIS - Remix by Saiko & Feid & Quevedo', 'Holanda by Jhayco', 'Corazón Roto pt. 3 by Brray & Anuel AA & Chencho Corleone', 'Pacto (feat. Bryant Myers & Dei V) - Remix by Jay Wheeler & Anuel AA & Hades66', 'Rauw Alejandro: Bzrp Music Sessions, Vol. 56 by Bizarrap & Rauw Alejandro', 'PASAJERO by Mora', 'Eva Longoria by Ozuna', 'LALA by Myke Towers', 'Arena y Sal by Omar Montes & Saiko & Tunvao', 'EL TONTO by Lola Indigo', 'PLAYA DEL INGLÉS by Quevedo', 'Rara Vez by Taiu & Milo j', 'Antidepresivos by Saiko', 'CORAZÓN VACÍO by Maria Becerra', 'COSAS QUE NO TE DIJE by Saiko', 'Chulo pt.2 by Bad Gyal & Tokischa & Young Miko', 'QLONA by KAROL G', 'miamor by Aitana & Rels B', 'PUNTO G by Quevedo', 'La Bachata by Manuel Turizo', 'Mami Chula by Jhayco & Quevedo', 'BABY HELLO by Rauw Alejandro', 'BESOS (with Kidd Keo & Neelo) by SwaggGlock & Kidd Keo & Neelo', 'Classy 101 by Feid & Young Miko', 'Los del Espacio by LIT killah'}",0,0,0.0,2024-09
2024-09-16,"{'Cafe Malibú by Sech & Mora & Saiko', 'El Cielo by Sky Rompiendo & Feid & Myke Towers', 'A 300 by JC Reyes & Pedro Calderon', 'Nochentera by Vicco', 'Clavaito by Chanel & Abraham Mateo', 'GATITA GANGSTER by KAROL G', 'Todo Contigo by Álvaro De Luna', 'FERXXO 151 by Feid & ICON', 'PIRIBIRI by JC Reyes & Pedro Calderon', 'No_se_ve.mp3 by Emilia & LUDMILLA & ZECCA', 'COCO LOCO by Maluma', 'VAGABUNDO by Sebastian Yatra & Manuel Turizo & Beéle', 'BESO by ROSALÍA & Rauw Alejandro', 'Yandel 150 by Yandel', 'El Merengue by Marshmello & Manuel Turizo', 'WANDA by Quevedo', 'Supernova by Saiko', 'DONDE SE APRENDE A QUERER? by Mora', 'REINA by Mora', 'Un Rodeoooo by Rels B', 'Coco Chanel by Eladio Carrion', 'MODELITO by Mora', 'Quevedo: Bzrp Music Sessions, Vol. 52 by Bizarrap & Quevedo', 'WHERE SHE GOES by Bad Bunny', 'Columbia by Quevedo', 'POLARIS - Remix by Saiko & Feid & Quevedo', 'Holanda by Jhayco', 'Corazón Roto pt. 3 by Brray & Anuel AA & Chencho Corleone', 'Pacto (feat. Bryant Myers & Dei V) - Remix by Jay Wheeler & Anuel AA & Hades66', 'Rauw Alejandro: Bzrp Music Sessions, Vol. 56 by Bizarrap & Rauw Alejandro', 'PASAJERO by Mora', 'Eva Longoria by Ozuna', 'LALA by Myke Towers', 'Arena y Sal by Omar Montes & Saiko & Tunvao', 'EL TONTO by Lola Indigo', 'PLAYA DEL INGLÉS by Quevedo', 'Rara Vez by Taiu & Milo j', 'Antidepresivos by Saiko', 'CORAZÓN VACÍO by Maria Becerra', 'COSAS QUE NO TE DIJE by Saiko', 'Chulo pt.2 by Bad Gyal & Tokischa & Young Miko', 'QLONA by KAROL G', 'miamor by Aitana & Rels B', 'PUNTO G by Quevedo', 'La Bachata by Manuel Turizo', 'Mami Chula by Jhayco & Quevedo', 'BABY HELLO by Rauw Alejandro', 'BESOS (with Kidd Keo & Neelo) by SwaggGlock & Kidd Keo & Neelo', 'Classy 101 by Feid & Young Miko', 'Los del Espacio by LIT killah'}",0,0,0.0,2024-09
2024-09-17,"{'Cafe Malibú by Sech & Mora & Saiko', 'El Cielo by Sky Rompiendo & Feid & Myke Towers', 'A 300 by JC Reyes & Pedro Calderon', 'Nochentera by Vicco', 'Clavaito by Chanel & Abraham Mateo', 'GATITA GANGSTER by KAROL G', 'Todo Contigo by Álvaro De Luna', 'FERXXO 151 by Feid & ICON', 'PIRIBIRI by JC Reyes & Pedro Calderon', 'No_se_ve.mp3 by Emilia & LUDMILLA & ZECCA', 'COCO LOCO by Maluma', 'VAGABUNDO by Sebastian Yatra & Manuel Turizo & Beéle', 'BESO by ROSALÍA & Rauw Alejandro', 'Yandel 150 by Yandel', 'El Merengue by Marshmello & Manuel Turizo', 'WANDA by Quevedo', 'Supernova by Saiko', 'DONDE SE APRENDE A QUERER? by Mora', 'REINA by Mora', 'Un Rodeoooo by Rels B', 'Coco Chanel by Eladio Carrion', 'MODELITO by Mora', 'Quevedo: Bzrp Music Sessions, Vol. 52 by Bizarrap & Quevedo', 'WHERE SHE GOES by Bad Bunny', 'Columbia by Quevedo', 'POLARIS - Remix by Saiko & Feid & Quevedo', 'Holanda by Jhayco', 'Corazón Roto pt. 3 by Brray & Anuel AA & Chencho Corleone', 'Pacto (feat. Bryant Myers & Dei V) - Remix by Jay Wheeler & Anuel AA & Hades66', 'Rauw Alejandro: Bzrp Music Sessions, Vol. 56 by Bizarrap & Rauw Alejandro', 'PASAJERO by Mora', 'Eva Longoria by Ozuna', 'LALA by Myke Towers', 'Arena y Sal by Omar Montes & Saiko & Tunvao', 'EL TONTO by Lola Indigo', 'PLAYA DEL INGLÉS by Quevedo', 'Rara Vez by Taiu & Milo j', 'Antidepresivos by Saiko', 'CORAZÓN VACÍO by Maria Becerra', 'COSAS QUE NO TE DIJE by Saiko', 'Chulo pt.2 by Bad Gyal & Tokischa & Young Miko', 'QLONA by KAROL G', 'miamor by Aitana & Rels B', 'PUNTO G by Quevedo', 'La Bachata by Manuel Turizo', 'Mami Chula by Jhayco & Quevedo', 'BABY HELLO by Rauw Alejandro', 'BESOS (with Kidd Keo & Neelo) by SwaggGlock & Kidd Keo & Neelo', 'Classy 101 by Feid & Young Miko', 'Los del Espacio by LIT killah'}",0,0,0.0,2024-09
2024-09-18,"{'Cafe Malibú by Sech & Mora & Saiko', 'El Cielo by Sky Rompiendo & Feid & Myke Towers', 'A 300 by JC Reyes & Pedro Calderon', 'MEDIA LUNA by Mora', 'Nochentera by Vicco', 'Clavaito by Chanel & Abraham Mateo', 'GATITA GANGSTER by KAROL G', 'Todo Contigo by Álvaro De Luna', 'FERXXO 151 by Feid & ICON', 'PIRIBIRI by JC Reyes & Pedro Calderon', 'No_se_ve.mp3 by Emilia & LUDMILLA & ZECCA', 'COCO LOCO by Maluma', 'VAGABUNDO by Sebastian Yatra & Manuel Turizo & Beéle', 'BESO by ROSALÍA & Rauw Alejandro', 'Yandel 150 by Yandel', 'El Merengue by Marshmello & Manuel Turizo', 'WANDA by Quevedo', 'Supernova by Saiko', 'DONDE SE APRENDE A QUERER? by Mora', 'REINA by Mora', 'Un Rodeoooo by Rels B', 'MODELITO by Mora', 'Quevedo: Bzrp Music Sessions, Vol. 52 by Bizarrap & Quevedo', 'WHERE SHE GOES by Bad Bunny', 'Columbia by Quevedo', 'POLARIS - Remix by Saiko & Feid & Quevedo', 'Holanda by Jhayco', 'Corazón Roto pt. 3 by Brray & Anuel AA & Chencho Corleone', 'Pacto (feat. Bryant Myers & Dei V) - Remix by Jay Wheeler & Anuel AA & Hades66', 'Rauw Alejandro: Bzrp Music Sessions, Vol. 56 by Bizarrap & Rauw Alejandro', 'PASAJERO by Mora', 'Eva Longoria by Ozuna', 'LALA by Myke Towers', 'Arena y Sal by Omar Montes & Saiko & Tunvao', 'EL TONTO by Lola Indigo', 'PLAYA DEL INGLÉS by Quevedo', 'Rara Vez by Taiu & Milo j', 'Antidepresivos by Saiko', 'CORAZÓN VACÍO by Maria Becerra', 'COSAS QUE NO TE DIJE by Saiko', 'Chulo pt.2 by Bad Gyal & Tokischa & Young Miko', 'QLONA by KAROL G', 'miamor by Aitana & Rels B', 'PUNTO G by Quevedo', 'La Bachata by Manuel Turizo', 'Mami Chula by Jhayco & Quevedo', 'BABY HELLO by Rauw Alejandro', 'BESOS (with Kidd Keo & Neelo) by SwaggGlock & Kidd Keo & Neelo', 'Classy 101 by Feid & Young Miko', 'Los del Espacio by LIT killah'}",1,1,0.02,2024-09
2024-09-19,"{'Cafe Malibú by Sech & Mora & Saiko', 'El Cielo by Sky Rompiendo & Feid & Myke Towers', 'A 300 by JC Reyes & Pedro Calderon', 'MEDIA LUNA by Mora', 'Nochentera by Vicco', 'Clavaito by Chanel & Abraham Mateo', 'GATITA GANGSTER by KAROL G', 'Todo Contigo by Álvaro De Luna', 'FERXXO 151 by Feid & ICON', 'PIRIBIRI by JC Reyes & Pedro Calderon', 'No_se_ve.mp3 by Emilia & LUDMILLA & ZECCA', 'COCO LOCO by Maluma', 'VAGABUNDO by Sebastian Yatra & Manuel Turizo & Beéle', 'BESO by ROSALÍA & Rauw Alejandro', 'Yandel 150 by Yandel', 'El Merengue by Marshmello & Manuel Turizo', 'WANDA by Quevedo', 'Supernova by Saiko', 'DONDE SE APRENDE A QUERER? by Mora', 'REINA by Mora', 'Un Rodeoooo by Rels B', 'MODELITO by Mora', 'Quevedo: Bzrp Music Sessions, Vol. 52 by Bizarrap & Quevedo', 'WHERE SHE GOES by Bad Bunny', 'Columbia by Quevedo', 'POLARIS - Remix by Saiko & Feid & Quevedo', 'Te Menti by Ozuna & Saiko & Ovy On The Drums', 'Holanda by Jhayco', 'Corazón Roto pt. 3 by Brray & Anuel AA & Chencho Corleone', 'Pacto (feat. Bryant Myers & Dei V) - Remix by Jay Wheeler & Anuel AA & Hades66', 'Rauw Alejandro: Bzrp Music Sessions, Vol. 56 by Bizarrap & Rauw Alejandro', 'PASAJERO by Mora', 'Eva Longoria by Ozuna', 'LALA by Myke Towers', 'Arena y Sal by Omar Montes & Saiko & Tunvao', 'EL TONTO by Lola Indigo', 'PLAYA DEL INGLÉS by Quevedo', 'Rara Vez by Taiu & Milo j', 'Antidepresivos by Saiko', 'CORAZÓN VACÍO by Maria Becerra', 'COSAS QUE NO TE DIJE by Saiko', 'Chulo pt.2 by Bad Gyal & Tokischa & Young Miko', 'QLONA by KAROL G', 'miamor by Aitana & Rels B', 'PUNTO G by Quevedo', 'La Bachata by Manuel Turizo', 'BABY HELLO by Rauw Alejandro', 'BESOS (with Kidd Keo & Neelo) by SwaggGlock & Kidd Keo & Neelo', 'Classy 101 by Feid & Young Miko', 'Los del Espacio by LIT killah'}",1,1,0.02,2024-09
2024-09-20,"{'El Cielo by Sky Rompiendo & Feid & Myke Towers', 'Si No Estás by iñigo quintero', 'A 300 by JC Reyes & Pedro Calderon', 'MEDIA LUNA by Mora', 'Nochentera by Vicco', 'Clavaito by Chanel & Abraham Mateo', 'GATITA GANGSTER by KAROL G', 'Todo Contigo by Álvaro De Luna', 'FERXXO 151 by Feid & ICON', 'PIRIBIRI by JC Reyes & Pedro Calderon', 'No_se_ve.mp3 by Emilia & LUDMILLA & ZECCA', 'COCO LOCO by Maluma', 'VAGABUNDO by Sebastian Yatra & Manuel Turizo & Beéle', 'BESO by ROSALÍA & Rauw Alejandro', 'Yandel 150 by Yandel', 'El Merengue by Marshmello & Manuel Turizo', 'WANDA by Quevedo', 'Supernova by Saiko', 'DONDE SE APRENDE A QUERER? by Mora', 'REINA by Mora', 'Un Rodeoooo by Rels B', 'MODELITO by Mora', 'Quevedo: Bzrp Music Sessions, Vol. 52 by Bizarrap & Quevedo', 'WHERE SHE GOES by Bad Bunny', 'Columbia by Quevedo', 'POLARIS - Remix by Saiko & Feid & Quevedo', 'Te Menti by Ozuna & Saiko & Ovy On The Drums', 'Holanda by Jhayco', 'Corazón Roto pt. 3 by Brray & Anuel AA & Chencho Corleone', 'Pacto (feat. Bryant Myers & Dei V) - Remix by Jay Wheeler & Anuel AA & Hades66', 'Rauw Alejandro: Bzrp Music Sessions, Vol. 56 by Bizarrap & Rauw Alejandro', 'PASAJERO by Mora', 'Eva Longoria by Ozuna', 'LALA by Myke Towers', 'Arena y Sal by Omar Montes & Saiko & Tunvao', 'EL TONTO by Lola Indigo', 'PLAYA DEL INGLÉS by Quevedo', 'Rara Vez by Taiu & Milo j', 'Antidepresivos by Saiko', 'CORAZÓN VACÍO by Maria Becerra', 'COSAS QUE NO TE DIJE by Saiko', 'Chulo pt.2 by Bad Gyal & Tokischa & Young Miko', 'QLONA by KAROL G', 'miamor by Aitana & Rels B', 'PUNTO G by Quevedo', 'La Bachata by Manuel Turizo', 'BABY HELLO by Rauw Alejandro', 'BESOS (with Kidd Keo & Neelo) by SwaggGlock & Kidd Keo & Neelo', 'Classy 101 by Feid & Young Miko', 'Los del Espacio by LIT killah'}",1,1,0.02,2024-09
2024-09-21,"{'El Cielo by Sky Rompiendo & Feid & Myke Towers', 'Si No Estás by iñigo quintero', 'A 300 by JC Reyes & Pedro Calderon', 'MEDIA LUNA by Mora', 'Nochentera by Vicco', 'Clavaito by Chanel & Abraham Mateo', 'GATITA GANGSTER by KAROL G', 'Todo Contigo by Álvaro De Luna', 'FERXXO 151 by Feid & ICON', 'PIRIBIRI by JC Reyes & Pedro Calderon', 'No_se_ve.mp3 by Emilia & LUDMILLA & ZECCA', 'COCO LOCO by Maluma', 'VAGABUNDO by Sebastian Yatra & Manuel Turizo & Beéle', 'BESO by ROSALÍA & Rauw Alejandro', 'Yandel 150 by Yandel', 'El Merengue by Marshmello & Manuel Turizo', 'WANDA by Quevedo', 'Supernova by Saiko', 'DONDE SE APRENDE A QUERER? by Mora', 'REINA by Mora', 'Un Rodeoooo by Rels B', 'MODELITO by Mora', 'Quevedo: Bzrp Music Sessions, Vol. 52 by Bizarrap & Quevedo', 'WHERE SHE GOES by Bad Bunny', 'Columbia by Quevedo', 'POLARIS - Remix by Saiko & Feid & Quevedo', 'Te Menti by Ozuna & Saiko & Ovy On The Drums', 'Holanda by Jhayco', 'Corazón Roto pt. 3 by Brray & Anuel AA & Chencho Corleone', 'Pacto (feat. Bryant Myers & Dei V) - Remix by Jay Wheeler & Anuel AA & Hades66', 'Rauw Alejandro: Bzrp Music Sessions, Vol. 56 by Bizarrap & Rauw Alejandro', 'PASAJERO by Mora', 'Eva Longoria by Ozuna', 'LALA by Myke Towers', 'Arena y Sal by Omar Montes & Saiko & Tunvao', 'EL TONTO by Lola Indigo', 'PLAYA DEL INGLÉS by Quevedo', 'Rara Vez by Taiu & Milo j', 'Antidepresivos by Saiko', 'CORAZÓN VACÍO by Maria Becerra', 'COSAS QUE NO TE DIJE by Saiko', 'Chulo pt.2 by Bad Gyal & Tokischa & Young Miko', 'QLONA by KAROL G', 'miamor by Aitana & Rels B', 'PUNTO G by Quevedo', 'La Bachata by Manuel Turizo', 'BABY HELLO by Rauw Alejandro', 'BESOS (with Kidd Keo & Neelo) by SwaggGlock & Kidd Keo & Neelo', 'Classy 101 by Feid & Young Miko', 'Los del Espacio by LIT killah'}",0,0,0.0,2024-09
2024-09-22,"{'El Cielo by Sky Rompiendo & Feid & Myke Towers', 'Si No Estás by iñigo quintero', 'A 300 by JC Reyes & Pedro Calderon', 'Nochentera by Vicco', 'Clavaito by Chanel & Abraham Mateo', 'GATITA GANGSTER by KAROL G', 'Todo Contigo by Álvaro De Luna', 'FERXXO 151 by Feid & ICON', 'PIRIBIRI by JC Reyes & Pedro Calderon', 'No_se_ve.mp3 by Emilia & LUDMILLA & ZECCA', 'COCO LOCO by Maluma', 'VAGABUNDO by Sebastian Yatra & Manuel Turizo & Beéle', 'BESO by ROSALÍA & Rauw Alejandro', 'Yandel 150 by Yandel', 'El Merengue by Marshmello & Manuel Turizo', 'WANDA by Quevedo', 'Supernova by Saiko', 'DONDE SE APRENDE A QUERER? by Mora', 'REINA by Mora', 'Un Rodeoooo by Rels B', 'Coco Chanel by Eladio Carrion', 'MODELITO by Mora', 'Quevedo: Bzrp Music Sessions, Vol. 52 by Bizarrap & Quevedo', 'WHERE SHE GOES by Bad Bunny', 'Columbia by Quevedo', 'POLARIS - Remix by Saiko & Feid & Quevedo', 'Te Menti by Ozuna & Saiko & Ovy On The Drums', 'Holanda by Jhayco', 'Corazón Roto pt. 3 by Brray & Anuel AA & Chencho Corleone', 'Pacto (feat. Bryant Myers & Dei V) - Remix by Jay Wheeler & Anuel AA & Hades66', 'Rauw Alejandro: Bzrp Music Sessions, Vol. 56 by Bizarrap & Rauw Alejandro', 'PASAJERO by Mora', 'Eva Longoria by Ozuna', 'LALA by Myke Towers', 'Arena y Sal by Omar Montes & Saiko & Tunvao', 'EL TONTO by Lola Indigo', 'PLAYA DEL INGLÉS by Quevedo', 'Rara Vez by Taiu & Milo j', 'Antidepresivos by Saiko', 'CORAZÓN VACÍO by Maria Becerra', 'COSAS QUE NO TE DIJE by Saiko', 'Chulo pt.2 by Bad Gyal & Tokischa & Young Miko', 'QLONA by KAROL G', 'miamor by Aitana & Rels B', 'PUNTO G by Quevedo', 'La Bachata by Manuel Turizo', 'BABY HELLO by Rauw Alejandro', 'BESOS (with Kidd Keo & Neelo) by SwaggGlock & Kidd Keo & Neelo', 'Classy 101 by Feid & Young Miko', 'Los del Espacio by LIT killah'}",1,1,0.02,2024-09
2024-09-23,"{'El Cielo by Sky Rompiendo & Feid & Myke Towers', 'Si No Estás by iñigo quintero', 'A 300 by JC Reyes & Pedro Calderon', 'Nochentera by Vicco', 'Clavaito by Chanel & Abraham Mateo', 'GATITA GANGSTER by KAROL G', 'Todo Contigo by Álvaro De Luna', 'FERXXO 151 by Feid & ICON', 'PIRIBIRI by JC Reyes & Pedro Calderon', 'No_se_ve.mp3 by Emilia & LUDMILLA & ZECCA', 'COCO LOCO by Maluma', 'VAGABUNDO by Sebastian Yatra & Manuel Turizo & Beéle', 'BESO by ROSALÍA & Rauw Alejandro', 'Yandel 150 by Yandel', 'El Merengue by Marshmello & Manuel Turizo', 'WANDA by Quevedo', 'Supernova by Saiko', 'DONDE SE APRENDE A QUERER? by Mora', 'REINA by Mora', 'Un Rodeoooo by Rels B', 'Coco Chanel by Eladio Carrion', 'MODELITO by Mora', 'Quevedo: Bzrp Music Sessions, Vol. 52 by Bizarrap & Quevedo', 'WHERE SHE GOES by Bad Bunny', 'Columbia by Quevedo', 'POLARIS - Remix by Saiko & Feid & Quevedo', 'Te Menti by Ozuna & Saiko & Ovy On The Drums', 'Holanda by Jhayco', 'Corazón Roto pt. 3 by Brray & Anuel AA & Chencho Corleone', 'Pacto (feat. Bryant Myers & Dei V) - Remix by Jay Wheeler & Anuel AA & Hades66', 'Rauw Alejandro: Bzrp Music Sessions, Vol. 56 by Bizarrap & Rauw Alejandro', 'PASAJERO by Mora', 'Eva Longoria by Ozuna', 'LALA by Myke Towers', 'Arena y Sal by Omar Montes & Saiko & Tunvao', 'EL TONTO by Lola Indigo', 'PLAYA DEL INGLÉS by Quevedo', 'Rara Vez by Taiu & Milo j', 'Antidepresivos by Saiko', 'CORAZÓN VACÍO by Maria Becerra', 'COSAS QUE NO TE DIJE by Saiko', 'Chulo pt.2 by Bad Gyal & Tokischa & Young Miko', 'QLONA by KAROL G', 'miamor by Aitana & Rels B', 'PUNTO G by Quevedo', 'La Bachata by Manuel Turizo', 'BABY HELLO by Rauw Alejandro', 'BESOS (with Kidd Keo & Neelo) by SwaggGlock & Kidd Keo & Neelo', 'Classy 101 by Feid & Young Miko', 'Los del Espacio by LIT killah'}",0,0,0.0,2024-09
2024-09-24,"{'El Cielo by Sky Rompiendo & Feid & Myke Towers', 'Si No Estás by iñigo quintero', 'A 300 by JC Reyes & Pedro Calderon', 'Nochentera by Vicco', 'Clavaito by Chanel & Abraham Mateo', 'GATITA GANGSTER by KAROL G', 'FERXXO 151 by Feid & ICON', 'PIRIBIRI by JC Reyes & Pedro Calderon', 'No_se_ve.mp3 by Emilia & LUDMILLA & ZECCA', 'COCO LOCO by Maluma', 'BESO by ROSALÍA & Rauw Alejandro', 'Quien Es Dei V? by Dei V', 'El Merengue by Marshmello & Manuel Turizo', 'WANDA by Quevedo', 'Supernova by Saiko', 'miamor by Aitana', 'DONDE SE APRENDE A QUERER? by Mora', 'REINA by Mora', 'Coco Chanel by Eladio Carrion', 'MODELITO by Mora', 'Quevedo: Bzrp Music Sessions, Vol. 52 by Bizarrap & Quevedo', 'WHERE SHE GOES by Bad Bunny', 'Columbia by Quevedo', 'POLARIS - Remix by Saiko & Feid & Quevedo', 'Te Menti by Ozuna & Saiko & Ovy On The Drums', 'Holanda by Jhayco', 'Corazón Roto pt. 3 by Brray & Anuel AA & Chencho Corleone', 'Pacto (feat. Bryant Myers & Dei V) - Remix by Jay Wheeler & Anuel AA & Hades66', 'Rauw Alejandro: Bzrp Music Sessions, Vol. 56 by Bizarrap & Rauw Alejandro', 'Buenas by Quevedo & Saiko', 'PASAJERO by Mora', 'Dararí by Aitana', 'Eva Longoria by Ozuna', 'LALA by Myke Towers', 'Arena y Sal by Omar Montes & Saiko & Tunvao', 'EL TONTO by Lola Indigo', 'PLAYA DEL INGLÉS by Quevedo', 'Antidepresivos by Saiko', 'CORAZÓN VACÍO by Maria Becerra', 'COSAS QUE NO TE DIJE by Saiko', 'Chulo pt.2 by Bad Gyal & Tokischa & Young Miko', 'QLONA by KAROL G', 'VAGABUNDO by Sebastian Yatra', 'La Bachata by Manuel Turizo', 'BABY HELLO by Rauw Alejandro', 'El Jefe by Shakira & Fuerza Regida', 'BUBALU by Feid & Rema', 'BESOS (with Kidd Keo & Neelo) by SwaggGlock & Kidd Keo & Neelo', 'Classy 101 by Feid & Young Miko', 'Los del Espacio by LIT killah'}",7,7,0.14,2024-09
2024-09-25,"{'El Cielo by Sky Rompiendo & Feid & Myke Towers', 'Si No Estás by iñigo quintero', 'A 300 by JC Reyes & Pedro Calderon', 'Nochentera by Vicco', 'Clavaito by Chanel & Abraham Mateo', 'GATITA GANGSTER by KAROL G', 'FERXXO 151 by Feid & ICON', 'PIRIBIRI by JC Reyes & Pedro Calderon', 'No_se_ve.mp3 by Emilia & LUDMILLA & ZECCA', 'COCO LOCO by Maluma', 'BESO by ROSALÍA & Rauw Alejandro', 'Quien Es Dei V? by Dei V', 'El Merengue by Marshmello & Manuel Turizo', 'WANDA by Quevedo', 'Supernova by Saiko', 'miamor by Aitana', 'DONDE SE APRENDE A QUERER? by Mora', 'REINA by Mora', 'Coco Chanel by Eladio Carrion', 'MODELITO by Mora', 'Quevedo: Bzrp Music Sessions, Vol. 52 by Bizarrap & Quevedo', 'WHERE SHE GOES by Bad Bunny', 'Columbia by Quevedo', 'POLARIS - Remix by Saiko & Feid & Quevedo', 'Te Menti by Ozuna & Saiko & Ovy On The Drums', 'Holanda by Jhayco', 'Corazón Roto pt. 3 by Brray & Anuel AA & Chencho Corleone', 'Pacto (feat. Bryant Myers & Dei V) - Remix by Jay Wheeler & Anuel AA & Hades66', 'Rauw Alejandro: Bzrp Music Sessions, Vol. 56 by Bizarrap & Rauw Alejandro', 'Buenas by Quevedo & Saiko', 'PASAJERO by Mora', 'Dararí by Aitana', 'Eva Longoria by Ozuna', 'LALA by Myke Towers', 'Arena y Sal by Omar Montes & Saiko & Tunvao', 'EL TONTO by Lola Indigo', 'PLAYA DEL INGLÉS by Quevedo', 'Antidepresivos by Saiko', 'CORAZÓN VACÍO by Maria Becerra', 'COSAS QUE NO TE DIJE by Saiko', 'Chulo pt.2 by Bad Gyal & Tokischa & Young Miko', 'QLONA by KAROL G', 'VAGABUNDO by Sebastian Yatra', 'La Bachata by Manuel Turizo', 'BABY HELLO by Rauw Alejandro', 'El Jefe by Shakira & Fuerza Regida', 'BUBALU by Feid & Rema', 'BESOS (with Kidd Keo & Neelo) by SwaggGlock & Kidd Keo & Neelo', 'Classy 101 by Feid & Young Miko', 'Los del Espacio by LIT killah'}",0,0,0.0,2024-09
2024-09-26,"{'El Cielo by Sky Rompiendo & Feid & Myke Towers', 'Si No Estás by iñigo quintero', 'A 300 by JC Reyes & Pedro Calderon', 'Nochentera by Vicco', 'Clavaito by Chanel & Abraham Mateo', 'GATITA GANGSTER by KAROL G', 'FERXXO 151 by Feid & ICON', 'PIRIBIRI by JC Reyes & Pedro Calderon', 'No_se_ve.mp3 by Emilia & LUDMILLA & ZECCA', 'COCO LOCO by Maluma', 'BESO by ROSALÍA & Rauw Alejandro', 'Quien Es Dei V? by Dei V', 'El Merengue by Marshmello & Manuel Turizo', 'WANDA by Quevedo', 'Supernova by Saiko', 'miamor by Aitana', 'DONDE SE APRENDE A QUERER? by Mora', 'REINA by Mora', 'Coco Chanel by Eladio Carrion', 'MODELITO by Mora', 'Quevedo: Bzrp Music Sessions, Vol. 52 by Bizarrap & Quevedo', 'WHERE SHE GOES by Bad Bunny', 'Columbia by Quevedo', 'POLARIS - Remix by Saiko & Feid & Quevedo', 'Te Menti by Ozuna & Saiko & Ovy On The Drums', 'Holanda by Jhayco', 'Corazón Roto pt. 3 by Brray & Anuel AA & Chencho Corleone', 'Pacto (feat. Bryant Myers & Dei V) - Remix by Jay Wheeler & Anuel AA & Hades66', 'Rauw Alejandro: Bzrp Music Sessions, Vol. 56 by Bizarrap & Rauw Alejandro', 'Buenas by Quevedo & Saiko', 'PASAJERO by Mora', 'Dararí by Aitana', 'Eva Longoria by Ozuna', 'LALA by Myke Towers', 'Arena y Sal by Omar Montes & Saiko & Tunvao', 'EL TONTO by Lola Indigo', 'PLAYA DEL INGLÉS by Quevedo', 'Antidepresivos by Saiko', 'CORAZÓN VACÍO by Maria Becerra', 'COSAS QUE NO TE DIJE by Saiko', 'Chulo pt.2 by Bad Gyal & Tokischa & Young Miko', 'QLONA by KAROL G', 'VAGABUNDO by Sebastian Yatra', 'La Bachata by Manuel Turizo', 'BABY HELLO by Rauw Alejandro', 'El Jefe by Shakira & Fuerza Regida', 'BUBALU by Feid & Rema', 'BESOS (with Kidd Keo & Neelo) by SwaggGlock & Kidd Keo & Neelo', 'Classy 101 by Feid & Young Miko', 'Los del Espacio by LIT killah'}",0,0,0.0,2024-09
2024-09-27,"{'El Cielo by Sky Rompiendo & Feid & Myke Towers', 'Si No Estás by iñigo quintero', 'A 300 by JC Reyes & Pedro Calderon', 'AQYNE by Aitana', 'Nochentera by Vicco', 'Clavaito by Chanel & Abraham Mateo', 'GATITA GANGSTER by KAROL G', 'FERXXO 151 by Feid & ICON', 'PIRIBIRI by JC Reyes & Pedro Calderon', 'No_se_ve.mp3 by Emilia & LUDMILLA & ZECCA', 'COCO LOCO by Maluma', 'VAGABUNDO by Sebastian Yatra & Manuel Turizo & Beéle', 'BESO by ROSALÍA & Rauw Alejandro', 'Quien Es Dei V? by Dei V', 'El Merengue by Marshmello & Manuel Turizo', 'WANDA by Quevedo', 'Supernova by Saiko', 'DONDE SE APRENDE A QUERER? by Mora', 'UN PREVIEW by Bad Bunny', 'REINA by Mora', 'Coco Chanel by Eladio Carrion', 'MODELITO by Mora', 'WHERE SHE GOES by Bad Bunny', 'Columbia by Quevedo', 'POLARIS - Remix by Saiko & Feid & Quevedo', 'Te Menti by Ozuna & Saiko & Ovy On The Drums', 'Holanda by Jhayco', 'Corazón Roto pt. 3 by Brray & Anuel AA & Chencho Corleone', 'Pacto (feat. Bryant Myers & Dei V) - Remix by Jay Wheeler & Anuel AA & Hades66', 'Rauw Alejandro: Bzrp Music Sessions, Vol. 56 by Bizarrap & Rauw Alejandro', 'Buenas by Quevedo & Saiko', 'PASAJERO by Mora', 'Dararí by Aitana', 'Eva Longoria by Ozuna', 'LALA by Myke Towers', 'Arena y Sal by Omar Montes & Saiko & Tunvao', 'EL TONTO by Lola Indigo', 'PLAYA DEL INGLÉS by Quevedo', 'Antidepresivos by Saiko', 'CORAZÓN VACÍO by Maria Becerra', 'COSAS QUE NO TE DIJE by Saiko', 'Chulo pt.2 by Bad Gyal & Tokischa & Young Miko', 'QLONA by KAROL G', 'La Bachata by Manuel Turizo', 'BABY HELLO by Rauw Alejandro', 'El Jefe by Shakira & Fuerza Regida', 'BUBALU by Feid & Rema', 'BESOS (with Kidd Keo & Neelo) by SwaggGlock & Kidd Keo & Neelo', 'Classy 101 by Feid & Young Miko', 'Los del Espacio by LIT killah'}",3,3,0.06,2024-09
2024-09-28,"{'El Cielo by Sky Rompiendo & Feid & Myke Towers', 'Si No Estás by iñigo quintero', 'A 300 by JC Reyes & Pedro Calderon', 'AQYNE by Aitana', 'Nochentera by Vicco', 'Clavaito by Chanel & Abraham Mateo', 'GATITA GANGSTER by KAROL G', 'FERXXO 151 by Feid & ICON', 'PIRIBIRI by JC Reyes & Pedro Calderon', 'No_se_ve.mp3 by Emilia & LUDMILLA & ZECCA', 'COCO LOCO by Maluma', 'VAGABUNDO by Sebastian Yatra & Manuel Turizo & Beéle', 'BESO by ROSALÍA & Rauw Alejandro', 'Quien Es Dei V? by Dei V', 'El Merengue by Marshmello & Manuel Turizo', 'WANDA by Quevedo', 'Supernova by Saiko', 'DONDE SE APRENDE A QUERER? by Mora', 'UN PREVIEW by Bad Bunny', 'REINA by Mora', 'Coco Chanel by Eladio Carrion', 'MODELITO by Mora', 'WHERE SHE GOES by Bad Bunny', 'Columbia by Quevedo', 'POLARIS - Remix by Saiko & Feid & Quevedo', 'Te Menti by Ozuna & Saiko & Ovy On The Drums', 'Holanda by Jhayco', 'Corazón Roto pt. 3 by Brray & Anuel AA & Chencho Corleone', 'Pacto (feat. Bryant Myers & Dei V) - Remix by Jay Wheeler & Anuel AA & Hades66', 'Rauw Alejandro: Bzrp Music Sessions, Vol. 56 by Bizarrap & Rauw Alejandro', 'Buenas by Quevedo & Saiko', 'PASAJERO by Mora', 'Dararí by Aitana', 'Eva Longoria by Ozuna', 'LALA by Myke Towers', 'Arena y Sal by Omar Montes & Saiko & Tunvao', 'EL TONTO by Lola Indigo', 'PLAYA DEL INGLÉS by Quevedo', 'Antidepresivos by Saiko', 'CORAZÓN VACÍO by Maria Becerra', 'COSAS QUE NO TE DIJE by Saiko', 'Chulo pt.2 by Bad Gyal & Tokischa & Young Miko', 'QLONA by KAROL G', 'La Bachata by Manuel Turizo', 'BABY HELLO by Rauw Alejandro', 'El Jefe by Shakira & Fuerza Regida', 'BUBALU by Feid & Rema', 'BESOS (with Kidd Keo & Neelo) by SwaggGlock & Kidd Keo & Neelo', 'Classy 101 by Feid & Young Miko', 'Los del Espacio by LIT killah'}",0,0,0.0,2024-09
2024-09-29,"{'El Cielo by Sky Rompiendo & Feid & Myke Towers', 'Si No Estás by iñigo quintero', 'A 300 by JC Reyes & Pedro Calderon', 'AQYNE by Aitana', 'Nochentera by Vicco', 'Clavaito by Chanel & Abraham Mateo', 'GATITA GANGSTER by KAROL G', 'FERXXO 151 by Feid & ICON', 'PIRIBIRI by JC Reyes & Pedro Calderon', 'No_se_ve.mp3 by Emilia & LUDMILLA & ZECCA', 'COCO LOCO by Maluma', 'VAGABUNDO by Sebastian Yatra & Manuel Turizo & Beéle', 'BESO by ROSALÍA & Rauw Alejandro', 'Quien Es Dei V? by Dei V', 'El Merengue by Marshmello & Manuel Turizo', 'WANDA by Quevedo', 'Supernova by Saiko', 'DONDE SE APRENDE A QUERER? by Mora', 'UN PREVIEW by Bad Bunny', 'REINA by Mora', 'Coco Chanel by Eladio Carrion', 'MODELITO by Mora', 'WHERE SHE GOES by Bad Bunny', 'Columbia by Quevedo', 'POLARIS - Remix by Saiko & Feid & Quevedo', 'Te Menti by Ozuna & Saiko & Ovy On The Drums', 'Holanda by Jhayco', 'Corazón Roto pt. 3 by Brray & Anuel AA & Chencho Corleone', 'Pacto (feat. Bryant Myers & Dei V) - Remix by Jay Wheeler & Anuel AA & Hades66', 'Rauw Alejandro: Bzrp Music Sessions, Vol. 56 by Bizarrap & Rauw Alejandro', 'Buenas by Quevedo & Saiko', 'PASAJERO by Mora', 'Dararí by Aitana', 'Eva Longoria by Ozuna', 'LALA by Myke Towers', 'Arena y Sal by Omar Montes & Saiko & Tunvao', 'EL TONTO by Lola Indigo', 'PLAYA DEL INGLÉS by Quevedo', 'Antidepresivos by Saiko', 'CORAZÓN VACÍO by Maria Becerra', 'COSAS QUE NO TE DIJE by Saiko', 'Chulo pt.2 by Bad Gyal & Tokischa & Young Miko', 'QLONA by KAROL G', 'La Bachata by Manuel Turizo', 'BABY HELLO by Rauw Alejandro', 'El Jefe by Shakira & Fuerza Regida', 'BUBALU by Feid & Rema', 'BESOS (with Kidd Keo & Neelo) by SwaggGlock & Kidd Keo & Neelo', 'Classy 101 by Feid & Young Miko', 'Los del Espacio by LIT killah'}",0,0,0.0,2024-09
2024-09-30,"{'El Cielo by Sky Rompiendo & Feid & Myke Towers', 'Si No Estás by iñigo quintero', 'A 300 by JC Reyes & Pedro Calderon', 'Nochentera by Vicco', 'Clavaito by Chanel & Abraham Mateo', 'GATITA GANGSTER by KAROL G', 'No_se_ve.mp3 by Emilia & LUDMILLA & ZECCA', 'COCO LOCO by Maluma', 'VAGABUNDO by Sebastian Yatra & Manuel Turizo & Beéle', 'Madrid City by Ana Mena', 'GANGSTERS Y PISTOLAS by Feid', 'BESO by ROSALÍA & Rauw Alejandro', 'Quien Es Dei V? by Dei V', 'El Merengue by Marshmello & Manuel Turizo', 'PRIVILEGIOS by Feid', 'FERXXO 151 by Feid', 'WANDA by Quevedo', 'Supernova by Saiko', 'DONDE SE APRENDE A QUERER? by Mora', 'UN PREVIEW by Bad Bunny', 'REINA by Mora', 'MODELITO by Mora', 'WHERE SHE GOES by Bad Bunny', 'Columbia by Quevedo', 'POLARIS - Remix by Saiko & Feid & Quevedo', 'Holanda by Jhayco', 'FERXXO EDITION by Feid', 'Corazón Roto pt. 3 by Brray & Anuel AA & Chencho Corleone', 'Rauw Alejandro: Bzrp Music Sessions, Vol. 56 by Bizarrap & Rauw Alejandro', 'Buenas by Quevedo & Saiko', 'PASAJERO by Mora', 'Eva Longoria by Ozuna', 'LALA by Myke Towers', 'Arena y Sal by Omar Montes & Saiko & Tunvao', 'EL TONTO by Lola Indigo', 'PLAYA DEL INGLÉS by Quevedo', 'RITMO DE MEDALLO by Feid', 'Antidepresivos by Saiko', 'CORAZÓN VACÍO by Maria Becerra', 'COSAS QUE NO TE DIJE by Saiko', 'Chulo pt.2 by Bad Gyal & Tokischa & Young Miko', 'QLONA by KAROL G', 'La Bachata by Manuel Turizo', 'LUCES DE TECNO by Feid', 'BABY HELLO by Rauw Alejandro', 'El Jefe by Shakira & Fuerza Regida', 'BUBALU by Feid', 'BESOS (with Kidd Keo & Neelo) by SwaggGlock & Kidd Keo & Neelo', 'Classy 101 by Feid & Young Miko', 'Los del Espacio by LIT killah'}",8,8,0.16,2024-09
2024-10-01,"{'El Cielo by Sky Rompiendo & Feid & Myke Towers', 'Si No Estás by iñigo quintero', 'A 300 by JC Reyes & Pedro Calderon', 'Nochentera by Vicco', 'Clavaito by Chanel & Abraham Mateo', 'GATITA GANGSTER by KAROL G', 'No_se_ve.mp3 by Emilia & LUDMILLA & ZECCA', 'COCO LOCO by Maluma', 'VAGABUNDO by Sebastian Yatra & Manuel Turizo & Beéle', 'Madrid City by Ana Mena', 'GANGSTERS Y PISTOLAS by Feid', 'BESO by ROSALÍA & Rauw Alejandro', 'Quien Es Dei V? by Dei V', 'El Merengue by Marshmello & Manuel Turizo', 'PRIVILEGIOS by Feid', 'FERXXO 151 by Feid', 'WANDA by Quevedo', 'Supernova by Saiko', 'DONDE SE APRENDE A QUERER? by Mora', 'UN PREVIEW by Bad Bunny', 'REINA by Mora', 'MODELITO by Mora', 'WHERE SHE GOES by Bad Bunny', 'Columbia by Quevedo', 'POLARIS - Remix by Saiko & Feid & Quevedo', 'Holanda by Jhayco', 'FERXXO EDITION by Feid', 'Corazón Roto pt. 3 by Brray & Anuel AA & Chencho Corleone', 'Rauw Alejandro: Bzrp Music Sessions, Vol. 56 by Bizarrap & Rauw Alejandro', 'Buenas by Quevedo & Saiko', 'PASAJERO by Mora', 'Eva Longoria by Ozuna', 'LALA by Myke Towers', 'Arena y Sal by Omar Montes & Saiko & Tunvao', 'EL TONTO by Lola Indigo', 'PLAYA DEL INGLÉS by Quevedo', 'RITMO DE MEDALLO by Feid', 'Antidepresivos by Saiko', 'CORAZÓN VACÍO by Maria Becerra', 'COSAS QUE NO TE DIJE by Saiko', 'Chulo pt.2 by Bad Gyal & Tokischa & Young Miko', 'QLONA by KAROL G', 'La Bachata by Manuel Turizo', 'LUCES DE TECNO by Feid', 'BABY HELLO by Rauw Alejandro', 'El Jefe by Shakira & Fuerza Regida', 'BUBALU by Feid', 'BESOS (with Kidd Keo & Neelo) by SwaggGlock & Kidd Keo & Neelo', 'Classy 101 by Feid & Young Miko', 'Los del Espacio by LIT killah'}",0,0,0.0,2024-10
2024-10-02,"{'El Cielo by Sky Rompiendo & Feid & Myke Towers', 'Si No Estás by iñigo quintero', 'A 300 by JC Reyes & Pedro Calderon', 'Nochentera by Vicco', 'Clavaito by Chanel & Abraham Mateo', 'GATITA GANGSTER by KAROL G', 'Lollipop by Darell', 'No_se_ve.mp3 by Emilia & LUDMILLA & ZECCA', 'COCO LOCO by Maluma', 'VAGABUNDO by Sebastian Yatra & Manuel Turizo & Beéle', 'Madrid City by Ana Mena', 'BESO by ROSALÍA & Rauw Alejandro', 'Quien Es Dei V? by Dei V', 'El Merengue by Marshmello & Manuel Turizo', 'FERXXO 151 by Feid', 'WANDA by Quevedo', 'Supernova by Saiko', 'DONDE SE APRENDE A QUERER? by Mora', 'UN PREVIEW by Bad Bunny', 'REINA by Mora', 'MODELITO by Mora', 'Quevedo: Bzrp Music Sessions, Vol. 52 by Bizarrap & Quevedo', 'WHERE SHE GOES by Bad Bunny', 'Columbia by Quevedo', 'POLARIS - Remix by Saiko & Feid & Quevedo', 'Holanda by Jhayco', 'Corazón Roto pt. 3 by Brray & Anuel AA & Chencho Corleone', 'Pacto (feat. Bryant Myers & Dei V) - Remix by Jay Wheeler & Anuel AA & Hades66', 'Rauw Alejandro: Bzrp Music Sessions, Vol. 56 by Bizarrap & Rauw Alejandro', 'Buenas by Quevedo & Saiko', 'PASAJERO by Mora', 'Eva Longoria by Ozuna', 'LALA by Myke Towers', 'Arena y Sal by Omar Montes & Saiko & Tunvao', 'EL TONTO by Lola Indigo', 'PLAYA DEL INGLÉS by Quevedo', 'Antidepresivos by Saiko', 'CORAZÓN VACÍO by Maria Becerra', 'COSAS QUE NO TE DIJE by Saiko', 'Chulo pt.2 by Bad Gyal & Tokischa & Young Miko', 'QLONA by KAROL G', 'PUNTO G by Quevedo', 'La Bachata by Manuel Turizo', 'LUCES DE TECNO by Feid', 'BABY HELLO by Rauw Alejandro', 'El Jefe by Shakira & Fuerza Regida', 'BUBALU by Feid', 'BESOS (with Kidd Keo & Neelo) by SwaggGlock & Kidd Keo & Neelo', 'Classy 101 by Feid & Young Miko', 'Los del Espacio by LIT killah'}",4,4,0.08,2024-10
2024-10-03,"{'El Cielo by Sky Rompiendo & Feid & Myke Towers', 'Si No Estás by iñigo quintero', 'A 300 by JC Reyes & Pedro Calderon', 'Nochentera by Vicco', 'Clavaito by Chanel & Abraham Mateo', 'GATITA GANGSTER by KAROL G', 'Lollipop by Darell', 'No_se_ve.mp3 by Emilia & LUDMILLA & ZECCA', 'COCO LOCO by Maluma', 'VAGABUNDO by Sebastian Yatra & Manuel Turizo & Beéle', 'Madrid City by Ana Mena', 'BESO by ROSALÍA & Rauw Alejandro', 'Quien Es Dei V? by Dei V', 'El Merengue by Marshmello & Manuel Turizo', 'FERXXO 151 by Feid', 'WANDA by Quevedo', 'Supernova by Saiko', 'DONDE SE APRENDE A QUERER? by Mora', 'UN PREVIEW by Bad Bunny', 'REINA by Mora', 'MODELITO by Mora', 'Quevedo: Bzrp Music Sessions, Vol. 52 by Bizarrap & Quevedo', 'WHERE SHE GOES by Bad Bunny', 'Columbia by Quevedo', 'POLARIS - Remix by Saiko & Feid & Quevedo', 'Holanda by Jhayco', 'Corazón Roto pt. 3 by Brray & Anuel AA & Chencho Corleone', 'Pacto (feat. Bryant Myers & Dei V) - Remix by Jay Wheeler & Anuel AA & Hades66', 'Rauw Alejandro: Bzrp Music Sessions, Vol. 56 by Bizarrap & Rauw Alejandro', 'Buenas by Quevedo & Saiko', 'PASAJERO by Mora', 'Eva Longoria by Ozuna', 'LALA by Myke Towers', 'Arena y Sal by Omar Montes & Saiko & Tunvao', 'EL TONTO by Lola Indigo', 'PLAYA DEL INGLÉS by Quevedo', 'Antidepresivos by Saiko', 'CORAZÓN VACÍO by Maria Becerra', 'COSAS QUE NO TE DIJE by Saiko', 'Chulo pt.2 by Bad Gyal & Tokischa & Young Miko', 'QLONA by KAROL G', 'PUNTO G by Quevedo', 'La Bachata by Manuel Turizo', 'LUCES DE TECNO by Feid', 'BABY HELLO by Rauw Alejandro', 'El Jefe by Shakira & Fuerza Regida', 'BUBALU by Feid', 'BESOS (with Kidd Keo & Neelo) by SwaggGlock & Kidd Keo & Neelo', 'Classy 101 by Feid & Young Miko', 'Los del Espacio by LIT killah'}",0,0,0.0,2024-10
2024-10-04,"{'El Cielo by Sky Rompiendo & Feid & Myke Towers', 'Si No Estás by iñigo quintero', 'A 300 by JC Reyes & Pedro Calderon', 'Nochentera by Vicco', 'Clavaito by Chanel & Abraham Mateo', 'GATITA GANGSTER by KAROL G', 'Lollipop by Darell', 'No_se_ve.mp3 by Emilia & LUDMILLA & ZECCA', 'COCO LOCO by Maluma', 'VAGABUNDO by Sebastian Yatra & Manuel Turizo & Beéle', 'Madrid City by Ana Mena', 'El Mambo by Kiko Rivera', 'BESO by ROSALÍA & Rauw Alejandro', 'Quien Es Dei V? by Dei V', 'El Merengue by Marshmello & Manuel Turizo', 'FERXXO 151 by Feid', 'WANDA by Quevedo', 'Supernova by Saiko', 'DONDE SE APRENDE A QUERER? by Mora', 'UN PREVIEW by Bad Bunny', 'REINA by Mora', 'MODELITO by Mora', 'WHERE SHE GOES by Bad Bunny', 'Columbia by Quevedo', 'POLARIS - Remix by Saiko & Feid & Quevedo', 'Holanda by Jhayco', 'Corazón Roto pt. 3 by Brray & Anuel AA & Chencho Corleone', 'Pacto (feat. Bryant Myers & Dei V) - Remix by Jay Wheeler & Anuel AA & Hades66', 'Rauw Alejandro: Bzrp Music Sessions, Vol. 56 by Bizarrap & Rauw Alejandro', 'Buenas by Quevedo & Saiko', 'PASAJERO by Mora', 'Eva Longoria by Ozuna', 'LALA by Myke Towers', 'Arena y Sal by Omar Montes & Saiko & Tunvao', 'EL TONTO by Lola Indigo', 'PLAYA DEL INGLÉS by Quevedo', 'Antidepresivos by Saiko', 'CORAZÓN VACÍO by Maria Becerra', 'COSAS QUE NO TE DIJE by Saiko', 'Chulo pt.2 by Bad Gyal & Tokischa & Young Miko', 'Narcotics (with Bryant Myers) by Dei V & Bryant Myers', 'QLONA by KAROL G', 'PUNTO G by Quevedo', 'La Bachata by Manuel Turizo', 'LUCES DE TECNO by Feid', 'BABY HELLO by Rauw Alejandro', 'BUBALU by Feid', 'BESOS (with Kidd Keo & Neelo) by SwaggGlock & Kidd Keo & Neelo', 'Classy 101 by Feid & Young Miko', 'Los del Espacio by LIT killah'}",2,2,0.04,2024-10
2024-10-05,"{'El Cielo by Sky Rompiendo & Feid & Myke Towers', 'Si No Estás by iñigo quintero', 'A 300 by JC Reyes & Pedro Calderon', 'Nochentera by Vicco', 'Clavaito by Chanel & Abraham Mateo', 'GATITA GANGSTER by KAROL G', 'Lollipop by Darell', 'No_se_ve.mp3 by Emilia & LUDMILLA & ZECCA', 'COCO LOCO by Maluma', 'VAGABUNDO by Sebastian Yatra & Manuel Turizo & Beéle', 'Madrid City by Ana Mena', 'El Mambo by Kiko Rivera', 'BESO by ROSALÍA & Rauw Alejandro', 'Quien Es Dei V? by Dei V', 'El Merengue by Marshmello & Manuel Turizo', 'FERXXO 151 by Feid', 'WANDA by Quevedo', 'Supernova by Saiko', 'DONDE SE APRENDE A QUERER? by Mora', 'UN PREVIEW by Bad Bunny', 'REINA by Mora', 'MODELITO by Mora', 'WHERE SHE GOES by Bad Bunny', 'Columbia by Quevedo', 'POLARIS - Remix by Saiko & Feid & Quevedo', 'Holanda by Jhayco', 'Corazón Roto pt. 3 by Brray & Anuel AA & Chencho Corleone', 'Pacto (feat. Bryant Myers & Dei V) - Remix by Jay Wheeler & Anuel AA & Hades66', 'Rauw Alejandro: Bzrp Music Sessions, Vol. 56 by Bizarrap & Rauw Alejandro', 'Buenas by Quevedo & Saiko', 'PASAJERO by Mora', 'Eva Longoria by Ozuna', 'LALA by Myke Towers', 'Arena y Sal by Omar Montes & Saiko & Tunvao', 'EL TONTO by Lola Indigo', 'PLAYA DEL INGLÉS by Quevedo', 'Antidepresivos by Saiko', 'CORAZÓN VACÍO by Maria Becerra', 'COSAS QUE NO TE DIJE by Saiko', 'Chulo pt.2 by Bad Gyal & Tokischa & Young Miko', 'Narcotics (with Bryant Myers) by Dei V & Bryant Myers', 'QLONA by KAROL G', 'PUNTO G by Quevedo', 'La Bachata by Manuel Turizo', 'LUCES DE TECNO by Feid', 'BABY HELLO by Rauw Alejandro', 'BUBALU by Feid', 'BESOS (with Kidd Keo & Neelo) by SwaggGlock & Kidd Keo & Neelo', 'Classy 101 by Feid & Young Miko', 'Los del Espacio by LIT killah'}",0,0,0.0,2024-10
2024-10-06,"{'El Cielo by Sky Rompiendo & Feid & Myke Towers', 'Si No Estás by iñigo quintero', 'A 300 by JC Reyes & Pedro Calderon', 'Nochentera by Vicco', 'Clavaito by Chanel & Abraham Mateo', 'GATITA GANGSTER by KAROL G', 'Lollipop by Darell', 'No_se_ve.mp3 by Emilia & LUDMILLA & ZECCA', 'COCO LOCO by Maluma', 'VAGABUNDO by Sebastian Yatra & Manuel Turizo & Beéle', 'Madrid City by Ana Mena', 'El Mambo by Kiko Rivera', 'BESO by ROSALÍA & Rauw Alejandro', 'Quien Es Dei V? by Dei V', 'El Merengue by Marshmello & Manuel Turizo', 'FERXXO 151 by Feid', 'WANDA by Quevedo', 'Supernova by Saiko', 'DONDE SE APRENDE A QUERER? by Mora', 'UN PREVIEW by Bad Bunny', 'REINA by Mora', 'MODELITO by Mora', 'WHERE SHE GOES by Bad Bunny', 'Columbia by Quevedo', 'POLARIS - Remix by Saiko & Feid & Quevedo', 'Holanda by Jhayco', 'Corazón Roto pt. 3 by Brray & Anuel AA & Chencho Corleone', 'Pacto (feat. Bryant Myers & Dei V) - Remix by Jay Wheeler & Anuel AA & Hades66', 'Rauw Alejandro: Bzrp Music Sessions, Vol. 56 by Bizarrap & Rauw Alejandro', 'Buenas by Quevedo & Saiko', 'PASAJERO by Mora', 'Eva Longoria by Ozuna', 'LALA by Myke Towers', 'Arena y Sal by Omar Montes & Saiko & Tunvao', 'EL TONTO by Lola Indigo', 'PLAYA DEL INGLÉS by Quevedo', 'Antidepresivos by Saiko', 'CORAZÓN VACÍO by Maria Becerra', 'COSAS QUE NO TE DIJE by Saiko', 'Chulo pt.2 by Bad Gyal & Tokischa & Young Miko', 'Narcotics (with Bryant Myers) by Dei V & Bryant Myers', 'QLONA by KAROL G', 'PUNTO G by Quevedo', 'La Bachata by Manuel Turizo', 'LUCES DE TECNO by Feid', 'BABY HELLO by Rauw Alejandro', 'BUBALU by Feid', 'BESOS (with Kidd Keo & Neelo) by SwaggGlock & Kidd Keo & Neelo', 'Classy 101 by Feid & Young Miko', 'Los del Espacio by LIT killah'}",0,0,0.0,2024-10
2024-10-07,"{'El Cielo by Sky Rompiendo & Feid & Myke Towers', 'No Estuviste En Lo Malo - REMIX by Morad & Beny Jr & DELLAFUENTE', 'Si No Estás by iñigo quintero', 'A 300 by JC Reyes & Pedro Calderon', 'Clavaito by Chanel & Abraham Mateo', 'GATITA GANGSTER by KAROL G', 'Lollipop by Darell', 'No_se_ve.mp3 by Emilia & LUDMILLA & ZECCA', 'COCO LOCO by Maluma', 'VAGABUNDO by Sebastian Yatra & Manuel Turizo & Beéle', 'Madrid City by Ana Mena', 'El Mambo by Kiko Rivera', 'Quien Es Dei V? by Dei V', 'El Merengue by Marshmello & Manuel Turizo', 'FERXXO 151 by Feid', 'Supernova by Saiko', 'DONDE SE APRENDE A QUERER? by Mora', 'UN PREVIEW by Bad Bunny', 'REINA by Mora', 'MODELITO by Mora', 'Fruto by Bizarrap & Milo j', 'FERXXO 30 by Feid', 'Columbia by Quevedo', 'POLARIS - Remix by Saiko & Feid & Quevedo', 'Holanda by Jhayco', 'Corazón Roto pt. 3 by Brray & Anuel AA & Chencho Corleone', 'No soy Eterno by Bizarrap & Milo j', 'Milo J: Bzrp Music Sessions, Vol. 57 by Bizarrap & Milo j', 'Buenas by Quevedo & Saiko', 'NO PIENSO LLAMAR by Soge Culebra & Quevedo & GARABATTO', 'Eva Longoria by Ozuna', 'LALA by Myke Towers', 'PASAJERO by Mora', 'Arena y Sal by Omar Montes & Saiko & Tunvao', 'EL TONTO by Lola Indigo', 'PLAYA DEL INGLÉS by Quevedo', 'Rara Vez by Taiu & Milo j', 'Toy en el Mic by Bizarrap & Milo j', 'Antidepresivos by Saiko', 'CORAZÓN VACÍO by Maria Becerra', 'COSAS QUE NO TE DIJE by Saiko', 'Chulo pt.2 by Bad Gyal & Tokischa & Young Miko', 'Narcotics (with Bryant Myers) by Dei V & Bryant Myers', 'QLONA by KAROL G', 'La Bachata by Manuel Turizo', 'LUCES DE TECNO by Feid', 'BABY HELLO by Rauw Alejandro', 'BESOS (with Kidd Keo & Neelo) by SwaggGlock & Kidd Keo & Neelo', 'Classy 101 by Feid & Young Miko', 'Los del Espacio by LIT killah'}",8,8,0.16,2024-10
2024-10-08,"{'El Cielo by Sky Rompiendo & Feid & Myke Towers', 'No Estuviste En Lo Malo - REMIX by Morad & Beny Jr & DELLAFUENTE', 'Si No Estás by iñigo quintero', 'A 300 by JC Reyes & Pedro Calderon', 'Clavaito by Chanel & Abraham Mateo', 'GATITA GANGSTER by KAROL G', 'Lollipop by Darell', 'No_se_ve.mp3 by Emilia & LUDMILLA & ZECCA', 'COCO LOCO by Maluma', 'VAGABUNDO by Sebastian Yatra & Manuel Turizo & Beéle', 'Madrid City by Ana Mena', 'El Mambo by Kiko Rivera', 'Quien Es Dei V? by Dei V', 'El Merengue by Marshmello & Manuel Turizo', 'FERXXO 151 by Feid', 'Supernova by Saiko', 'DONDE SE APRENDE A QUERER? by Mora', 'UN PREVIEW by Bad Bunny', 'REINA by Mora', 'MODELITO by Mora', 'Fruto by Bizarrap & Milo j', 'Columbia by Quevedo', 'POLARIS - Remix by Saiko & Feid & Quevedo', 'Holanda by Jhayco', 'Corazón Roto pt. 3 by Brray & Anuel AA & Chencho Corleone', 'No soy Eterno by Bizarrap & Milo j', 'Milo J: Bzrp Music Sessions, Vol. 57 by Bizarrap & Milo j', 'Rauw Alejandro: Bzrp Music Sessions, Vol. 56 by Bizarrap & Rauw Alejandro', 'Buenas by Quevedo & Saiko', 'NO PIENSO LLAMAR by Soge Culebra & Quevedo & GARABATTO', 'Eva Longoria by Ozuna', 'LALA by Myke Towers', 'PASAJERO by Mora', 'Arena y Sal by Omar Montes & Saiko & Tunvao', 'EL TONTO by Lola Indigo', 'PLAYA DEL INGLÉS by Quevedo', 'Rara Vez by Taiu & Milo j', 'Toy en el Mic by Bizarrap & Milo j', 'Antidepresivos by Saiko', 'CORAZÓN VACÍO by Maria Becerra', 'COSAS QUE NO TE DIJE by Saiko', 'Chulo pt.2 by Bad Gyal & Tokischa & Young Miko', 'Narcotics (with Bryant Myers) by Dei V & Bryant Myers', 'QLONA by KAROL G', 'La Bachata by Manuel Turizo', 'LUCES DE TECNO by Feid', 'BABY HELLO by Rauw Alejandro', 'BESOS (with Kidd Keo & Neelo) by SwaggGlock & Kidd Keo & Neelo', 'Classy 101 by Feid & Young Miko', 'Los del Espacio by LIT killah'}",1,1,0.02,2024-10
2024-10-09,"{'El Cielo by Sky Rompiendo & Feid & Myke Towers', 'No Estuviste En Lo Malo - REMIX by Morad & Beny Jr & DELLAFUENTE', 'Si No Estás by iñigo quintero', 'A 300 by JC Reyes & Pedro Calderon', 'Penas de Antaño by Bizarrap & Milo j', 'Clavaito by Chanel & Abraham Mateo', 'GATITA GANGSTER by KAROL G', 'Lollipop by Darell', 'No_se_ve.mp3 by Emilia & LUDMILLA & ZECCA', 'COCO LOCO by Maluma', 'VAGABUNDO by Sebastian Yatra & Manuel Turizo & Beéle', 'El Mambo by Kiko Rivera', 'Quien Es Dei V? by Dei V', 'El Merengue by Marshmello & Manuel Turizo', 'FERXXO 151 by Feid', 'Supernova by Saiko', 'DONDE SE APRENDE A QUERER? by Mora', 'UN PREVIEW by Bad Bunny', 'REINA by Mora', 'MODELITO by Mora', 'Fruto by Bizarrap & Milo j', 'Columbia by Quevedo', 'POLARIS - Remix by Saiko & Feid & Quevedo', 'Holanda by Jhayco', 'Corazón Roto pt. 3 by Brray & Anuel AA & Chencho Corleone', 'No soy Eterno by Bizarrap & Milo j', 'Milo J: Bzrp Music Sessions, Vol. 57 by Bizarrap & Milo j', 'Rauw Alejandro: Bzrp Music Sessions, Vol. 56 by Bizarrap & Rauw Alejandro', 'Buenas by Quevedo & Saiko', 'NO PIENSO LLAMAR by Soge Culebra & Quevedo & GARABATTO', 'Eva Longoria by Ozuna', 'LALA by Myke Towers', 'PASAJERO by Mora', 'Arena y Sal by Omar Montes & Saiko & Tunvao', 'EL TONTO by Lola Indigo', 'PLAYA DEL INGLÉS by Quevedo', 'Rara Vez by Taiu & Milo j', 'Toy en el Mic by Bizarrap & Milo j', 'Antidepresivos by Saiko', 'CORAZÓN VACÍO by Maria Becerra', 'COSAS QUE NO TE DIJE by Saiko', 'Chulo pt.2 by Bad Gyal & Tokischa & Young Miko', 'Narcotics (with Bryant Myers) by Dei V & Bryant Myers', 'QLONA by KAROL G', 'La Bachata by Manuel Turizo', 'LUCES DE TECNO by Feid', 'BABY HELLO by Rauw Alejandro', 'BESOS (with Kidd Keo & Neelo) by SwaggGlock & Kidd Keo & Neelo', 'Classy 101 by Feid & Young Miko', 'Los del Espacio by LIT killah'}",1,1,0.02,2024-10
2024-10-10,"{'El Cielo by Sky Rompiendo & Feid & Myke Towers', 'No Estuviste En Lo Malo - REMIX by Morad & Beny Jr & DELLAFUENTE', 'Si No Estás by iñigo quintero', 'A 300 by JC Reyes & Pedro Calderon', 'Penas de Antaño by Bizarrap & Milo j', 'Clavaito by Chanel & Abraham Mateo', 'GATITA GANGSTER by KAROL G', 'Lollipop by Darell', 'No_se_ve.mp3 by Emilia & LUDMILLA & ZECCA', 'COCO LOCO by Maluma', 'VAGABUNDO by Sebastian Yatra & Manuel Turizo & Beéle', 'El Mambo by Kiko Rivera', 'Quien Es Dei V? by Dei V', 'El Merengue by Marshmello & Manuel Turizo', 'FERXXO 151 by Feid', 'Supernova by Saiko', 'DONDE SE APRENDE A QUERER? by Mora', 'UN PREVIEW by Bad Bunny', 'REINA by Mora', 'MODELITO by Mora', 'Fruto by Bizarrap & Milo j', 'Columbia by Quevedo', 'POLARIS - Remix by Saiko & Feid & Quevedo', 'Holanda by Jhayco', 'Corazón Roto pt. 3 by Brray & Anuel AA & Chencho Corleone', 'No soy Eterno by Bizarrap & Milo j', 'Milo J: Bzrp Music Sessions, Vol. 57 by Bizarrap & Milo j', 'Rauw Alejandro: Bzrp Music Sessions, Vol. 56 by Bizarrap & Rauw Alejandro', 'Buenas by Quevedo & Saiko', 'NO PIENSO LLAMAR by Soge Culebra & Quevedo & GARABATTO', 'Eva Longoria by Ozuna', 'LALA by Myke Towers', 'PASAJERO by Mora', 'Arena y Sal by Omar Montes & Saiko & Tunvao', 'EL TONTO by Lola Indigo', 'PLAYA DEL INGLÉS by Quevedo', 'Rara Vez by Taiu & Milo j', 'Toy en el Mic by Bizarrap & Milo j', 'Antidepresivos by Saiko', 'CORAZÓN VACÍO by Maria Becerra', 'COSAS QUE NO TE DIJE by Saiko', 'Chulo pt.2 by Bad Gyal & Tokischa & Young Miko', 'Narcotics (with Bryant Myers) by Dei V & Bryant Myers', 'QLONA by KAROL G', 'La Bachata by Manuel Turizo', 'LUCES DE TECNO by Feid', 'BABY HELLO by Rauw Alejandro', 'BESOS (with Kidd Keo & Neelo) by SwaggGlock & Kidd Keo & Neelo', 'Classy 101 by Feid & Young Miko', 'Los del Espacio by LIT killah'}",0,0,0.0,2024-10
2024-10-11,"{'El Cielo by Sky Rompiendo & Feid & Myke Towers', 'No Estuviste En Lo Malo - REMIX by Morad & Beny Jr & DELLAFUENTE', 'Si No Estás by iñigo quintero', 'A 300 by JC Reyes & Pedro Calderon', 'Penas de Antaño by Bizarrap & Milo j', 'Clavaito by Chanel & Abraham Mateo', 'GATITA GANGSTER by KAROL G', 'Lollipop by Darell', 'No_se_ve.mp3 by Emilia & LUDMILLA & ZECCA', 'COCO LOCO by Maluma', 'VAGABUNDO by Sebastian Yatra & Manuel Turizo & Beéle', 'El Mambo by Kiko Rivera', 'Quien Es Dei V? by Dei V', 'El Merengue by Marshmello & Manuel Turizo', 'FERXXO 151 by Feid', 'Supernova by Saiko', 'DONDE SE APRENDE A QUERER? by Mora', 'UN PREVIEW by Bad Bunny', 'REINA by Mora', 'MODELITO by Mora', 'Fruto by Bizarrap & Milo j', 'Columbia by Quevedo', 'POLARIS - Remix by Saiko & Feid & Quevedo', 'Holanda by Jhayco', 'Corazón Roto pt. 3 by Brray & Anuel AA & Chencho Corleone', 'No soy Eterno by Bizarrap & Milo j', 'Milo J: Bzrp Music Sessions, Vol. 57 by Bizarrap & Milo j', 'Rauw Alejandro: Bzrp Music Sessions, Vol. 56 by Bizarrap & Rauw Alejandro', 'Buenas by Quevedo & Saiko', 'NO PIENSO LLAMAR by Soge Culebra & Quevedo & GARABATTO', 'Eva Longoria by Ozuna', 'LALA by Myke Towers', 'PASAJERO by Mora', 'Arena y Sal by Omar Montes & Saiko & Tunvao', 'EL TONTO by Lola Indigo', 'PLAYA DEL INGLÉS by Quevedo', 'Rara Vez by Taiu & Milo j', 'Toy en el Mic by Bizarrap & Milo j', 'Antidepresivos by Saiko', 'CORAZÓN VACÍO by Maria Becerra', 'COSAS QUE NO TE DIJE by Saiko', 'Chulo pt.2 by Bad Gyal & Tokischa & Young Miko', 'Narcotics (with Bryant Myers) by Dei V & Bryant Myers', 'QLONA by KAROL G', 'La Bachata by Manuel Turizo', 'LUCES DE TECNO by Feid', 'BABY HELLO by Rauw Alejandro', 'BESOS (with Kidd Keo & Neelo) by SwaggGlock & Kidd Keo & Neelo', 'Classy 101 by Feid & Young Miko', 'Los del Espacio by LIT killah'}",0,0,0.0,2024-10
2024-10-12,"{'El Cielo by Sky Rompiendo & Feid & Myke Towers', 'No Estuviste En Lo Malo - REMIX by Morad & Beny Jr & DELLAFUENTE', 'Si No Estás by iñigo quintero', 'A 300 by JC Reyes & Pedro Calderon', 'Penas de Antaño by Bizarrap & Milo j', 'Clavaito by Chanel & Abraham Mateo', 'GATITA GANGSTER by KAROL G', 'Lollipop by Darell', 'No_se_ve.mp3 by Emilia & LUDMILLA & ZECCA', 'COCO LOCO by Maluma', 'VAGABUNDO by Sebastian Yatra & Manuel Turizo & Beéle', 'El Mambo by Kiko Rivera', 'Quien Es Dei V? by Dei V', 'El Merengue by Marshmello & Manuel Turizo', 'FERXXO 151 by Feid', 'Supernova by Saiko', 'DONDE SE APRENDE A QUERER? by Mora', 'UN PREVIEW by Bad Bunny', 'REINA by Mora', 'MODELITO by Mora', 'Fruto by Bizarrap & Milo j', 'Columbia by Quevedo', 'POLARIS - Remix by Saiko & Feid & Quevedo', 'Holanda by Jhayco', 'Corazón Roto pt. 3 by Brray & Anuel AA & Chencho Corleone', 'No soy Eterno by Bizarrap & Milo j', 'Milo J: Bzrp Music Sessions, Vol. 57 by Bizarrap & Milo j', 'Rauw Alejandro: Bzrp Music Sessions, Vol. 56 by Bizarrap & Rauw Alejandro', 'Buenas by Quevedo & Saiko', 'NO PIENSO LLAMAR by Soge Culebra & Quevedo & GARABATTO', 'Eva Longoria by Ozuna', 'LALA by Myke Towers', 'PASAJERO by Mora', 'Arena y Sal by Omar Montes & Saiko & Tunvao', 'EL TONTO by Lola Indigo', 'PLAYA DEL INGLÉS by Quevedo', 'Rara Vez by Taiu & Milo j', 'Toy en el Mic by Bizarrap & Milo j', 'Antidepresivos by Saiko', 'CORAZÓN VACÍO by Maria Becerra', 'COSAS QUE NO TE DIJE by Saiko', 'Chulo pt.2 by Bad Gyal & Tokischa & Young Miko', 'Narcotics (with Bryant Myers) by Dei V & Bryant Myers', 'QLONA by KAROL G', 'La Bachata by Manuel Turizo', 'LUCES DE TECNO by Feid', 'BABY HELLO by Rauw Alejandro', 'BESOS (with Kidd Keo & Neelo) by SwaggGlock & Kidd Keo & Neelo', 'Classy 101 by Feid & Young Miko', 'Los del Espacio by LIT killah'}",0,0,0.0,2024-10
2024-10-13,"{'El Cielo by Sky Rompiendo & Feid & Myke Towers', 'No Estuviste En Lo Malo - REMIX by Morad & Beny Jr & DELLAFUENTE', 'Si No Estás by iñigo quintero', 'A 300 by JC Reyes & Pedro Calderon', 'Clavaito by Chanel & Abraham Mateo', 'GATITA GANGSTER by KAROL G', 'Lollipop by Darell', 'No_se_ve.mp3 by Emilia & LUDMILLA & ZECCA', 'COCO LOCO by Maluma', 'VAGABUNDO by Sebastian Yatra & Manuel Turizo & Beéle', 'El Mambo by Kiko Rivera', 'Quien Es Dei V? by Dei V', 'El Merengue by Marshmello & Manuel Turizo', 'FERXXO 151 by Feid', 'Supernova by Saiko', 'DONDE SE APRENDE A QUERER? by Mora', 'UN PREVIEW by Bad Bunny', 'REINA by Mora', 'MODELITO by Mora', 'Fruto by Bizarrap & Milo j', 'FERXXO 30 by Feid', 'Columbia by Quevedo', 'POLARIS - Remix by Saiko & Feid & Quevedo', 'Holanda by Jhayco', 'Corazón Roto pt. 3 by Brray & Anuel AA & Chencho Corleone', 'No soy Eterno by Bizarrap & Milo j', 'Milo J: Bzrp Music Sessions, Vol. 57 by Bizarrap & Milo j', 'Rauw Alejandro: Bzrp Music Sessions, Vol. 56 by Bizarrap & Rauw Alejandro', 'Buenas by Quevedo & Saiko', 'NO PIENSO LLAMAR by Soge Culebra & Quevedo & GARABATTO', 'Eva Longoria by Ozuna', 'LALA by Myke Towers', 'PASAJERO by Mora', 'Arena y Sal by Omar Montes & Saiko & Tunvao', 'EL TONTO by Lola Indigo', 'PLAYA DEL INGLÉS by Quevedo', 'Rara Vez by Taiu & Milo j', 'Toy en el Mic by Bizarrap & Milo j', 'Antidepresivos by Saiko', 'CORAZÓN VACÍO by Maria Becerra', 'COSAS QUE NO TE DIJE by Saiko', 'Chulo pt.2 by Bad Gyal & Tokischa & Young Miko', 'Narcotics (with Bryant Myers) by Dei V & Bryant Myers', 'QLONA by KAROL G', 'La Bachata by Manuel Turizo', 'LUCES DE TECNO by Feid', 'BABY HELLO by Rauw Alejandro', 'BESOS (with Kidd Keo & Neelo) by SwaggGlock & Kidd Keo & Neelo', 'Classy 101 by Feid & Young Miko', 'Los del Espacio by LIT killah'}",1,1,0.02,2024-10
2024-10-14,"{'El Cielo by Sky Rompiendo & Feid & Myke Towers', 'No Estuviste En Lo Malo - REMIX by Morad & Beny Jr & DELLAFUENTE', 'Si No Estás by iñigo quintero', 'FINA by Bad Bunny', 'MERCEDES CAROTA by Bad Bunny', 'PERRO NEGRO by Bad Bunny', 'BATICANO by Bad Bunny', 'Lollipop by Darell', 'THUNDER Y LIGHTNING by Bad Bunny', 'VAGABUNDO by Sebastian Yatra & Manuel Turizo & Beéle', 'El Mambo by Kiko Rivera', 'Quien Es Dei V? by Dei V', 'VOU 787 by Bad Bunny', 'CYBERTRUCK by Bad Bunny', 'El Merengue by Marshmello & Manuel Turizo', 'HIBIKI by Bad Bunny', 'BABY NUEVA by Bad Bunny', 'DONDE SE APRENDE A QUERER? by Mora', 'NO PIENSO LLAMAR by Soge Culebra', 'UN PREVIEW by Bad Bunny', 'REINA by Mora', 'MODELITO by Mora', 'Fruto by Bizarrap & Milo j', 'NADIE SABE by Bad Bunny', 'Columbia by Quevedo', 'POLARIS - Remix by Saiko & Feid & Quevedo', 'WHERE SHE GOES by Bad Bunny', 'Holanda by Jhayco', 'TELEFONO NUEVO by Bad Bunny', 'Corazón Roto pt. 3 by Brray & Anuel AA & Chencho Corleone', 'NO ME QUIERO CASAR by Bad Bunny', 'SEDA by Bad Bunny', 'Milo J: Bzrp Music Sessions, Vol. 57 by Bizarrap & Milo j', 'ACHO PR by Bad Bunny', 'Buenas by Quevedo & Saiko', 'Eva Longoria by Ozuna', 'GRACIAS POR NADA by Bad Bunny', 'LALA by Myke Towers', 'Arena y Sal by Omar Montes & Saiko & Tunvao', 'LOS PITS by Bad Bunny', 'MONACO by Bad Bunny', 'VUELVE CANDY B by Bad Bunny', 'Antidepresivos by Saiko', 'COSAS QUE NO TE DIJE by Saiko', 'QLONA by KAROL G', 'Narcotics (with Bryant Myers) by Dei V & Bryant Myers', 'MR. OCTOBER by Bad Bunny', 'LUCES DE TECNO by Feid', 'BABY HELLO by Rauw Alejandro', 'Los del Espacio by LIT killah'}",21,21,0.42,2024-10
2024-10-15,"{'El Cielo by Sky Rompiendo & Feid & Myke Towers', 'No Estuviste En Lo Malo - REMIX by Morad & Beny Jr & DELLAFUENTE', 'Si No Estás by iñigo quintero', 'FINA by Bad Bunny', 'MERCEDES CAROTA by Bad Bunny', 'PERRO NEGRO by Bad Bunny', 'BATICANO by Bad Bunny', 'Lollipop by Darell', 'THUNDER Y LIGHTNING by Bad Bunny', 'VAGABUNDO by Sebastian Yatra & Manuel Turizo & Beéle', 'El Mambo by Kiko Rivera', 'Quien Es Dei V? by Dei V', 'VOU 787 by Bad Bunny', 'CYBERTRUCK by Bad Bunny', 'El Merengue by Marshmello & Manuel Turizo', 'HIBIKI by Bad Bunny', 'BABY NUEVA by Bad Bunny', 'DONDE SE APRENDE A QUERER? by Mora', 'NO PIENSO LLAMAR by Soge Culebra', 'UN PREVIEW by Bad Bunny', 'REINA by Mora', 'MODELITO by Mora', 'Fruto by Bizarrap & Milo j', 'NADIE SABE by Bad Bunny', 'Columbia by Quevedo', 'POLARIS - Remix by Saiko & Feid & Quevedo', 'WHERE SHE GOES by Bad Bunny', 'Holanda by Jhayco', 'TELEFONO NUEVO by Bad Bunny', 'Corazón Roto pt. 3 by Brray & Anuel AA & Chencho Corleone', 'NO ME QUIERO CASAR by Bad Bunny', 'SEDA by Bad Bunny', 'Milo J: Bzrp Music Sessions, Vol. 57 by Bizarrap & Milo j', 'ACHO PR by Bad Bunny', 'Buenas by Quevedo & Saiko', 'Eva Longoria by Ozuna', 'GRACIAS POR NADA by Bad Bunny', 'LALA by Myke Towers', 'Arena y Sal by Omar Montes & Saiko & Tunvao', 'LOS PITS by Bad Bunny', 'MONACO by Bad Bunny', 'VUELVE CANDY B by Bad Bunny', 'Antidepresivos by Saiko', 'COSAS QUE NO TE DIJE by Saiko', 'QLONA by KAROL G', 'Narcotics (with Bryant Myers) by Dei V & Bryant Myers', 'MR. OCTOBER by Bad Bunny', 'LUCES DE TECNO by Feid', 'BABY HELLO by Rauw Alejandro', 'Los del Espacio by LIT killah'}",0,0,0.0,2024-10
2024-10-16,"{'El Cielo by Sky Rompiendo & Feid & Myke Towers', 'No Estuviste En Lo Malo - REMIX by Morad & Beny Jr & DELLAFUENTE', 'Si No Estás by iñigo quintero', 'FINA by Bad Bunny', 'MERCEDES CAROTA by Bad Bunny', 'PERRO NEGRO by Bad Bunny', 'BATICANO by Bad Bunny', 'Lollipop by Darell', 'THUNDER Y LIGHTNING by Bad Bunny', 'VAGABUNDO by Sebastian Yatra & Manuel Turizo & Beéle', 'El Mambo by Kiko Rivera', 'Quien Es Dei V? by Dei V', 'VOU 787 by Bad Bunny', 'CYBERTRUCK by Bad Bunny', 'El Merengue by Marshmello & Manuel Turizo', 'HIBIKI by Bad Bunny', 'BABY NUEVA by Bad Bunny', 'DONDE SE APRENDE A QUERER? by Mora', 'NO PIENSO LLAMAR by Soge Culebra', 'UN PREVIEW by Bad Bunny', 'REINA by Mora', 'MODELITO by Mora', 'Fruto by Bizarrap & Milo j', 'NADIE SABE by Bad Bunny', 'Columbia by Quevedo', 'POLARIS - Remix by Saiko & Feid & Quevedo', 'WHERE SHE GOES by Bad Bunny', 'Holanda by Jhayco', 'TELEFONO NUEVO by Bad Bunny', 'Corazón Roto pt. 3 by Brray & Anuel AA & Chencho Corleone', 'NO ME QUIERO CASAR by Bad Bunny', 'SEDA by Bad Bunny', 'Milo J: Bzrp Music Sessions, Vol. 57 by Bizarrap & Milo j', 'ACHO PR by Bad Bunny', 'Buenas by Quevedo & Saiko', 'GRACIAS POR NADA by Bad Bunny', 'LALA by Myke Towers', 'Arena y Sal by Omar Montes & Saiko & Tunvao', 'OA by Anuel AA & Quevedo & Maluma', 'LOS PITS by Bad Bunny', 'MONACO by Bad Bunny', 'VUELVE CANDY B by Bad Bunny', 'Antidepresivos by Saiko', 'COSAS QUE NO TE DIJE by Saiko', 'QLONA by KAROL G', 'Narcotics (with Bryant Myers) by Dei V & Bryant Myers', 'MR. OCTOBER by Bad Bunny', 'LUCES DE TECNO by Feid', 'BABY HELLO by Rauw Alejandro', 'Los del Espacio by LIT killah'}",1,1,0.02,2024-10
2024-10-17,"{'El Cielo by Sky Rompiendo & Feid & Myke Towers', 'No Estuviste En Lo Malo - REMIX by Morad & Beny Jr & DELLAFUENTE', 'Si No Estás by iñigo quintero', 'FINA by Bad Bunny', 'MERCEDES CAROTA by Bad Bunny', 'PERRO NEGRO by Bad Bunny', 'BATICANO by Bad Bunny', 'Lollipop by Darell', 'THUNDER Y LIGHTNING by Bad Bunny', 'VAGABUNDO by Sebastian Yatra & Manuel Turizo & Beéle', 'El Mambo by Kiko Rivera', 'Quien Es Dei V? by Dei V', 'VOU 787 by Bad Bunny', 'CYBERTRUCK by Bad Bunny', 'El Merengue by Marshmello & Manuel Turizo', 'HIBIKI by Bad Bunny', 'BABY NUEVA by Bad Bunny', 'DONDE SE APRENDE A QUERER? by Mora', 'NO PIENSO LLAMAR by Soge Culebra', 'UN PREVIEW by Bad Bunny', 'REINA by Mora', 'MODELITO by Mora', 'Fruto by Bizarrap & Milo j', 'NADIE SABE by Bad Bunny', 'Columbia by Quevedo', 'POLARIS - Remix by Saiko & Feid & Quevedo', 'WHERE SHE GOES by Bad Bunny', 'Holanda by Jhayco', 'TELEFONO NUEVO by Bad Bunny', 'Corazón Roto pt. 3 by Brray & Anuel AA & Chencho Corleone', 'NO ME QUIERO CASAR by Bad Bunny', 'SEDA by Bad Bunny', 'Milo J: Bzrp Music Sessions, Vol. 57 by Bizarrap & Milo j', 'ACHO PR by Bad Bunny', 'Buenas by Quevedo & Saiko', 'GRACIAS POR NADA by Bad Bunny', 'LALA by Myke Towers', 'Arena y Sal by Omar Montes & Saiko & Tunvao', 'OA by Anuel AA & Quevedo & Maluma', 'LOS PITS by Bad Bunny', 'MONACO by Bad Bunny', 'VUELVE CANDY B by Bad Bunny', 'Antidepresivos by Saiko', 'COSAS QUE NO TE DIJE by Saiko', 'QLONA by KAROL G', 'Narcotics (with Bryant Myers) by Dei V & Bryant Myers', 'MR. OCTOBER by Bad Bunny', 'LUCES DE TECNO by Feid', 'BABY HELLO by Rauw Alejandro', 'Los del Espacio by LIT killah'}",0,0,0.0,2024-10
2024-10-18,"{'El Cielo by Sky Rompiendo & Feid & Myke Towers', 'No Estuviste En Lo Malo - REMIX by Morad & Beny Jr & DELLAFUENTE', 'Si No Estás by iñigo quintero', 'FINA by Bad Bunny', 'MERCEDES CAROTA by Bad Bunny', 'PERRO NEGRO by Bad Bunny', 'BATICANO by Bad Bunny', 'Lollipop by Darell', 'THUNDER Y LIGHTNING by Bad Bunny', 'VAGABUNDO by Sebastian Yatra & Manuel Turizo & Beéle', 'El Mambo by Kiko Rivera', 'Quien Es Dei V? by Dei V', 'VOU 787 by Bad Bunny', 'CYBERTRUCK by Bad Bunny', 'El Merengue by Marshmello & Manuel Turizo', 'HIBIKI by Bad Bunny', 'BABY NUEVA by Bad Bunny', 'DONDE SE APRENDE A QUERER? by Mora', 'NO PIENSO LLAMAR by Soge Culebra', 'UN PREVIEW by Bad Bunny', 'REINA by Mora', 'MODELITO by Mora', 'Fruto by Bizarrap & Milo j', 'NADIE SABE by Bad Bunny', 'Columbia by Quevedo', 'POLARIS - Remix by Saiko & Feid & Quevedo', 'WHERE SHE GOES by Bad Bunny', 'Holanda by Jhayco', 'TELEFONO NUEVO by Bad Bunny', 'Corazón Roto pt. 3 by Brray & Anuel AA & Chencho Corleone', 'NO ME QUIERO CASAR by Bad Bunny', 'SEDA by Bad Bunny', 'Milo J: Bzrp Music Sessions, Vol. 57 by Bizarrap & Milo j', 'ACHO PR by Bad Bunny', 'Buenas by Quevedo & Saiko', 'GRACIAS POR NADA by Bad Bunny', 'LALA by Myke Towers', 'Arena y Sal by Omar Montes & Saiko & Tunvao', 'OA by Anuel AA & Quevedo & Maluma', 'LOS PITS by Bad Bunny', 'MONACO by Bad Bunny', 'VUELVE CANDY B by Bad Bunny', 'Antidepresivos by Saiko', 'COSAS QUE NO TE DIJE by Saiko', 'QLONA by KAROL G', 'Narcotics (with Bryant Myers) by Dei V & Bryant Myers', 'MR. OCTOBER by Bad Bunny', 'LUCES DE TECNO by Feid', 'BABY HELLO by Rauw Alejandro', 'Los del Espacio by LIT killah'}",0,0,0.0,2024-10
2024-10-19,"{'El Cielo by Sky Rompiendo & Feid & Myke Towers', 'No Estuviste En Lo Malo - REMIX by Morad & Beny Jr & DELLAFUENTE', 'Si No Estás by iñigo quintero', 'FINA by Bad Bunny', 'A 300 by JC Reyes & Pedro Calderon', 'MERCEDES CAROTA by Bad Bunny', 'PERRO NEGRO by Bad Bunny', 'Lollipop by Darell', 'THUNDER Y LIGHTNING by Bad Bunny', 'VAGABUNDO by Sebastian Yatra & Manuel Turizo & Beéle', 'El Mambo by Kiko Rivera', 'COLMILLO by Tainy', 'Quien Es Dei V? by Dei V', 'CYBERTRUCK by Bad Bunny', 'El Merengue by Marshmello & Manuel Turizo', 'HIBIKI by Bad Bunny', 'BABY NUEVA by Bad Bunny', 'Supernova by Saiko', 'DONDE SE APRENDE A QUERER? by Mora', 'NO PIENSO LLAMAR by Soge Culebra', 'UN PREVIEW by Bad Bunny', 'REINA by Mora', 'MODELITO by Mora', 'Fruto by Bizarrap & Milo j', 'NADIE SABE by Bad Bunny', 'Columbia by Quevedo', 'POLARIS - Remix by Saiko & Feid & Quevedo', 'WHERE SHE GOES by Bad Bunny', 'Holanda by Jhayco', 'TELEFONO NUEVO by Bad Bunny', 'Corazón Roto pt. 3 by Brray & Anuel AA & Chencho Corleone', 'NO ME QUIERO CASAR by Bad Bunny', 'SEDA by Bad Bunny', 'Milo J: Bzrp Music Sessions, Vol. 57 by Bizarrap & Milo j', 'ACHO PR by Bad Bunny', 'Buenas by Quevedo & Saiko', 'GRACIAS POR NADA by Bad Bunny', 'LALA by Myke Towers', 'Arena y Sal by Omar Montes & Saiko & Tunvao', 'OA by Anuel AA & Quevedo & Maluma', 'LOS PITS by Bad Bunny', 'MONACO by Bad Bunny', 'Antidepresivos by Saiko', 'COSAS QUE NO TE DIJE by Saiko', 'QLONA by KAROL G', 'Narcotics (with Bryant Myers) by Dei V & Bryant Myers', 'MR. OCTOBER by Bad Bunny', 'LUCES DE TECNO by Feid', 'BABY HELLO by Rauw Alejandro', 'Los del Espacio by LIT killah'}",3,3,0.06,2024-10
2024-10-20,"{'El Cielo by Sky Rompiendo & Feid & Myke Towers', 'No Estuviste En Lo Malo - REMIX by Morad & Beny Jr & DELLAFUENTE', 'Si No Estás by iñigo quintero', 'FINA by Bad Bunny', 'A 300 by JC Reyes & Pedro Calderon', 'MERCEDES CAROTA by Bad Bunny', 'PERRO NEGRO by Bad Bunny', 'Lollipop by Darell', 'THUNDER Y LIGHTNING by Bad Bunny', 'VAGABUNDO by Sebastian Yatra & Manuel Turizo & Beéle', 'El Mambo by Kiko Rivera', 'COLMILLO by Tainy', 'Quien Es Dei V? by Dei V', 'CYBERTRUCK by Bad Bunny', 'El Merengue by Marshmello & Manuel Turizo', 'HIBIKI by Bad Bunny', 'BABY NUEVA by Bad Bunny', 'Supernova by Saiko', 'DONDE SE APRENDE A QUERER? by Mora', 'NO PIENSO LLAMAR by Soge Culebra', 'UN PREVIEW by Bad Bunny', 'REINA by Mora', 'MODELITO by Mora', 'Dicelo by Lianet Rivero & Lia & Gatillo', 'Fruto by Bizarrap & Milo j', 'NADIE SABE by Bad Bunny', 'Columbia by Quevedo', 'POLARIS - Remix by Saiko & Feid & Quevedo', 'WHERE SHE GOES by Bad Bunny', 'Holanda by Jhayco', 'TELEFONO NUEVO by Bad Bunny', 'Corazón Roto pt. 3 by Brray & Anuel AA & Chencho Corleone', 'SEDA by Bad Bunny', 'Milo J: Bzrp Music Sessions, Vol. 57 by Bizarrap & Milo j', 'ACHO PR by Bad Bunny', 'Buenas by Quevedo & Saiko', 'GRACIAS POR NADA by Bad Bunny', 'LALA by Myke Towers', 'Arena y Sal by Omar Montes & Saiko & Tunvao', 'OA by Anuel AA & Quevedo & Maluma', 'LOS PITS by Bad Bunny', 'MONACO by Bad Bunny', 'Antidepresivos by Saiko', 'COSAS QUE NO TE DIJE by Saiko', 'QLONA by KAROL G', 'Narcotics (with Bryant Myers) by Dei V & Bryant Myers', 'MR. OCTOBER by Bad Bunny', 'LUCES DE TECNO by Feid', 'BABY HELLO by Rauw Alejandro', 'Los del Espacio by LIT killah'}",1,1,0.02,2024-10
2024-10-21,"{'El Cielo by Sky Rompiendo & Feid & Myke Towers', 'No Estuviste En Lo Malo - REMIX by Morad & Beny Jr & DELLAFUENTE', 'Si No Estás by iñigo quintero', 'FINA by Bad Bunny', 'A 300 by JC Reyes & Pedro Calderon', 'MERCEDES CAROTA by Bad Bunny', 'PERRO NEGRO by Bad Bunny', 'Lollipop by Darell', 'DE PLASTILINA by Lola Indigo & Pepe y Vizio', 'THUNDER Y LIGHTNING by Bad Bunny', 'VAGABUNDO by Sebastian Yatra & Manuel Turizo & Beéle', 'El Mambo by Kiko Rivera', 'COLMILLO by Tainy', 'GANGSTER (PQFNEDG) by Ovy On The Drums & Quevedo & Yandel', 'Quien Es Dei V? by Dei V', 'CYBERTRUCK by Bad Bunny', 'El Merengue by Marshmello & Manuel Turizo', 'HIBIKI by Bad Bunny', 'BABY NUEVA by Bad Bunny', 'DONDE SE APRENDE A QUERER? by Mora', 'NO PIENSO LLAMAR by Soge Culebra', 'UN PREVIEW by Bad Bunny', 'REINA by Mora', 'DILUVIO by Rauw Alejandro', 'MODELITO by Mora', 'Dicelo by Lianet Rivero & Lia & Gatillo', 'Fruto by Bizarrap & Milo j', 'NADIE SABE by Bad Bunny', 'Columbia by Quevedo', 'POLARIS - Remix by Saiko & Feid & Quevedo', 'SEYA by GIMS', 'Holanda by Jhayco', 'WHERE SHE GOES by Bad Bunny', 'TELEFONO NUEVO by Bad Bunny', 'Corazón Roto pt. 3 by Brray & Anuel AA & Chencho Corleone', 'SEDA by Bad Bunny', 'Milo J: Bzrp Music Sessions, Vol. 57 by Bizarrap & Milo j', 'Buenas by Quevedo & Saiko', 'LALA by Myke Towers', 'Arena y Sal by Omar Montes & Saiko & Tunvao', 'OA by Anuel AA & Quevedo & Maluma', 'MONACO by Bad Bunny', 'Antidepresivos by Saiko', 'COSAS QUE NO TE DIJE by Saiko', 'QLONA by KAROL G', 'Narcotics (with Bryant Myers) by Dei V & Bryant Myers', 'MR. OCTOBER by Bad Bunny', 'LUCES DE TECNO by Feid', 'BABY HELLO by Rauw Alejandro', 'Los del Espacio by LIT killah'}",4,4,0.08,2024-10
2024-10-22,"{'El Cielo by Sky Rompiendo & Feid & Myke Towers', 'No Estuviste En Lo Malo - REMIX by Morad & Beny Jr & DELLAFUENTE', 'Si No Estás by iñigo quintero', 'FINA by Bad Bunny', 'A 300 by JC Reyes & Pedro Calderon', 'PERRO NEGRO by Bad Bunny', 'Lollipop by Darell', 'DE PLASTILINA by Lola Indigo & Pepe y Vizio', 'THUNDER Y LIGHTNING by Bad Bunny', 'VAGABUNDO by Sebastian Yatra & Manuel Turizo & Beéle', 'El Mambo by Kiko Rivera', 'COLMILLO by Tainy', 'GANGSTER (PQFNEDG) by Ovy On The Drums & Quevedo & Yandel', 'Quien Es Dei V? by Dei V', 'El Merengue by Marshmello & Manuel Turizo', 'HIBIKI by Bad Bunny', 'BABY NUEVA by Bad Bunny', 'DONDE SE APRENDE A QUERER? by Mora', 'NO PIENSO LLAMAR by Soge Culebra', 'UN PREVIEW by Bad Bunny', 'REINA by Mora', 'DILUVIO by Rauw Alejandro', 'MODELITO by Mora', 'Dicelo by Lianet Rivero & Lia & Gatillo', 'Fruto by Bizarrap & Milo j', 'NADIE SABE by Bad Bunny', 'Columbia by Quevedo', 'POLARIS - Remix by Saiko & Feid & Quevedo', 'SEYA by GIMS', 'Holanda by Jhayco', 'WHERE SHE GOES by Bad Bunny', 'TELEFONO NUEVO by Bad Bunny', 'Corazón Roto pt. 3 by Brray & Anuel AA & Chencho Corleone', 'SEDA by Bad Bunny', 'Milo J: Bzrp Music Sessions, Vol. 57 by Bizarrap & Milo j', 'Buenas by Quevedo & Saiko', 'Eva Longoria by Ozuna', 'LALA by Myke Towers', 'Arena y Sal by Omar Montes & Saiko & Tunvao', 'OA by Anuel AA & Quevedo & Maluma', 'Rara Vez by Taiu & Milo j', 'MONACO by Bad Bunny', 'Antidepresivos by Saiko', 'COSAS QUE NO TE DIJE by Saiko', 'QLONA by KAROL G', 'Narcotics (with Bryant Myers) by Dei V & Bryant Myers', 'La Bachata by Manuel Turizo', 'LUCES DE TECNO by Feid', 'BABY HELLO by Rauw Alejandro', 'Los del Espacio by LIT killah'}",3,3,0.06,2024-10
2024-10-23,"{'El Cielo by Sky Rompiendo & Feid & Myke Towers', 'No Estuviste En Lo Malo - REMIX by Morad & Beny Jr & DELLAFUENTE', 'Si No Estás by iñigo quintero', 'FINA by Bad Bunny', 'A 300 by JC Reyes & Pedro Calderon', 'PERRO NEGRO by Bad Bunny', 'Lollipop by Darell', 'THUNDER Y LIGHTNING by Bad Bunny', 'VAGABUNDO by Sebastian Yatra & Manuel Turizo & Beéle', 'El Mambo by Kiko Rivera', 'GANGSTER (PQFNEDG) by Ovy On The Drums & Quevedo & Yandel', 'Quien Es Dei V? by Dei V', 'El Merengue by Marshmello & Manuel Turizo', 'Mi Luz (ft. Rels B) by Rvfv', 'HIBIKI by Bad Bunny', 'BABY NUEVA by Bad Bunny', 'Supernova by Saiko', 'DONDE SE APRENDE A QUERER? by Mora', 'NO PIENSO LLAMAR by Soge Culebra', 'UN PREVIEW by Bad Bunny', 'REINA by Mora', 'DILUVIO by Rauw Alejandro', 'MODELITO by Mora', 'Dicelo by Lianet Rivero & Lia & Gatillo', 'Fruto by Bizarrap & Milo j', 'NADIE SABE by Bad Bunny', 'Columbia by Quevedo', 'POLARIS - Remix by Saiko & Feid & Quevedo', 'SEYA by GIMS', 'Holanda by Jhayco', 'WHERE SHE GOES by Bad Bunny', 'TELEFONO NUEVO by Bad Bunny', 'Corazón Roto pt. 3 by Brray & Anuel AA & Chencho Corleone', 'SEDA by Bad Bunny', 'Milo J: Bzrp Music Sessions, Vol. 57 by Bizarrap & Milo j', 'Buenas by Quevedo & Saiko', 'Eva Longoria by Ozuna', 'LALA by Myke Towers', 'Arena y Sal by Omar Montes & Saiko & Tunvao', 'OA by Anuel AA & Quevedo & Maluma', 'Rara Vez by Taiu & Milo j', 'MONACO by Bad Bunny', 'Antidepresivos by Saiko', 'COSAS QUE NO TE DIJE by Saiko', 'QLONA by KAROL G', 'Narcotics (with Bryant Myers) by Dei V & Bryant Myers', 'La Bachata by Manuel Turizo', 'LUCES DE TECNO by Feid', 'BABY HELLO by Rauw Alejandro', 'Los del Espacio by LIT killah'}",2,2,0.04,2024-10
2024-10-24,"{'El Cielo by Sky Rompiendo & Feid & Myke Towers', 'No Estuviste En Lo Malo - REMIX by Morad & Beny Jr & DELLAFUENTE', 'Si No Estás by iñigo quintero', 'FINA by Bad Bunny', 'A 300 by JC Reyes & Pedro Calderon', 'PERRO NEGRO by Bad Bunny', 'GATITA GANGSTER by KAROL G', 'Lollipop by Darell', 'THUNDER Y LIGHTNING by Bad Bunny', 'VAGABUNDO by Sebastian Yatra & Manuel Turizo & Beéle', 'Madrid City by Ana Mena', 'El Mambo by Kiko Rivera', 'GANGSTER (PQFNEDG) by Ovy On The Drums & Quevedo & Yandel', 'Quien Es Dei V? by Dei V', 'El Merengue by Marshmello & Manuel Turizo', 'Mi Luz (ft. Rels B) by Rvfv', 'HIBIKI by Bad Bunny', 'BABY NUEVA by Bad Bunny', 'DONDE SE APRENDE A QUERER? by Mora', 'NO PIENSO LLAMAR by Soge Culebra', 'UN PREVIEW by Bad Bunny', 'REINA by Mora', 'DILUVIO by Rauw Alejandro', 'MODELITO by Mora', 'Fruto by Bizarrap & Milo j', 'NADIE SABE by Bad Bunny', 'Columbia by Quevedo', 'POLARIS - Remix by Saiko & Feid & Quevedo', 'SEYA by GIMS', 'Holanda by Jhayco', 'WHERE SHE GOES by Bad Bunny', 'TELEFONO NUEVO by Bad Bunny', 'Corazón Roto pt. 3 by Brray & Anuel AA & Chencho Corleone', 'SEDA by Bad Bunny', 'Milo J: Bzrp Music Sessions, Vol. 57 by Bizarrap & Milo j', 'Buenas by Quevedo & Saiko', 'Eva Longoria by Ozuna', 'LALA by Myke Towers', 'Arena y Sal by Omar Montes & Saiko & Tunvao', 'OA by Anuel AA & Quevedo & Maluma', 'Rara Vez by Taiu & Milo j', 'MONACO by Bad Bunny', 'Antidepresivos by Saiko', 'COSAS QUE NO TE DIJE by Saiko', 'QLONA by KAROL G', 'Narcotics (with Bryant Myers) by Dei V & Bryant Myers', 'La Bachata by Manuel Turizo', 'LUCES DE TECNO by Feid', 'BABY HELLO by Rauw Alejandro', 'Los del Espacio by LIT killah'}",2,2,0.04,2024-10
2024-10-25,"{'El Cielo by Sky Rompiendo & Feid & Myke Towers', 'No Estuviste En Lo Malo - REMIX by Morad & Beny Jr & DELLAFUENTE', 'Si No Estás by iñigo quintero', 'FINA by Bad Bunny', 'A 300 by JC Reyes & Pedro Calderon', 'PERRO NEGRO by Bad Bunny', 'GATITA GANGSTER by KAROL G', 'Lollipop by Darell', 'THUNDER Y LIGHTNING by Bad Bunny', 'VAGABUNDO by Sebastian Yatra & Manuel Turizo & Beéle', 'Madrid City by Ana Mena', 'El Mambo by Kiko Rivera', 'GANGSTER (PQFNEDG) by Ovy On The Drums & Quevedo & Yandel', 'Quien Es Dei V? by Dei V', 'El Merengue by Marshmello & Manuel Turizo', 'Mi Luz (ft. Rels B) by Rvfv', 'HIBIKI by Bad Bunny', 'BABY NUEVA by Bad Bunny', 'DONDE SE APRENDE A QUERER? by Mora', 'NO PIENSO LLAMAR by Soge Culebra', 'UN PREVIEW by Bad Bunny', 'REINA by Mora', 'DILUVIO by Rauw Alejandro', 'MODELITO by Mora', 'Fruto by Bizarrap & Milo j', 'NADIE SABE by Bad Bunny', 'Columbia by Quevedo', 'POLARIS - Remix by Saiko & Feid & Quevedo', 'SEYA by GIMS', 'Holanda by Jhayco', 'WHERE SHE GOES by Bad Bunny', 'TELEFONO NUEVO by Bad Bunny', 'Corazón Roto pt. 3 by Brray & Anuel AA & Chencho Corleone', 'SEDA by Bad Bunny', 'Milo J: Bzrp Music Sessions, Vol. 57 by Bizarrap & Milo j', 'Buenas by Quevedo & Saiko', 'Eva Longoria by Ozuna', 'LALA by Myke Towers', 'Arena y Sal by Omar Montes & Saiko & Tunvao', 'OA by Anuel AA & Quevedo & Maluma', 'Rara Vez by Taiu & Milo j', 'MONACO by Bad Bunny', 'Antidepresivos by Saiko', 'COSAS QUE NO TE DIJE by Saiko', 'QLONA by KAROL G', 'Narcotics (with Bryant Myers) by Dei V & Bryant Myers', 'La Bachata by Manuel Turizo', 'LUCES DE TECNO by Feid', 'BABY HELLO by Rauw Alejandro', 'Los del Espacio by LIT killah'}",0,0,0.0,2024-10
2024-10-26,"{'El Cielo by Sky Rompiendo & Feid & Myke Towers', 'No Estuviste En Lo Malo - REMIX by Morad & Beny Jr & DELLAFUENTE', 'Si No Estás by iñigo quintero', 'FINA by Bad Bunny', 'A 300 by JC Reyes & Pedro Calderon', 'PERRO NEGRO by Bad Bunny', 'GATITA GANGSTER by KAROL G', 'Lollipop by Darell', 'THUNDER Y LIGHTNING by Bad Bunny', 'VAGABUNDO by Sebastian Yatra & Manuel Turizo & Beéle', 'Madrid City by Ana Mena', 'El Mambo by Kiko Rivera', 'GANGSTER (PQFNEDG) by Ovy On The Drums & Quevedo & Yandel', 'Quien Es Dei V? by Dei V', 'El Merengue by Marshmello & Manuel Turizo', 'Mi Luz (ft. Rels B) by Rvfv', 'HIBIKI by Bad Bunny', 'BABY NUEVA by Bad Bunny', 'Supernova by Saiko', 'DONDE SE APRENDE A QUERER? by Mora', 'NO PIENSO LLAMAR by Soge Culebra', 'UN PREVIEW by Bad Bunny', 'REINA by Mora', 'DILUVIO by Rauw Alejandro', 'MODELITO by Mora', 'Fruto by Bizarrap & Milo j', 'NADIE SABE by Bad Bunny', 'Columbia by Quevedo', 'POLARIS - Remix by Saiko & Feid & Quevedo', 'SEYA by GIMS', 'Holanda by Jhayco', 'WHERE SHE GOES by Bad Bunny', 'TELEFONO NUEVO by Bad Bunny', 'Corazón Roto pt. 3 by Brray & Anuel AA & Chencho Corleone', 'SEDA by Bad Bunny', 'Milo J: Bzrp Music Sessions, Vol. 57 by Bizarrap & Milo j', 'Buenas by Quevedo & Saiko', 'Eva Longoria by Ozuna', 'LALA by Myke Towers', 'Arena y Sal by Omar Montes & Saiko & Tunvao', 'OA by Anuel AA & Quevedo & Maluma', 'MONACO by Bad Bunny', 'Antidepresivos by Saiko', 'COSAS QUE NO TE DIJE by Saiko', 'QLONA by KAROL G', 'Narcotics (with Bryant Myers) by Dei V & Bryant Myers', 'La Bachata by Manuel Turizo', 'LUCES DE TECNO by Feid', 'BABY HELLO by Rauw Alejandro', 'Los del Espacio by LIT killah'}",1,1,0.02,2024-10
2024-10-27,"{'El Cielo by Sky Rompiendo & Feid & Myke Towers', 'No Estuviste En Lo Malo - REMIX by Morad & Beny Jr & DELLAFUENTE', 'Si No Estás by iñigo quintero', 'FINA by Bad Bunny', 'A 300 by JC Reyes & Pedro Calderon', 'PERRO NEGRO by Bad Bunny', 'GATITA GANGSTER by KAROL G', 'Lollipop by Darell', 'THUNDER Y LIGHTNING by Bad Bunny', 'VAGABUNDO by Sebastian Yatra & Manuel Turizo & Beéle', 'Madrid City by Ana Mena', 'El Mambo by Kiko Rivera', 'GANGSTER (PQFNEDG) by Ovy On The Drums & Quevedo & Yandel', 'Quien Es Dei V? by Dei V', 'El Merengue by Marshmello & Manuel Turizo', 'Mi Luz (ft. Rels B) by Rvfv', 'HIBIKI by Bad Bunny', 'BABY NUEVA by Bad Bunny', 'Supernova by Saiko', 'DONDE SE APRENDE A QUERER? by Mora', 'NO PIENSO LLAMAR by Soge Culebra', 'UN PREVIEW by Bad Bunny', 'REINA by Mora', 'DILUVIO by Rauw Alejandro', 'MODELITO by Mora', 'Fruto by Bizarrap & Milo j', 'NADIE SABE by Bad Bunny', 'Columbia by Quevedo', 'POLARIS - Remix by Saiko & Feid & Quevedo', 'SEYA by GIMS', 'Holanda by Jhayco', 'WHERE SHE GOES by Bad Bunny', 'TELEFONO NUEVO by Bad Bunny', 'Corazón Roto pt. 3 by Brray & Anuel AA & Chencho Corleone', 'SEDA by Bad Bunny', 'Milo J: Bzrp Music Sessions, Vol. 57 by Bizarrap & Milo j', 'Buenas by Quevedo & Saiko', 'Eva Longoria by Ozuna', 'LALA by Myke Towers', 'Arena y Sal by Omar Montes & Saiko & Tunvao', 'OA by Anuel AA & Quevedo & Maluma', 'MONACO by Bad Bunny', 'Antidepresivos by Saiko', 'COSAS QUE NO TE DIJE by Saiko', 'QLONA by KAROL G', 'Narcotics (with Bryant Myers) by Dei V & Bryant Myers', 'La Bachata by Manuel Turizo', 'LUCES DE TECNO by Feid', 'BABY HELLO by Rauw Alejandro', 'Los del Espacio by LIT killah'}",0,0,0.0,2024-10
2024-10-28,"{'El Cielo by Sky Rompiendo & Feid & Myke Towers', 'No Estuviste En Lo Malo - REMIX by Morad & Beny Jr & DELLAFUENTE', 'Si No Estás by iñigo quintero', 'FINA by Bad Bunny', 'A 300 by JC Reyes & Pedro Calderon', 'PERRO NEGRO by Bad Bunny', 'GATITA GANGSTER by KAROL G', 'Lollipop by Darell', 'THUNDER Y LIGHTNING by Bad Bunny', 'VAGABUNDO by Sebastian Yatra & Manuel Turizo & Beéle', 'Madrid City by Ana Mena', 'El Mambo by Kiko Rivera', 'GANGSTER (PQFNEDG) by Ovy On The Drums & Quevedo & Yandel', 'Quien Es Dei V? by Dei V', 'El Merengue by Marshmello & Manuel Turizo', 'Mi Luz (ft. Rels B) by Rvfv', 'HIBIKI by Bad Bunny', 'BABY NUEVA by Bad Bunny', 'Supernova by Saiko', 'DONDE SE APRENDE A QUERER? by Mora', 'NO PIENSO LLAMAR by Soge Culebra', 'UN PREVIEW by Bad Bunny', 'REINA by Mora', 'DILUVIO by Rauw Alejandro', 'MODELITO by Mora', 'Fruto by Bizarrap & Milo j', 'NADIE SABE by Bad Bunny', 'Columbia by Quevedo', 'POLARIS - Remix by Saiko & Feid & Quevedo', 'SEYA by GIMS', 'Holanda by Jhayco', 'WHERE SHE GOES by Bad Bunny', 'TELEFONO NUEVO by Bad Bunny', 'Corazón Roto pt. 3 by Brray & Anuel AA & Chencho Corleone', 'SEDA by Bad Bunny', 'Milo J: Bzrp Music Sessions, Vol. 57 by Bizarrap & Milo j', 'Buenas by Quevedo & Saiko', 'Eva Longoria by Ozuna', 'LALA by Myke Towers', 'Arena y Sal by Omar Montes & Saiko & Tunvao', 'OA by Anuel AA & Quevedo & Maluma', 'MONACO by Bad Bunny', 'Antidepresivos by Saiko', 'COSAS QUE NO TE DIJE by Saiko', 'QLONA by KAROL G', 'Narcotics (with Bryant Myers) by Dei V & Bryant Myers', 'La Bachata by Manuel Turizo', 'LUCES DE TECNO by Feid', 'BABY HELLO by Rauw Alejandro', 'Los del Espacio by LIT killah'}",0,0,0.0,2024-10
2024-10-29,"{'El Cielo by Sky Rompiendo & Feid & Myke Towers', 'No Estuviste En Lo Malo - REMIX by Morad & Beny Jr & DELLAFUENTE', 'Si No Estás by iñigo quintero', 'FINA by Bad Bunny', 'A 300 by JC Reyes & Pedro Calderon', 'PERRO NEGRO by Bad Bunny', 'GATITA GANGSTER by KAROL G', 'Lollipop by Darell', 'THUNDER Y LIGHTNING by Bad Bunny', 'No_se_ve.mp3 by Emilia & LUDMILLA & ZECCA', 'VAGABUNDO by Sebastian Yatra & Manuel Turizo & Beéle', 'Madrid City by Ana Mena', 'El Mambo by Kiko Rivera', 'GANGSTER (PQFNEDG) by Ovy On The Drums & Quevedo & Yandel', 'Bandidona by Saiko', 'Quien Es Dei V? by Dei V', 'El Merengue by Marshmello & Manuel Turizo', 'Mi Luz (ft. Rels B) by Rvfv', 'HIBIKI by Bad Bunny', 'Supernova by Saiko', 'DONDE SE APRENDE A QUERER? by Mora', 'NO PIENSO LLAMAR by Soge Culebra', 'UN PREVIEW by Bad Bunny', 'REINA by Mora', 'DILUVIO by Rauw Alejandro', 'MODELITO by Mora', 'Fruto by Bizarrap & Milo j', 'Columbia by Quevedo', 'POLARIS - Remix by Saiko & Feid & Quevedo', 'SEYA by GIMS', 'Holanda by Jhayco', 'Corazón Roto pt. 3 by Brray & Anuel AA & Chencho Corleone', 'SEDA by Bad Bunny', 'Milo J: Bzrp Music Sessions, Vol. 57 by Bizarrap & Milo j', 'Buenas by Quevedo & Saiko', 'Eva Longoria by Ozuna', 'LALA by Myke Towers', 'Arena y Sal by Omar Montes & Saiko & Tunvao', 'EL TONTO by Lola Indigo', 'OA by Anuel AA & Quevedo & Maluma', 'MONACO by Bad Bunny', 'Antidepresivos by Saiko', 'COSAS QUE NO TE DIJE by Saiko', 'QLONA by KAROL G', 'Narcotics (with Bryant Myers) by Dei V & Bryant Myers', 'La Bachata by Manuel Turizo', 'LUCES DE TECNO by Feid', 'BABY HELLO by Rauw Alejandro', 'Classy 101 by Feid & Young Miko', 'Los del Espacio by LIT killah'}",4,4,0.08,2024-10
2024-10-30,"{'El Cielo by Sky Rompiendo & Feid & Myke Towers', 'No Estuviste En Lo Malo - REMIX by Morad & Beny Jr & DELLAFUENTE', 'Si No Estás by iñigo quintero', 'FINA by Bad Bunny', 'A 300 by JC Reyes & Pedro Calderon', 'PERRO NEGRO by Bad Bunny', 'GATITA GANGSTER by KAROL G', 'Lollipop by Darell', 'THUNDER Y LIGHTNING by Bad Bunny', 'No_se_ve.mp3 by Emilia & LUDMILLA & ZECCA', 'VAGABUNDO by Sebastian Yatra & Manuel Turizo & Beéle', 'Madrid City by Ana Mena', 'El Mambo by Kiko Rivera', 'GANGSTER (PQFNEDG) by Ovy On The Drums & Quevedo & Yandel', 'Bandidona by Saiko', 'Quien Es Dei V? by Dei V', 'El Merengue by Marshmello & Manuel Turizo', 'Mi Luz (ft. Rels B) by Rvfv', 'HIBIKI by Bad Bunny', 'Supernova by Saiko', 'DONDE SE APRENDE A QUERER? by Mora', 'NO PIENSO LLAMAR by Soge Culebra', 'UN PREVIEW by Bad Bunny', 'REINA by Mora', 'DILUVIO by Rauw Alejandro', 'MODELITO by Mora', 'Fruto by Bizarrap & Milo j', 'Columbia by Quevedo', 'POLARIS - Remix by Saiko & Feid & Quevedo', 'SEYA by GIMS', 'Holanda by Jhayco', 'Corazón Roto pt. 3 by Brray & Anuel AA & Chencho Corleone', 'SEDA by Bad Bunny', 'Milo J: Bzrp Music Sessions, Vol. 57 by Bizarrap & Milo j', 'Buenas by Quevedo & Saiko', 'Eva Longoria by Ozuna', 'LALA by Myke Towers', 'Arena y Sal by Omar Montes & Saiko & Tunvao', 'EL TONTO by Lola Indigo', 'OA by Anuel AA & Quevedo & Maluma', 'MONACO by Bad Bunny', 'Antidepresivos by Saiko', 'COSAS QUE NO TE DIJE by Saiko', 'QLONA by KAROL G', 'Narcotics (with Bryant Myers) by Dei V & Bryant Myers', 'La Bachata by Manuel Turizo', 'LUCES DE TECNO by Feid', 'BABY HELLO by Rauw Alejandro', 'Classy 101 by Feid & Young Miko', 'Los del Espacio by LIT killah'}",0,0,0.0,2024-10
2024-10-31,"{'El Cielo by Sky Rompiendo & Feid & Myke Towers', 'No Estuviste En Lo Malo - REMIX by Morad & Beny Jr & DELLAFUENTE', 'Si No Estás by iñigo quintero', 'FINA by Bad Bunny', 'A 300 by JC Reyes & Pedro Calderon', 'PERRO NEGRO by Bad Bunny', 'GATITA GANGSTER by KAROL G', 'Lollipop by Darell', 'THUNDER Y LIGHTNING by Bad Bunny', 'No_se_ve.mp3 by Emilia & LUDMILLA & ZECCA', 'VAGABUNDO by Sebastian Yatra & Manuel Turizo & Beéle', 'Madrid City by Ana Mena', 'El Mambo by Kiko Rivera', 'GANGSTER (PQFNEDG) by Ovy On The Drums & Quevedo & Yandel', 'Bandidona by Saiko', 'Quien Es Dei V? by Dei V', 'El Merengue by Marshmello & Manuel Turizo', 'Mi Luz (ft. Rels B) by Rvfv', 'HIBIKI by Bad Bunny', 'Supernova by Saiko', 'DONDE SE APRENDE A QUERER? by Mora', 'NO PIENSO LLAMAR by Soge Culebra', 'UN PREVIEW by Bad Bunny', 'REINA by Mora', 'DILUVIO by Rauw Alejandro', 'MODELITO by Mora', 'Fruto by Bizarrap & Milo j', 'Columbia by Quevedo', 'POLARIS - Remix by Saiko & Feid & Quevedo', 'SEYA by GIMS', 'Holanda by Jhayco', 'Corazón Roto pt. 3 by Brray & Anuel AA & Chencho Corleone', 'SEDA by Bad Bunny', 'Milo J: Bzrp Music Sessions, Vol. 57 by Bizarrap & Milo j', 'Buenas by Quevedo & Saiko', 'Eva Longoria by Ozuna', 'LALA by Myke Towers', 'Arena y Sal by Omar Montes & Saiko & Tunvao', 'EL TONTO by Lola Indigo', 'OA by Anuel AA & Quevedo & Maluma', 'MONACO by Bad Bunny', 'Antidepresivos by Saiko', 'COSAS QUE NO TE DIJE by Saiko', 'QLONA by KAROL G', 'Narcotics (with Bryant Myers) by Dei V & Bryant Myers', 'La Bachata by Manuel Turizo', 'LUCES DE TECNO by Feid', 'BABY HELLO by Rauw Alejandro', 'Classy 101 by Feid & Young Miko', 'Los del Espacio by LIT killah'}",0,0,0.0,2024-10
2024-11-01,"{'El Cielo by Sky Rompiendo & Feid & Myke Towers', 'No Estuviste En Lo Malo - REMIX by Morad & Beny Jr & DELLAFUENTE', 'Si No Estás by iñigo quintero', 'FINA by Bad Bunny', 'A 300 by JC Reyes & Pedro Calderon', 'PERRO NEGRO by Bad Bunny', 'GATITA GANGSTER by KAROL G', 'Lollipop by Darell', 'THUNDER Y LIGHTNING by Bad Bunny', 'No_se_ve.mp3 by Emilia & LUDMILLA & ZECCA', 'VAGABUNDO by Sebastian Yatra & Manuel Turizo & Beéle', 'Madrid City by Ana Mena', 'El Mambo by Kiko Rivera', 'GANGSTER (PQFNEDG) by Ovy On The Drums & Quevedo & Yandel', 'Bandidona by Saiko', 'Quien Es Dei V? by Dei V', 'El Merengue by Marshmello & Manuel Turizo', 'Mi Luz (ft. Rels B) by Rvfv', 'HIBIKI by Bad Bunny', 'FERXXO 151 by Feid', 'Supernova by Saiko', 'DONDE SE APRENDE A QUERER? by Mora', 'NO PIENSO LLAMAR by Soge Culebra', 'UN PREVIEW by Bad Bunny', 'REINA by Mora', 'DILUVIO by Rauw Alejandro', 'MODELITO by Mora', 'Fruto by Bizarrap & Milo j', 'Columbia by Quevedo', 'POLARIS - Remix by Saiko & Feid & Quevedo', 'SEYA by GIMS', 'Holanda by Jhayco', 'Corazón Roto pt. 3 by Brray & Anuel AA & Chencho Corleone', 'SEDA by Bad Bunny', 'Milo J: Bzrp Music Sessions, Vol. 57 by Bizarrap & Milo j', 'Buenas by Quevedo & Saiko', 'Eva Longoria by Ozuna', 'LALA by Myke Towers', 'Arena y Sal by Omar Montes & Saiko & Tunvao', 'OA by Anuel AA & Quevedo & Maluma', 'MONACO by Bad Bunny', 'Antidepresivos by Saiko', 'COSAS QUE NO TE DIJE by Saiko', 'QLONA by KAROL G', 'Narcotics (with Bryant Myers) by Dei V & Bryant Myers', 'La Bachata by Manuel Turizo', 'LUCES DE TECNO by Feid', 'BABY HELLO by Rauw Alejandro', 'Classy 101 by Feid & Young Miko', 'Los del Espacio by LIT killah'}",1,1,0.02,2024-11
2024-11-02,"{'El Cielo by Sky Rompiendo & Feid & Myke Towers', 'No Estuviste En Lo Malo - REMIX by Morad & Beny Jr & DELLAFUENTE', 'Si No Estás by iñigo quintero', 'FINA by Bad Bunny', 'A 300 by JC Reyes & Pedro Calderon', 'PERRO NEGRO by Bad Bunny', 'GATITA GANGSTER by KAROL G', 'Lollipop by Darell', 'THUNDER Y LIGHTNING by Bad Bunny', 'No_se_ve.mp3 by Emilia & LUDMILLA & ZECCA', 'VAGABUNDO by Sebastian Yatra & Manuel Turizo & Beéle', 'Madrid City by Ana Mena', 'El Mambo by Kiko Rivera', 'Bandidona by Saiko', 'Quien Es Dei V? by Dei V', 'El Merengue by Marshmello & Manuel Turizo', 'Mi Luz (ft. Rels B) by Rvfv', 'HIBIKI by Bad Bunny', 'FERXXO 151 by Feid', 'Supernova by Saiko', 'DONDE SE APRENDE A QUERER? by Mora', 'NO PIENSO LLAMAR by Soge Culebra', 'UN PREVIEW by Bad Bunny', 'REINA by Mora', 'DILUVIO by Rauw Alejandro', 'MODELITO by Mora', 'Fruto by Bizarrap & Milo j', 'Columbia by Quevedo', 'POLARIS - Remix by Saiko & Feid & Quevedo', 'SEYA by GIMS', 'Holanda by Jhayco', 'Corazón Roto pt. 3 by Brray & Anuel AA & Chencho Corleone', 'SEDA by Bad Bunny', 'Milo J: Bzrp Music Sessions, Vol. 57 by Bizarrap & Milo j', 'Buenas by Quevedo & Saiko', 'Eva Longoria by Ozuna', 'LALA by Myke Towers', 'Arena y Sal by Omar Montes & Saiko & Tunvao', 'EL TONTO by Lola Indigo', 'OA by Anuel AA & Quevedo & Maluma', 'MONACO by Bad Bunny', 'Antidepresivos by Saiko', 'COSAS QUE NO TE DIJE by Saiko', 'QLONA by KAROL G', 'Narcotics (with Bryant Myers) by Dei V & Bryant Myers', 'La Bachata by Manuel Turizo', 'LUCES DE TECNO by Feid', 'BABY HELLO by Rauw Alejandro', 'Classy 101 by Feid & Young Miko', 'Los del Espacio by LIT killah'}",1,1,0.02,2024-11
2024-11-03,"{'El Cielo by Sky Rompiendo & Feid & Myke Towers', 'No Estuviste En Lo Malo - REMIX by Morad & Beny Jr & DELLAFUENTE', 'Si No Estás by iñigo quintero', 'FINA by Bad Bunny', 'A 300 by JC Reyes & Pedro Calderon', 'PERRO NEGRO by Bad Bunny', 'La Baby by Brytiago', 'GATITA GANGSTER by KAROL G', 'Lollipop by Darell', 'THUNDER Y LIGHTNING by Bad Bunny', 'No_se_ve.mp3 by Emilia & LUDMILLA & ZECCA', 'VAGABUNDO by Sebastian Yatra & Manuel Turizo & Beéle', 'Madrid City by Ana Mena', 'El Mambo by Kiko Rivera', 'Bandidona by Saiko', 'Quien Es Dei V? by Dei V', 'El Merengue by Marshmello & Manuel Turizo', 'Mi Luz (ft. Rels B) by Rvfv', 'HIBIKI by Bad Bunny', 'FERXXO 151 by Feid', 'lady madrizZz by céro', 'Supernova by Saiko', 'DONDE SE APRENDE A QUERER? by Mora', 'NO PIENSO LLAMAR by Soge Culebra', 'REINA by Mora', 'DILUVIO by Rauw Alejandro', 'MODELITO by Mora', 'Fruto by Bizarrap & Milo j', 'Columbia by Quevedo', 'POLARIS - Remix by Saiko & Feid & Quevedo', 'SEYA by GIMS', 'Holanda by Jhayco', 'Corazón Roto pt. 3 by Brray & Anuel AA & Chencho Corleone', 'SEDA by Bad Bunny', 'Milo J: Bzrp Music Sessions, Vol. 57 by Bizarrap & Milo j', 'Buenas by Quevedo & Saiko', 'LALA by Myke Towers', 'Arena y Sal by Omar Montes & Saiko & Tunvao', 'EL TONTO by Lola Indigo', 'OA by Anuel AA & Quevedo & Maluma', 'MONACO by Bad Bunny', 'Antidepresivos by Saiko', 'COSAS QUE NO TE DIJE by Saiko', 'QLONA by KAROL G', 'Narcotics (with Bryant Myers) by Dei V & Bryant Myers', 'La Bachata by Manuel Turizo', 'LUCES DE TECNO by Feid', 'BABY HELLO by Rauw Alejandro', 'Classy 101 by Feid & Young Miko', 'Los del Espacio by LIT killah'}",2,2,0.04,2024-11
2024-11-04,"{'El Cielo by Sky Rompiendo & Feid & Myke Towers', 'No Estuviste En Lo Malo - REMIX by Morad & Beny Jr & DELLAFUENTE', 'Si No Estás by iñigo quintero', 'FINA by Bad Bunny', 'A 300 by JC Reyes & Pedro Calderon', 'PERRO NEGRO by Bad Bunny', 'GATITA GANGSTER by KAROL G', 'Lollipop by Darell', 'THUNDER Y LIGHTNING by Bad Bunny', 'VAGABUNDO by Sebastian Yatra & Manuel Turizo & Beéle', 'Madrid City by Ana Mena', 'El Mambo by Kiko Rivera', 'Bandidona by Saiko', 'Quien Es Dei V? by Dei V', 'Mi Luz (ft. Rels B) by Rvfv', 'HIBIKI by Bad Bunny', 'FERXXO 151 by Feid', 'lady madrizZz by céro', 'Supernova by Saiko', 'DONDE SE APRENDE A QUERER? by Mora', 'NO PIENSO LLAMAR by Soge Culebra', 'REINA by Mora', 'DILUVIO by Rauw Alejandro', 'MODELITO by Mora', 'El Merengue by Marshmello', 'Fruto by Bizarrap & Milo j', 'Columbia by Quevedo', 'POLARIS - Remix by Saiko & Feid & Quevedo', 'SEYA by GIMS', 'Holanda by Jhayco', 'Corazón Roto pt. 3 by Brray & Anuel AA & Chencho Corleone', 'La_Original.mp3 by Emilia', 'SEDA by Bad Bunny', 'Milo J: Bzrp Music Sessions, Vol. 57 by Bizarrap & Milo j', 'Buenas by Quevedo & Saiko', 'LALA by Myke Towers', 'Arena y Sal by Omar Montes & Saiko & Tunvao', 'EL TONTO by Lola Indigo', 'OA by Anuel AA & Quevedo & Maluma', 'MONACO by Bad Bunny', 'Antidepresivos by Saiko', 'COSAS QUE NO TE DIJE by Saiko', 'QLONA by KAROL G', 'Narcotics (with Bryant Myers) by Dei V & Bryant Myers', 'La Bachata by Manuel Turizo', 'LUCES DE TECNO by Feid', 'BABY HELLO by Rauw Alejandro', 'No_Se_Ve.mp3 by Emilia', 'Classy 101 by Feid & Young Miko', 'Los del Espacio by LIT killah'}",3,3,0.06,2024-11
2024-11-05,"{'El Cielo by Sky Rompiendo & Feid & Myke Towers', 'No Estuviste En Lo Malo - REMIX by Morad & Beny Jr & DELLAFUENTE', 'Si No Estás by iñigo quintero', 'FINA by Bad Bunny', 'A 300 by JC Reyes & Pedro Calderon', 'PERRO NEGRO by Bad Bunny', 'La Baby by Brytiago', 'GATITA GANGSTER by KAROL G', 'Lollipop by Darell', 'THUNDER Y LIGHTNING by Bad Bunny', 'VAGABUNDO by Sebastian Yatra & Manuel Turizo & Beéle', 'Madrid City by Ana Mena', 'El Mambo by Kiko Rivera', 'Bandidona by Saiko', 'Quien Es Dei V? by Dei V', 'Mi Luz (ft. Rels B) by Rvfv', 'HIBIKI by Bad Bunny', 'FERXXO 151 by Feid', 'Supernova by Saiko', 'DONDE SE APRENDE A QUERER? by Mora', 'NO PIENSO LLAMAR by Soge Culebra', 'REINA by Mora', 'DILUVIO by Rauw Alejandro', 'MODELITO by Mora', 'El Merengue by Marshmello', 'Fruto by Bizarrap & Milo j', 'Columbia by Quevedo', 'POLARIS - Remix by Saiko & Feid & Quevedo', 'SEYA by GIMS', 'Holanda by Jhayco', 'Corazón Roto pt. 3 by Brray & Anuel AA & Chencho Corleone', 'La_Original.mp3 by Emilia', 'SEDA by Bad Bunny', 'Milo J: Bzrp Music Sessions, Vol. 57 by Bizarrap & Milo j', 'Buenas by Quevedo & Saiko', 'LALA by Myke Towers', 'Arena y Sal by Omar Montes & Saiko & Tunvao', 'EL TONTO by Lola Indigo', 'OA by Anuel AA & Quevedo & Maluma', 'MONACO by Bad Bunny', 'Antidepresivos by Saiko', 'COSAS QUE NO TE DIJE by Saiko', 'QLONA by KAROL G', 'Narcotics (with Bryant Myers) by Dei V & Bryant Myers', 'La Bachata by Manuel Turizo', 'LUCES DE TECNO by Feid', 'BABY HELLO by Rauw Alejandro', 'No_Se_Ve.mp3 by Emilia', 'Classy 101 by Feid & Young Miko', 'Los del Espacio by LIT killah'}",1,1,0.02,2024-11
2024-11-06,"{'El Cielo by Sky Rompiendo & Feid & Myke Towers', 'No Estuviste En Lo Malo - REMIX by Morad & Beny Jr & DELLAFUENTE', 'Si No Estás by iñigo quintero', 'FINA by Bad Bunny', 'A 300 by JC Reyes & Pedro Calderon', 'PERRO NEGRO by Bad Bunny', 'La Baby by Brytiago', 'GATITA GANGSTER by KAROL G', 'Lollipop by Darell', 'THUNDER Y LIGHTNING by Bad Bunny', 'VAGABUNDO by Sebastian Yatra & Manuel Turizo & Beéle', 'Madrid City by Ana Mena', 'El Mambo by Kiko Rivera', 'Bandidona by Saiko', 'Quien Es Dei V? by Dei V', 'Mi Luz (ft. Rels B) by Rvfv', 'HIBIKI by Bad Bunny', 'FERXXO 151 by Feid', 'Supernova by Saiko', 'DONDE SE APRENDE A QUERER? by Mora', 'NO PIENSO LLAMAR by Soge Culebra', 'REINA by Mora', 'DILUVIO by Rauw Alejandro', 'MODELITO by Mora', 'El Merengue by Marshmello', 'Fruto by Bizarrap & Milo j', 'Columbia by Quevedo', 'POLARIS - Remix by Saiko & Feid & Quevedo', 'SEYA by GIMS', 'Holanda by Jhayco', 'Corazón Roto pt. 3 by Brray & Anuel AA & Chencho Corleone', 'La_Original.mp3 by Emilia', 'SEDA by Bad Bunny', 'Milo J: Bzrp Music Sessions, Vol. 57 by Bizarrap & Milo j', 'Buenas by Quevedo & Saiko', 'LALA by Myke Towers', 'Arena y Sal by Omar Montes & Saiko & Tunvao', 'EL TONTO by Lola Indigo', 'OA by Anuel AA & Quevedo & Maluma', 'MONACO by Bad Bunny', 'Antidepresivos by Saiko', 'COSAS QUE NO TE DIJE by Saiko', 'QLONA by KAROL G', 'Narcotics (with Bryant Myers) by Dei V & Bryant Myers', 'La Bachata by Manuel Turizo', 'LUCES DE TECNO by Feid', 'BABY HELLO by Rauw Alejandro', 'No_Se_Ve.mp3 by Emilia', 'Classy 101 by Feid & Young Miko', 'Los del Espacio by LIT killah'}",0,0,0.0,2024-11
2024-11-07,"{'El Cielo by Sky Rompiendo & Feid & Myke Towers', 'No Estuviste En Lo Malo - REMIX by Morad & Beny Jr & DELLAFUENTE', 'Si No Estás by iñigo quintero', 'FINA by Bad Bunny', 'A 300 by JC Reyes & Pedro Calderon', 'PERRO NEGRO by Bad Bunny', 'La Baby by Brytiago', 'GATITA GANGSTER by KAROL G', 'Lollipop by Darell', 'THUNDER Y LIGHTNING by Bad Bunny', 'VAGABUNDO by Sebastian Yatra & Manuel Turizo & Beéle', 'Madrid City by Ana Mena', 'El Mambo by Kiko Rivera', 'Bandidona by Saiko', 'Quien Es Dei V? by Dei V', 'Mi Luz (ft. Rels B) by Rvfv', 'HIBIKI by Bad Bunny', 'lady madrizZz by céro', 'Supernova by Saiko', 'DONDE SE APRENDE A QUERER? by Mora', 'NO PIENSO LLAMAR by Soge Culebra', 'REINA by Mora', 'DILUVIO by Rauw Alejandro', 'MODELITO by Mora', 'El Merengue by Marshmello', 'Fruto by Bizarrap & Milo j', 'Columbia by Quevedo', 'POLARIS - Remix by Saiko & Feid & Quevedo', 'SEYA by GIMS', 'Holanda by Jhayco', 'Corazón Roto pt. 3 by Brray & Anuel AA & Chencho Corleone', 'La_Original.mp3 by Emilia', 'SEDA by Bad Bunny', 'Milo J: Bzrp Music Sessions, Vol. 57 by Bizarrap & Milo j', 'Buenas by Quevedo & Saiko', 'LALA by Myke Towers', 'Arena y Sal by Omar Montes & Saiko & Tunvao', 'EL TONTO by Lola Indigo', 'OA by Anuel AA & Quevedo & Maluma', 'MONACO by Bad Bunny', 'Antidepresivos by Saiko', 'COSAS QUE NO TE DIJE by Saiko', 'QLONA by KAROL G', 'Narcotics (with Bryant Myers) by Dei V & Bryant Myers', 'La Bachata by Manuel Turizo', 'LUCES DE TECNO by Feid', 'BABY HELLO by Rauw Alejandro', 'No_Se_Ve.mp3 by Emilia', 'Classy 101 by Feid & Young Miko', 'Los del Espacio by LIT killah'}",1,1,0.02,2024-11
2024-11-08,"{'El Cielo by Sky Rompiendo & Feid & Myke Towers', 'No Estuviste En Lo Malo - REMIX by Morad & Beny Jr & DELLAFUENTE', 'Si No Estás by iñigo quintero', 'FINA by Bad Bunny', 'A 300 by JC Reyes & Pedro Calderon', 'PERRO NEGRO by Bad Bunny', 'La Baby by Brytiago', 'GATITA GANGSTER by KAROL G', 'Lollipop by Darell', 'THUNDER Y LIGHTNING by Bad Bunny', 'VAGABUNDO by Sebastian Yatra & Manuel Turizo & Beéle', 'Madrid City by Ana Mena', 'El Mambo by Kiko Rivera', 'Bandidona by Saiko', 'DEMO #5: nostalgIA - Spanglish Version by FlowGPT', 'Quien Es Dei V? by Dei V', 'Mi Luz (ft. Rels B) by Rvfv', 'HIBIKI by Bad Bunny', 'lady madrizZz by céro', 'DONDE SE APRENDE A QUERER? by Mora', 'NO PIENSO LLAMAR by Soge Culebra', 'REINA by Mora', 'DILUVIO by Rauw Alejandro', 'MODELITO by Mora', 'El Merengue by Marshmello', 'Fruto by Bizarrap & Milo j', 'Columbia by Quevedo', 'POLARIS - Remix by Saiko & Feid & Quevedo', 'SEYA by GIMS', 'Holanda by Jhayco', 'Corazón Roto pt. 3 by Brray & Anuel AA & Chencho Corleone', 'La_Original.mp3 by Emilia', 'SEDA by Bad Bunny', 'Milo J: Bzrp Music Sessions, Vol. 57 by Bizarrap & Milo j', 'Buenas by Quevedo & Saiko', 'LALA by Myke Towers', 'Arena y Sal by Omar Montes & Saiko & Tunvao', 'EL TONTO by Lola Indigo', 'OA by Anuel AA & Quevedo & Maluma', 'MONACO by Bad Bunny', 'Antidepresivos by Saiko', 'COSAS QUE NO TE DIJE by Saiko', 'QLONA by KAROL G', 'Narcotics (with Bryant Myers) by Dei V & Bryant Myers', 'La Bachata by Manuel Turizo', 'LUCES DE TECNO by Feid', 'BABY HELLO by Rauw Alejandro', 'No_Se_Ve.mp3 by Emilia', 'Classy 101 by Feid & Young Miko', 'Los del Espacio by LIT killah'}",1,1,0.02,2024-11
2024-11-09,"{'El Cielo by Sky Rompiendo & Feid & Myke Towers', 'No Estuviste En Lo Malo - REMIX by Morad & Beny Jr & DELLAFUENTE', 'Si No Estás by iñigo quintero', 'FINA by Bad Bunny', 'A 300 by JC Reyes & Pedro Calderon', 'PERRO NEGRO by Bad Bunny', 'GATITA GANGSTER by KAROL G', 'Lollipop by Darell', 'THUNDER Y LIGHTNING by Bad Bunny', 'VAGABUNDO by Sebastian Yatra & Manuel Turizo & Beéle', 'Madrid City by Ana Mena', 'El Mambo by Kiko Rivera', 'Bandidona by Saiko', 'DEMO #5: nostalgIA - Spanglish Version by FlowGPT', 'Quien Es Dei V? by Dei V', 'Mi Luz (ft. Rels B) by Rvfv', 'HIBIKI by Bad Bunny', 'lady madrizZz by céro', 'Supernova by Saiko', 'DONDE SE APRENDE A QUERER? by Mora', 'NO PIENSO LLAMAR by Soge Culebra', 'REINA by Mora', 'DILUVIO by Rauw Alejandro', 'MODELITO by Mora', 'El Merengue by Marshmello', 'Fruto by Bizarrap & Milo j', 'Columbia by Quevedo', 'POLARIS - Remix by Saiko & Feid & Quevedo', 'SEYA by GIMS', 'Holanda by Jhayco', 'Corazón Roto pt. 3 by Brray & Anuel AA & Chencho Corleone', 'La_Original.mp3 by Emilia', 'SEDA by Bad Bunny', 'Milo J: Bzrp Music Sessions, Vol. 57 by Bizarrap & Milo j', 'Buenas by Quevedo & Saiko', 'LALA by Myke Towers', 'Arena y Sal by Omar Montes & Saiko & Tunvao', 'EL TONTO by Lola Indigo', 'OA by Anuel AA & Quevedo & Maluma', 'MONACO by Bad Bunny', 'Antidepresivos by Saiko', 'COSAS QUE NO TE DIJE by Saiko', 'QLONA by KAROL G', 'Narcotics (with Bryant Myers) by Dei V & Bryant Myers', 'La Bachata by Manuel Turizo', 'LUCES DE TECNO by Feid', 'BABY HELLO by Rauw Alejandro', 'No_Se_Ve.mp3 by Emilia', 'Classy 101 by Feid & Young Miko', 'Los del Espacio by LIT killah'}",1,1,0.02,2024-11
2024-11-10,"{'El Cielo by Sky Rompiendo & Feid & Myke Towers', 'No Estuviste En Lo Malo - REMIX by Morad & Beny Jr & DELLAFUENTE', 'Si No Estás by iñigo quintero', 'FINA by Bad Bunny', 'A 300 by JC Reyes & Pedro Calderon', 'PERRO NEGRO by Bad Bunny', 'GATITA GANGSTER by KAROL G', 'Lollipop by Darell', 'THUNDER Y LIGHTNING by Bad Bunny', 'VAGABUNDO by Sebastian Yatra & Manuel Turizo & Beéle', 'Madrid City by Ana Mena', 'El Mambo by Kiko Rivera', 'COLMILLO by Tainy', 'Bandidona by Saiko', 'Quien Es Dei V? by Dei V', 'Mi Luz (ft. Rels B) by Rvfv', 'HIBIKI by Bad Bunny', 'lady madrizZz by céro', 'Supernova by Saiko', 'DONDE SE APRENDE A QUERER? by Mora', 'NO PIENSO LLAMAR by Soge Culebra', 'REINA by Mora', 'DILUVIO by Rauw Alejandro', 'MODELITO by Mora', 'El Merengue by Marshmello', 'Fruto by Bizarrap & Milo j', 'Columbia by Quevedo', 'POLARIS - Remix by Saiko & Feid & Quevedo', 'SEYA by GIMS', 'Holanda by Jhayco', 'Corazón Roto pt. 3 by Brray & Anuel AA & Chencho Corleone', 'La_Original.mp3 by Emilia', 'SEDA by Bad Bunny', 'Milo J: Bzrp Music Sessions, Vol. 57 by Bizarrap & Milo j', 'Buenas by Quevedo & Saiko', 'LALA by Myke Towers', 'Arena y Sal by Omar Montes & Saiko & Tunvao', 'EL TONTO by Lola Indigo', 'OA by Anuel AA & Quevedo & Maluma', 'MONACO by Bad Bunny', 'Antidepresivos by Saiko', 'COSAS QUE NO TE DIJE by Saiko', 'QLONA by KAROL G', 'Narcotics (with Bryant Myers) by Dei V & Bryant Myers', 'La Bachata by Manuel Turizo', 'LUCES DE TECNO by Feid', 'BABY HELLO by Rauw Alejandro', 'No_Se_Ve.mp3 by Emilia', 'Classy 101 by Feid & Young Miko', 'Los del Espacio by LIT killah'}",1,1,0.02,2024-11
2024-11-11,"{'El Cielo by Sky Rompiendo & Feid & Myke Towers', 'No Estuviste En Lo Malo - REMIX by Morad & Beny Jr & DELLAFUENTE', 'Si No Estás by iñigo quintero', 'FINA by Bad Bunny', 'A 300 by JC Reyes & Pedro Calderon', 'PERRO NEGRO by Bad Bunny', 'GATITA GANGSTER by KAROL G', 'Lollipop by Darell', 'THUNDER Y LIGHTNING by Bad Bunny', 'VAGABUNDO by Sebastian Yatra & Manuel Turizo & Beéle', 'Madrid City by Ana Mena', 'El Mambo by Kiko Rivera', 'COLMILLO by Tainy', 'Quien Es Dei V? by Dei V', 'Houdini by Dua Lipa', 'Mi Luz (ft. Rels B) by Rvfv', 'HIBIKI by Bad Bunny', 'lady madrizZz by céro', 'DONDE SE APRENDE A QUERER? by Mora', 'NO PIENSO LLAMAR by Soge Culebra', 'REINA by Mora', 'DILUVIO by Rauw Alejandro', 'MODELITO by Mora', 'El Merengue by Marshmello', 'Fruto by Bizarrap & Milo j', 'Columbia by Quevedo', 'POLARIS - Remix by Saiko & Feid & Quevedo', 'SEYA by GIMS', 'Holanda by Jhayco', 'Corazón Roto pt. 3 by Brray & Anuel AA & Chencho Corleone', 'La_Original.mp3 by Emilia', 'SEDA by Bad Bunny', 'Milo J: Bzrp Music Sessions, Vol. 57 by Bizarrap & Milo j', 'Buenas by Quevedo & Saiko', 'LALA by Myke Towers', 'Arena y Sal by Omar Montes & Saiko & Tunvao', 'EL TONTO by Lola Indigo', 'OA by Anuel AA & Quevedo & Maluma', 'MONACO by Bad Bunny', 'Antidepresivos by Saiko', 'COSAS QUE NO TE DIJE by Saiko', 'QLONA by KAROL G', 'Narcotics (with Bryant Myers) by Dei V & Bryant Myers', 'La Bachata by Manuel Turizo', 'LUCES DE TECNO by Feid', 'BABY HELLO by Rauw Alejandro', 'Oye BB by Omar Montes & Nicky Jam', 'No_Se_Ve.mp3 by Emilia', 'Classy 101 by Feid & Young Miko', 'Los del Espacio by LIT killah'}",2,2,0.04,2024-11
2024-11-12,"{'El Cielo by Sky Rompiendo & Feid & Myke Towers', 'No Estuviste En Lo Malo - REMIX by Morad & Beny Jr & DELLAFUENTE', 'Si No Estás by iñigo quintero', 'FINA by Bad Bunny', 'A 300 by JC Reyes & Pedro Calderon', 'PERRO NEGRO by Bad Bunny', 'GATITA GANGSTER by KAROL G', 'Lollipop by Darell', 'THUNDER Y LIGHTNING by Bad Bunny', 'VAGABUNDO by Sebastian Yatra & Manuel Turizo & Beéle', 'Madrid City by Ana Mena', 'El Mambo by Kiko Rivera', 'COLMILLO by Tainy', 'Quien Es Dei V? by Dei V', 'Houdini by Dua Lipa', 'Mi Luz (ft. Rels B) by Rvfv', 'HIBIKI by Bad Bunny', 'lady madrizZz by céro', 'Supernova by Saiko', 'DONDE SE APRENDE A QUERER? by Mora', 'NO PIENSO LLAMAR by Soge Culebra', 'REINA by Mora', 'DILUVIO by Rauw Alejandro', 'MODELITO by Mora', 'El Merengue by Marshmello', 'Columbia by Quevedo', 'POLARIS - Remix by Saiko & Feid & Quevedo', 'SEYA by GIMS', 'Holanda by Jhayco', 'Corazón Roto pt. 3 by Brray & Anuel AA & Chencho Corleone', 'La_Original.mp3 by Emilia', 'SEDA by Bad Bunny', 'Milo J: Bzrp Music Sessions, Vol. 57 by Bizarrap & Milo j', 'Buenas by Quevedo & Saiko', 'Eva Longoria by Ozuna', 'LALA by Myke Towers', 'Arena y Sal by Omar Montes & Saiko & Tunvao', 'EL TONTO by Lola Indigo', 'OA by Anuel AA & Quevedo & Maluma', 'MONACO by Bad Bunny', 'Antidepresivos by Saiko', 'COSAS QUE NO TE DIJE by Saiko', 'QLONA by KAROL G', 'Narcotics (with Bryant Myers) by Dei V & Bryant Myers', 'La Bachata by Manuel Turizo', 'LUCES DE TECNO by Feid', 'BABY HELLO by Rauw Alejandro', 'No_Se_Ve.mp3 by Emilia', 'Classy 101 by Feid & Young Miko', 'Los del Espacio by LIT killah'}",2,2,0.04,2024-11
2024-11-13,"{'El Cielo by Sky Rompiendo & Feid & Myke Towers', 'No Estuviste En Lo Malo - REMIX by Morad & Beny Jr & DELLAFUENTE', 'Si No Estás by iñigo quintero', 'FINA by Bad Bunny', 'A 300 by JC Reyes & Pedro Calderon', 'PERRO NEGRO by Bad Bunny', 'GATITA GANGSTER by KAROL G', 'Lollipop by Darell', 'THUNDER Y LIGHTNING by Bad Bunny', 'VAGABUNDO by Sebastian Yatra & Manuel Turizo & Beéle', 'Madrid City by Ana Mena', 'El Mambo by Kiko Rivera', 'COLMILLO by Tainy', 'Quien Es Dei V? by Dei V', 'Houdini by Dua Lipa', 'Mi Luz (ft. Rels B) by Rvfv', 'HIBIKI by Bad Bunny', 'lady madrizZz by céro', 'Supernova by Saiko', 'DONDE SE APRENDE A QUERER? by Mora', 'NO PIENSO LLAMAR by Soge Culebra', 'REINA by Mora', 'DILUVIO by Rauw Alejandro', 'MODELITO by Mora', 'El Merengue by Marshmello', 'Columbia by Quevedo', 'POLARIS - Remix by Saiko & Feid & Quevedo', 'SEYA by GIMS', 'Holanda by Jhayco', 'Corazón Roto pt. 3 by Brray & Anuel AA & Chencho Corleone', 'La_Original.mp3 by Emilia', 'SEDA by Bad Bunny', 'Milo J: Bzrp Music Sessions, Vol. 57 by Bizarrap & Milo j', 'Buenas by Quevedo & Saiko', 'Eva Longoria by Ozuna', 'LALA by Myke Towers', 'Arena y Sal by Omar Montes & Saiko & Tunvao', 'EL TONTO by Lola Indigo', 'OA by Anuel AA & Quevedo & Maluma', 'MONACO by Bad Bunny', 'Antidepresivos by Saiko', 'COSAS QUE NO TE DIJE by Saiko', 'QLONA by KAROL G', 'Narcotics (with Bryant Myers) by Dei V & Bryant Myers', 'La Bachata by Manuel Turizo', 'LUCES DE TECNO by Feid', 'BABY HELLO by Rauw Alejandro', 'No_Se_Ve.mp3 by Emilia', 'Classy 101 by Feid & Young Miko', 'Los del Espacio by LIT killah'}",0,0,0.0,2024-11
2024-11-14,"{'El Cielo by Sky Rompiendo & Feid & Myke Towers', 'No Estuviste En Lo Malo - REMIX by Morad & Beny Jr & DELLAFUENTE', 'Si No Estás by iñigo quintero', 'FINA by Bad Bunny', 'A 300 by JC Reyes & Pedro Calderon', 'PERRO NEGRO by Bad Bunny', 'GATITA GANGSTER by KAROL G', 'Lollipop by Darell', 'THUNDER Y LIGHTNING by Bad Bunny', 'VAGABUNDO by Sebastian Yatra & Manuel Turizo & Beéle', 'Madrid City by Ana Mena', 'El Mambo by Kiko Rivera', 'COLMILLO by Tainy', 'Quien Es Dei V? by Dei V', 'Houdini by Dua Lipa', 'Mi Luz (ft. Rels B) by Rvfv', 'HIBIKI by Bad Bunny', 'lady madrizZz by céro', 'Supernova by Saiko', 'DONDE SE APRENDE A QUERER? by Mora', 'NO PIENSO LLAMAR by Soge Culebra', 'REINA by Mora', 'DILUVIO by Rauw Alejandro', 'MODELITO by Mora', 'El Merengue by Marshmello', 'Columbia by Quevedo', 'POLARIS - Remix by Saiko & Feid & Quevedo', 'SEYA by GIMS', 'Holanda by Jhayco', 'Corazón Roto pt. 3 by Brray & Anuel AA & Chencho Corleone', 'La_Original.mp3 by Emilia', 'SEDA by Bad Bunny', 'Milo J: Bzrp Music Sessions, Vol. 57 by Bizarrap & Milo j', 'Buenas by Quevedo & Saiko', 'Eva Longoria by Ozuna', 'LALA by Myke Towers', 'Arena y Sal by Omar Montes & Saiko & Tunvao', 'EL TONTO by Lola Indigo', 'OA by Anuel AA & Quevedo & Maluma', 'MONACO by Bad Bunny', 'Antidepresivos by Saiko', 'COSAS QUE NO TE DIJE by Saiko', 'QLONA by KAROL G', 'Narcotics (with Bryant Myers) by Dei V & Bryant Myers', 'La Bachata by Manuel Turizo', 'LUCES DE TECNO by Feid', 'BABY HELLO by Rauw Alejandro', 'No_Se_Ve.mp3 by Emilia', 'Classy 101 by Feid & Young Miko', 'Los del Espacio by LIT killah'}",0,0,0.0,2024-11
2024-11-15,"{'El Cielo by Sky Rompiendo & Feid & Myke Towers', 'No Estuviste En Lo Malo - REMIX by Morad & Beny Jr & DELLAFUENTE', 'Si No Estás by iñigo quintero', 'FINA by Bad Bunny', 'A 300 by JC Reyes & Pedro Calderon', 'PERRO NEGRO by Bad Bunny', 'La Baby by Brytiago', 'GATITA GANGSTER by KAROL G', 'Lollipop by Darell', 'THUNDER Y LIGHTNING by Bad Bunny', 'VAGABUNDO by Sebastian Yatra & Manuel Turizo & Beéle', 'Madrid City by Ana Mena', 'El Mambo by Kiko Rivera', 'Quien Es Dei V? by Dei V', 'Houdini by Dua Lipa', 'Mi Luz (ft. Rels B) by Rvfv', 'HIBIKI by Bad Bunny', 'lady madrizZz by céro', 'Supernova by Saiko', 'DONDE SE APRENDE A QUERER? by Mora', 'NO PIENSO LLAMAR by Soge Culebra', 'REINA by Mora', 'DILUVIO by Rauw Alejandro', 'MODELITO by Mora', 'El Merengue by Marshmello', 'Columbia by Quevedo', 'POLARIS - Remix by Saiko & Feid & Quevedo', 'SEYA by GIMS', 'Holanda by Jhayco', 'Corazón Roto pt. 3 by Brray & Anuel AA & Chencho Corleone', 'La_Original.mp3 by Emilia', 'SEDA by Bad Bunny', 'Milo J: Bzrp Music Sessions, Vol. 57 by Bizarrap & Milo j', 'Buenas by Quevedo & Saiko', 'Eva Longoria by Ozuna', 'LALA by Myke Towers', 'Arena y Sal by Omar Montes & Saiko & Tunvao', 'EL TONTO by Lola Indigo', 'OA by Anuel AA & Quevedo & Maluma', 'MONACO by Bad Bunny', 'Antidepresivos by Saiko', 'COSAS QUE NO TE DIJE by Saiko', 'QLONA by KAROL G', 'Narcotics (with Bryant Myers) by Dei V & Bryant Myers', 'La Bachata by Manuel Turizo', 'LUCES DE TECNO by Feid', 'BABY HELLO by Rauw Alejandro', 'No_Se_Ve.mp3 by Emilia', 'Classy 101 by Feid & Young Miko', 'Los del Espacio by LIT killah'}",1,1,0.02,2024-11
2024-11-16,"{'El Cielo by Sky Rompiendo & Feid & Myke Towers', 'No Estuviste En Lo Malo - REMIX by Morad & Beny Jr & DELLAFUENTE', 'Si No Estás by iñigo quintero', 'FINA by Bad Bunny', 'A 300 by JC Reyes & Pedro Calderon', 'PERRO NEGRO by Bad Bunny', 'GATITA GANGSTER by KAROL G', 'Lollipop by Darell', 'THUNDER Y LIGHTNING by Bad Bunny', 'VAGABUNDO by Sebastian Yatra & Manuel Turizo & Beéle', 'Madrid City by Ana Mena', 'El Mambo by Kiko Rivera', 'Quien Es Dei V? by Dei V', 'Houdini by Dua Lipa', 'Mi Luz (ft. Rels B) by Rvfv', 'HIBIKI by Bad Bunny', 'Enamórate by Nicki Nicole & Bad Gyal', 'lady madrizZz by céro', 'Supernova by Saiko', 'DONDE SE APRENDE A QUERER? by Mora', 'NO PIENSO LLAMAR by Soge Culebra', 'REINA by Mora', 'DILUVIO by Rauw Alejandro', 'MODELITO by Mora', 'El Merengue by Marshmello', 'Columbia by Quevedo', 'POLARIS - Remix by Saiko & Feid & Quevedo', 'SEYA by GIMS', 'Holanda by Jhayco', 'Corazón Roto pt. 3 by Brray & Anuel AA & Chencho Corleone', 'La_Original.mp3 by Emilia', 'SEDA by Bad Bunny', 'Milo J: Bzrp Music Sessions, Vol. 57 by Bizarrap & Milo j', 'Buenas by Quevedo & Saiko', 'Eva Longoria by Ozuna', 'LALA by Myke Towers', 'Arena y Sal by Omar Montes & Saiko & Tunvao', 'EL TONTO by Lola Indigo', 'OA by Anuel AA & Quevedo & Maluma', 'MONACO by Bad Bunny', 'Antidepresivos by Saiko', 'COSAS QUE NO TE DIJE by Saiko', 'QLONA by KAROL G', 'Narcotics (with Bryant Myers) by Dei V & Bryant Myers', 'La Bachata by Manuel Turizo', 'LUCES DE TECNO by Feid', 'BABY HELLO by Rauw Alejandro', 'No_Se_Ve.mp3 by Emilia', 'Classy 101 by Feid & Young Miko', 'Los del Espacio by LIT killah'}",1,1,0.02,2024-11
2024-11-17,"{'El Cielo by Sky Rompiendo & Feid & Myke Towers', 'No Estuviste En Lo Malo - REMIX by Morad & Beny Jr & DELLAFUENTE', 'Si No Estás by iñigo quintero', 'FINA by Bad Bunny', 'A 300 by JC Reyes & Pedro Calderon', 'PERRO NEGRO by Bad Bunny', 'La Baby by Brytiago', 'GATITA GANGSTER by KAROL G', 'Lollipop by Darell', 'THUNDER Y LIGHTNING by Bad Bunny', 'VAGABUNDO by Sebastian Yatra & Manuel Turizo & Beéle', 'Madrid City by Ana Mena', 'El Mambo by Kiko Rivera', 'Quien Es Dei V? by Dei V', 'Houdini by Dua Lipa', 'Mi Luz (ft. Rels B) by Rvfv', 'HIBIKI by Bad Bunny', 'lady madrizZz by céro', 'Supernova by Saiko', 'DONDE SE APRENDE A QUERER? by Mora', 'NO PIENSO LLAMAR by Soge Culebra', 'REINA by Mora', 'DILUVIO by Rauw Alejandro', 'MODELITO by Mora', 'El Merengue by Marshmello', 'Columbia by Quevedo', 'POLARIS - Remix by Saiko & Feid & Quevedo', 'SEYA by GIMS', 'Holanda by Jhayco', 'Corazón Roto pt. 3 by Brray & Anuel AA & Chencho Corleone', 'La_Original.mp3 by Emilia', 'SEDA by Bad Bunny', 'Milo J: Bzrp Music Sessions, Vol. 57 by Bizarrap & Milo j', 'Buenas by Quevedo & Saiko', 'Eva Longoria by Ozuna', 'LALA by Myke Towers', 'Arena y Sal by Omar Montes & Saiko & Tunvao', 'EL TONTO by Lola Indigo', 'OA by Anuel AA & Quevedo & Maluma', 'MONACO by Bad Bunny', 'Antidepresivos by Saiko', 'COSAS QUE NO TE DIJE by Saiko', 'QLONA by KAROL G', 'Narcotics (with Bryant Myers) by Dei V & Bryant Myers', 'La Bachata by Manuel Turizo', 'LUCES DE TECNO by Feid', 'BABY HELLO by Rauw Alejandro', 'No_Se_Ve.mp3 by Emilia', 'Classy 101 by Feid & Young Miko', 'Los del Espacio by LIT killah'}",1,1,0.02,2024-11
2024-11-18,"{'El Cielo by Sky Rompiendo & Feid & Myke Towers', 'No Estuviste En Lo Malo - REMIX by Morad & Beny Jr & DELLAFUENTE', 'Manos Rotas by DELLAFUENTE & Morad', 'Si No Estás by iñigo quintero', 'FINA by Bad Bunny', 'A 300 by JC Reyes & Pedro Calderon', 'PERRO NEGRO by Bad Bunny', 'La Baby by Brytiago', 'GATITA GANGSTER by KAROL G', 'Lollipop by Darell', 'COCO LOCO by Maluma', 'VAGABUNDO by Sebastian Yatra & Manuel Turizo & Beéle', 'Madrid City by Ana Mena', 'El Mambo by Kiko Rivera', 'Quien Es Dei V? by Dei V', 'Mi Luz (ft. Rels B) by Rvfv', 'HIBIKI by Bad Bunny', 'Enamórate by Nicki Nicole & Bad Gyal', 'lady madrizZz by céro', 'Supernova by Saiko', 'DONDE SE APRENDE A QUERER? by Mora', 'NO PIENSO LLAMAR by Soge Culebra', 'REINA by Mora', 'DILUVIO by Rauw Alejandro', 'MODELITO by Mora', 'El Merengue by Marshmello', 'Columbia by Quevedo', 'POLARIS - Remix by Saiko & Feid & Quevedo', 'SEYA by GIMS', 'Holanda by Jhayco', 'Corazón Roto pt. 3 by Brray & Anuel AA & Chencho Corleone', 'La_Original.mp3 by Emilia', 'SEDA by Bad Bunny', 'Milo J: Bzrp Music Sessions, Vol. 57 by Bizarrap & Milo j', 'Buenas by Quevedo & Saiko', 'Eva Longoria by Ozuna', 'LALA by Myke Towers', 'Arena y Sal by Omar Montes & Saiko & Tunvao', 'OA by Anuel AA & Quevedo & Maluma', 'MONACO by Bad Bunny', 'Antidepresivos by Saiko', 'COSAS QUE NO TE DIJE by Saiko', 'QLONA by KAROL G', 'Narcotics (with Bryant Myers) by Dei V & Bryant Myers', 'La Bachata by Manuel Turizo', 'LUCES DE TECNO by Feid', 'BABY HELLO by Rauw Alejandro', 'No_Se_Ve.mp3 by Emilia', 'Classy 101 by Feid & Young Miko', 'Los del Espacio by LIT killah'}",3,3,0.06,2024-11
2024-11-19,"{'El Cielo by Sky Rompiendo & Feid & Myke Towers', 'No Estuviste En Lo Malo - REMIX by Morad & Beny Jr & DELLAFUENTE', 'Manos Rotas by DELLAFUENTE & Morad', 'Si No Estás by iñigo quintero', 'A 300 by JC Reyes & Pedro Calderon', 'PERRO NEGRO by Bad Bunny', 'La Baby by Brytiago', 'Nochentera by Vicco', 'GATITA GANGSTER by KAROL G', 'Lollipop by Darell', 'COCO LOCO by Maluma', 'VAGABUNDO by Sebastian Yatra & Manuel Turizo & Beéle', 'Madrid City by Ana Mena', 'El Mambo by Kiko Rivera', 'Quien Es Dei V? by Dei V', 'Mi Luz (ft. Rels B) by Rvfv', 'HIBIKI by Bad Bunny', 'Enamórate by Nicki Nicole & Bad Gyal', 'lady madrizZz by céro', 'Supernova by Saiko', 'DONDE SE APRENDE A QUERER? by Mora', 'NO PIENSO LLAMAR by Soge Culebra', 'REINA by Mora', 'DILUVIO by Rauw Alejandro', 'MODELITO by Mora', 'El Merengue by Marshmello', 'Columbia by Quevedo', 'POLARIS - Remix by Saiko & Feid & Quevedo', 'SEYA by GIMS', 'Holanda by Jhayco', 'Corazón Roto pt. 3 by Brray & Anuel AA & Chencho Corleone', 'La_Original.mp3 by Emilia', 'SEDA by Bad Bunny', 'Milo J: Bzrp Music Sessions, Vol. 57 by Bizarrap & Milo j', 'Buenas by Quevedo & Saiko', 'Eva Longoria by Ozuna', 'LALA by Myke Towers', 'Arena y Sal by Omar Montes & Saiko & Tunvao', 'OA by Anuel AA & Quevedo & Maluma', 'MONACO by Bad Bunny', 'Antidepresivos by Saiko', 'COSAS QUE NO TE DIJE by Saiko', 'QLONA by KAROL G', 'Narcotics (with Bryant Myers) by Dei V & Bryant Myers', 'La Bachata by Manuel Turizo', 'LUCES DE TECNO by Feid', 'BABY HELLO by Rauw Alejandro', 'No_Se_Ve.mp3 by Emilia', 'Classy 101 by Feid & Young Miko', 'Los del Espacio by LIT killah'}",1,1,0.02,2024-11
2024-11-20,"{'El Cielo by Sky Rompiendo & Feid & Myke Towers', 'No Estuviste En Lo Malo - REMIX by Morad & Beny Jr & DELLAFUENTE', 'Manos Rotas by DELLAFUENTE & Morad', 'Si No Estás by iñigo quintero', 'A 300 by JC Reyes & Pedro Calderon', 'PERRO NEGRO by Bad Bunny', 'La Baby by Brytiago', 'Nochentera by Vicco', 'GATITA GANGSTER by KAROL G', 'Lollipop by Darell', 'COCO LOCO by Maluma', 'VAGABUNDO by Sebastian Yatra & Manuel Turizo & Beéle', 'Madrid City by Ana Mena', 'El Mambo by Kiko Rivera', 'Quien Es Dei V? by Dei V', 'Mi Luz (ft. Rels B) by Rvfv', 'HIBIKI by Bad Bunny', 'Enamórate by Nicki Nicole & Bad Gyal', 'lady madrizZz by céro', 'Supernova by Saiko', 'DONDE SE APRENDE A QUERER? by Mora', 'NO PIENSO LLAMAR by Soge Culebra', 'REINA by Mora', 'DILUVIO by Rauw Alejandro', 'MODELITO by Mora', 'El Merengue by Marshmello', 'Columbia by Quevedo', 'POLARIS - Remix by Saiko & Feid & Quevedo', 'SEYA by GIMS', 'Holanda by Jhayco', 'Corazón Roto pt. 3 by Brray & Anuel AA & Chencho Corleone', 'La_Original.mp3 by Emilia', 'SEDA by Bad Bunny', 'Milo J: Bzrp Music Sessions, Vol. 57 by Bizarrap & Milo j', 'Buenas by Quevedo & Saiko', 'Eva Longoria by Ozuna', 'LALA by Myke Towers', 'Arena y Sal by Omar Montes & Saiko & Tunvao', 'OA by Anuel AA & Quevedo & Maluma', 'MONACO by Bad Bunny', 'Antidepresivos by Saiko', 'COSAS QUE NO TE DIJE by Saiko', 'QLONA by KAROL G', 'Narcotics (with Bryant Myers) by Dei V & Bryant Myers', 'La Bachata by Manuel Turizo', 'LUCES DE TECNO by Feid', 'BABY HELLO by Rauw Alejandro', 'No_Se_Ve.mp3 by Emilia', 'Classy 101 by Feid & Young Miko', 'Los del Espacio by LIT killah'}",0,0,0.0,2024-11
2024-11-21,"{'El Cielo by Sky Rompiendo & Feid & Myke Towers', 'No Estuviste En Lo Malo - REMIX by Morad & Beny Jr & DELLAFUENTE', 'Manos Rotas by DELLAFUENTE & Morad', 'Si No Estás by iñigo quintero', 'A 300 by JC Reyes & Pedro Calderon', 'PERRO NEGRO by Bad Bunny', 'La Baby by Brytiago', 'GATITA GANGSTER by KAROL G', 'Lollipop by Darell', 'COCO LOCO by Maluma', 'VAGABUNDO by Sebastian Yatra & Manuel Turizo & Beéle', 'Madrid City by Ana Mena', 'El Mambo by Kiko Rivera', 'Quien Es Dei V? by Dei V', 'Mi Luz (ft. Rels B) by Rvfv', 'HIBIKI by Bad Bunny', 'Enamórate by Nicki Nicole & Bad Gyal', 'lady madrizZz by céro', 'Supernova by Saiko', 'DONDE SE APRENDE A QUERER? by Mora', 'NO PIENSO LLAMAR by Soge Culebra', 'REINA by Mora', 'DILUVIO by Rauw Alejandro', 'MODELITO by Mora', 'El Merengue by Marshmello', 'Columbia by Quevedo', 'POLARIS - Remix by Saiko & Feid & Quevedo', 'SEYA by GIMS', 'Holanda by Jhayco', 'Corazón Roto pt. 3 by Brray & Anuel AA & Chencho Corleone', 'La_Original.mp3 by Emilia', 'SEDA by Bad Bunny', 'Milo J: Bzrp Music Sessions, Vol. 57 by Bizarrap & Milo j', 'Buenas by Quevedo & Saiko', 'Eva Longoria by Ozuna', 'LALA by Myke Towers', 'Arena y Sal by Omar Montes & Saiko & Tunvao', 'OA by Anuel AA & Quevedo & Maluma', 'MONACO by Bad Bunny', 'Antidepresivos by Saiko', 'COSAS QUE NO TE DIJE by Saiko', 'QLONA by KAROL G', 'Narcotics (with Bryant Myers) by Dei V & Bryant Myers', 'PUNTO G by Quevedo', 'La Bachata by Manuel Turizo', 'LUCES DE TECNO by Feid', 'BABY HELLO by Rauw Alejandro', 'No_Se_Ve.mp3 by Emilia', 'Classy 101 by Feid & Young Miko', 'Los del Espacio by LIT killah'}",1,1,0.02,2024-11
2024-11-22,"{'El Cielo by Sky Rompiendo & Feid & Myke Towers', 'No Estuviste En Lo Malo - REMIX by Morad & Beny Jr & DELLAFUENTE', 'Manos Rotas by DELLAFUENTE & Morad', 'Si No Estás by iñigo quintero', 'A 300 by JC Reyes & Pedro Calderon', 'PERRO NEGRO by Bad Bunny', 'GATITA GANGSTER by KAROL G', 'Lollipop by Darell', 'COCO LOCO by Maluma', 'VAGABUNDO by Sebastian Yatra & Manuel Turizo & Beéle', 'Madrid City by Ana Mena', 'El Mambo by Kiko Rivera', 'Quien Es Dei V? by Dei V', 'Mi Luz (ft. Rels B) by Rvfv', 'HIBIKI by Bad Bunny', 'Enamórate by Nicki Nicole & Bad Gyal', 'lady madrizZz by céro', 'Supernova by Saiko', 'DONDE SE APRENDE A QUERER? by Mora', 'NO PIENSO LLAMAR by Soge Culebra', 'REINA by Mora', 'DILUVIO by Rauw Alejandro', 'MODELITO by Mora', 'El Merengue by Marshmello', 'Columbia by Quevedo', 'POLARIS - Remix by Saiko & Feid & Quevedo', 'SEYA by GIMS', 'Holanda by Jhayco', 'Corazón Roto pt. 3 by Brray & Anuel AA & Chencho Corleone', 'La_Original.mp3 by Emilia', 'SEDA by Bad Bunny', 'Milo J: Bzrp Music Sessions, Vol. 57 by Bizarrap & Milo j', 'Buenas by Quevedo & Saiko', 'Eva Longoria by Ozuna', 'LALA by Myke Towers', 'Arena y Sal by Omar Montes & Saiko & Tunvao', 'OA by Anuel AA & Quevedo & Maluma', 'ASI ES LA VIDA by Enrique Iglesias & Maria Becerra', 'MONACO by Bad Bunny', 'Antidepresivos by Saiko', 'COSAS QUE NO TE DIJE by Saiko', 'QLONA by KAROL G', 'Narcotics (with Bryant Myers) by Dei V & Bryant Myers', 'PUNTO G by Quevedo', 'La Bachata by Manuel Turizo', 'LUCES DE TECNO by Feid', 'BABY HELLO by Rauw Alejandro', 'No_Se_Ve.mp3 by Emilia', 'Classy 101 by Feid & Young Miko', 'Los del Espacio by LIT killah'}",1,1,0.02,2024-11
2024-11-23,"{'El Cielo by Sky Rompiendo & Feid & Myke Towers', 'No Estuviste En Lo Malo - REMIX by Morad & Beny Jr & DELLAFUENTE', 'Manos Rotas by DELLAFUENTE & Morad', 'Si No Estás by iñigo quintero', 'A 300 by JC Reyes & Pedro Calderon', 'PERRO NEGRO by Bad Bunny', 'GATITA GANGSTER by KAROL G', 'Lollipop by Darell', 'COCO LOCO by Maluma', 'VAGABUNDO by Sebastian Yatra & Manuel Turizo & Beéle', 'Madrid City by Ana Mena', 'El Mambo by Kiko Rivera', 'Quien Es Dei V? by Dei V', 'Mi Luz (ft. Rels B) by Rvfv', 'HIBIKI by Bad Bunny', 'Enamórate by Nicki Nicole & Bad Gyal', 'lady madrizZz by céro', 'Supernova by Saiko', 'DONDE SE APRENDE A QUERER? by Mora', 'NO PIENSO LLAMAR by Soge Culebra', 'REINA by Mora', 'DILUVIO by Rauw Alejandro', 'MODELITO by Mora', 'El Merengue by Marshmello', 'Columbia by Quevedo', 'POLARIS - Remix by Saiko & Feid & Quevedo', 'SEYA by GIMS', 'Holanda by Jhayco', 'Corazón Roto pt. 3 by Brray & Anuel AA & Chencho Corleone', 'La_Original.mp3 by Emilia', 'SEDA by Bad Bunny', 'Milo J: Bzrp Music Sessions, Vol. 57 by Bizarrap & Milo j', 'Buenas by Quevedo & Saiko', 'Eva Longoria by Ozuna', 'LALA by Myke Towers', 'Arena y Sal by Omar Montes & Saiko & Tunvao', 'OA by Anuel AA & Quevedo & Maluma', 'ASI ES LA VIDA by Enrique Iglesias & Maria Becerra', 'MONACO by Bad Bunny', 'Antidepresivos by Saiko', 'COSAS QUE NO TE DIJE by Saiko', 'QLONA by KAROL G', 'Narcotics (with Bryant Myers) by Dei V & Bryant Myers', 'PUNTO G by Quevedo', 'La Bachata by Manuel Turizo', 'LUCES DE TECNO by Feid', 'BABY HELLO by Rauw Alejandro', 'No_Se_Ve.mp3 by Emilia', 'Classy 101 by Feid & Young Miko', 'Los del Espacio by LIT killah'}",0,0,0.0,2024-11
2024-11-24,"{'El Cielo by Sky Rompiendo & Feid & Myke Towers', 'No Estuviste En Lo Malo - REMIX by Morad & Beny Jr & DELLAFUENTE', 'Manos Rotas by DELLAFUENTE & Morad', 'Si No Estás by iñigo quintero', 'A 300 by JC Reyes & Pedro Calderon', 'PERRO NEGRO by Bad Bunny', 'GATITA GANGSTER by KAROL G', 'Lollipop by Darell', 'COCO LOCO by Maluma', 'VAGABUNDO by Sebastian Yatra & Manuel Turizo & Beéle', 'Madrid City by Ana Mena', 'El Mambo by Kiko Rivera', 'Quien Es Dei V? by Dei V', 'Mi Luz (ft. Rels B) by Rvfv', 'HIBIKI by Bad Bunny', 'Enamórate by Nicki Nicole & Bad Gyal', 'lady madrizZz by céro', 'Supernova by Saiko', 'DONDE SE APRENDE A QUERER? by Mora', 'NO PIENSO LLAMAR by Soge Culebra', 'REINA by Mora', 'DILUVIO by Rauw Alejandro', 'MODELITO by Mora', 'El Merengue by Marshmello', 'Columbia by Quevedo', 'POLARIS - Remix by Saiko & Feid & Quevedo', 'SEYA by GIMS', 'Holanda by Jhayco', 'Corazón Roto pt. 3 by Brray & Anuel AA & Chencho Corleone', 'La_Original.mp3 by Emilia', 'SEDA by Bad Bunny', 'Milo J: Bzrp Music Sessions, Vol. 57 by Bizarrap & Milo j', 'Buenas by Quevedo & Saiko', 'Eva Longoria by Ozuna', 'LALA by Myke Towers', 'Arena y Sal by Omar Montes & Saiko & Tunvao', 'OA by Anuel AA & Quevedo & Maluma', 'ASI ES LA VIDA by Enrique Iglesias & Maria Becerra', 'MONACO by Bad Bunny', 'Antidepresivos by Saiko', 'COSAS QUE NO TE DIJE by Saiko', 'QLONA by KAROL G', 'Narcotics (with Bryant Myers) by Dei V & Bryant Myers', 'PUNTO G by Quevedo', 'La Bachata by Manuel Turizo', 'LUCES DE TECNO by Feid', 'BABY HELLO by Rauw Alejandro', 'No_Se_Ve.mp3 by Emilia', 'Classy 101 by Feid & Young Miko', 'Los del Espacio by LIT killah'}",0,0,0.0,2024-11
2024-11-25,"{'El Cielo by Sky Rompiendo & Feid & Myke Towers', 'Si No Estás by iñigo quintero', 'Manos Rotas by DELLAFUENTE & Morad', 'A 300 by JC Reyes & Pedro Calderon', 'PERRO NEGRO by Bad Bunny', 'Lollipop by Darell', 'COSMETICOS by Myke Towers', 'OTRO ROUND by Myke Towers', 'VAGABUNDO by Sebastian Yatra & Manuel Turizo & Beéle', 'Madrid City by Ana Mena', 'El Mambo by Kiko Rivera', 'OBVIO by Myke Towers', 'RITUAL by Myke Towers', 'Quien Es Dei V? by Dei V', 'QUIZÁS SI QUIZÁS NO by Alvaro Diaz & Quevedo', 'Mi Luz (ft. Rels B) by Rvfv', 'HIBIKI by Bad Bunny', 'EMRATA by Myke Towers', 'Enamórate by Nicki Nicole & Bad Gyal', 'lady madrizZz by céro', 'DONDE SE APRENDE A QUERER? by Mora', 'NO PIENSO LLAMAR by Soge Culebra', 'CARTERA & TACOS by Myke Towers', 'REINA by Mora', 'DILUVIO by Rauw Alejandro', 'MODELITO by Mora', 'El Merengue by Marshmello', 'Columbia by Quevedo', 'POLARIS - Remix by Saiko & Feid & Quevedo', 'SEYA by GIMS', 'Holanda by Jhayco', 'Corazón Roto pt. 3 by Brray & Anuel AA & Chencho Corleone', 'La_Original.mp3 by Emilia', 'SEDA by Bad Bunny', 'Buenas by Quevedo & Saiko', 'LALA by Myke Towers', 'Arena y Sal by Omar Montes & Saiko & Tunvao', 'OA by Anuel AA & Quevedo & Maluma', 'MONACO by Bad Bunny', 'LA FALDA by Myke Towers', 'Antidepresivos by Saiko', 'COSAS QUE NO TE DIJE by Saiko', 'QLONA by KAROL G', 'Narcotics (with Bryant Myers) by Dei V & Bryant Myers', 'La Bachata by Manuel Turizo', 'LUCES DE TECNO by Feid', 'BABY HELLO by Rauw Alejandro', 'No_Se_Ve.mp3 by Emilia', 'Classy 101 by Feid & Young Miko', 'Los del Espacio by LIT killah'}",8,8,0.16,2024-11
2024-11-26,"{'El Cielo by Sky Rompiendo & Feid & Myke Towers', 'No Estuviste En Lo Malo - REMIX by Morad & Beny Jr & DELLAFUENTE', 'Manos Rotas by DELLAFUENTE & Morad', 'Si No Estás by iñigo quintero', 'A 300 by JC Reyes & Pedro Calderon', 'PERRO NEGRO by Bad Bunny', 'Lollipop by Darell', 'COCO LOCO by Maluma', 'VAGABUNDO by Sebastian Yatra & Manuel Turizo & Beéle', 'Madrid City by Ana Mena', 'El Mambo by Kiko Rivera', 'Quien Es Dei V? by Dei V', 'QUIZÁS SI QUIZÁS NO by Alvaro Diaz & Quevedo', 'Mi Luz (ft. Rels B) by Rvfv', 'HIBIKI by Bad Bunny', 'Enamórate by Nicki Nicole & Bad Gyal', 'lady madrizZz by céro', 'Supernova by Saiko', 'DONDE SE APRENDE A QUERER? by Mora', 'NO PIENSO LLAMAR by Soge Culebra', 'REINA by Mora', 'DILUVIO by Rauw Alejandro', 'MODELITO by Mora', 'El Merengue by Marshmello', 'Columbia by Quevedo', 'POLARIS - Remix by Saiko & Feid & Quevedo', 'SEYA by GIMS', 'Holanda by Jhayco', 'Corazón Roto pt. 3 by Brray & Anuel AA & Chencho Corleone', 'La_Original.mp3 by Emilia', 'SEDA by Bad Bunny', 'Milo J: Bzrp Music Sessions, Vol. 57 by Bizarrap & Milo j', 'Buenas by Quevedo & Saiko', 'LALA by Myke Towers', 'Arena y Sal by Omar Montes & Saiko & Tunvao', 'OA by Anuel AA & Quevedo & Maluma', 'ASI ES LA VIDA by Enrique Iglesias & Maria Becerra', 'MONACO by Bad Bunny', 'LA FALDA by Myke Towers', 'Antidepresivos by Saiko', 'COSAS QUE NO TE DIJE by Saiko', 'QLONA by KAROL G', 'Narcotics (with Bryant Myers) by Dei V & Bryant Myers', 'PUNTO G by Quevedo', 'La Bachata by Manuel Turizo', 'LUCES DE TECNO by Feid', 'BABY HELLO by Rauw Alejandro', 'No_Se_Ve.mp3 by Emilia', 'Classy 101 by Feid & Young Miko', 'Los del Espacio by LIT killah'}",6,6,0.12,2024-11
2024-11-27,"{'El Cielo by Sky Rompiendo & Feid & Myke Towers', 'No Estuviste En Lo Malo - REMIX by Morad & Beny Jr & DELLAFUENTE', 'Manos Rotas by DELLAFUENTE & Morad', 'Si No Estás by iñigo quintero', 'A 300 by JC Reyes & Pedro Calderon', 'PERRO NEGRO by Bad Bunny', 'La Baby by Brytiago', 'Lollipop by Darell', 'VAGABUNDO by Sebastian Yatra & Manuel Turizo & Beéle', 'Madrid City by Ana Mena', 'El Mambo by Kiko Rivera', 'Quien Es Dei V? by Dei V', 'QUIZÁS SI QUIZÁS NO by Alvaro Diaz & Quevedo', 'Mi Luz (ft. Rels B) by Rvfv', 'HIBIKI by Bad Bunny', 'Enamórate by Nicki Nicole & Bad Gyal', 'lady madrizZz by céro', 'Supernova by Saiko', 'DONDE SE APRENDE A QUERER? by Mora', 'NO PIENSO LLAMAR by Soge Culebra', 'REINA by Mora', 'DILUVIO by Rauw Alejandro', 'MODELITO by Mora', 'El Merengue by Marshmello', 'Columbia by Quevedo', 'POLARIS - Remix by Saiko & Feid & Quevedo', 'SEYA by GIMS', 'Holanda by Jhayco', 'Corazón Roto pt. 3 by Brray & Anuel AA & Chencho Corleone', 'La_Original.mp3 by Emilia', 'SEDA by Bad Bunny', 'Milo J: Bzrp Music Sessions, Vol. 57 by Bizarrap & Milo j', 'Buenas by Quevedo & Saiko', 'LALA by Myke Towers', 'Arena y Sal by Omar Montes & Saiko & Tunvao', 'OA by Anuel AA & Quevedo & Maluma', 'ASI ES LA VIDA by Enrique Iglesias & Maria Becerra', 'MONACO by Bad Bunny', 'LA FALDA by Myke Towers', 'Antidepresivos by Saiko', 'COSAS QUE NO TE DIJE by Saiko', 'QLONA by KAROL G', 'Narcotics (with Bryant Myers) by Dei V & Bryant Myers', 'PUNTO G by Quevedo', 'La Bachata by Manuel Turizo', 'LUCES DE TECNO by Feid', 'BABY HELLO by Rauw Alejandro', 'No_Se_Ve.mp3 by Emilia', 'Classy 101 by Feid & Young Miko', 'Los del Espacio by LIT killah'}",1,1,0.02,2024-11
2024-11-28,"{'El Cielo by Sky Rompiendo & Feid & Myke Towers', 'No Estuviste En Lo Malo - REMIX by Morad & Beny Jr & DELLAFUENTE', 'Manos Rotas by DELLAFUENTE & Morad', 'Si No Estás by iñigo quintero', 'A 300 by JC Reyes & Pedro Calderon', 'PERRO NEGRO by Bad Bunny', 'La Baby by Brytiago', 'Lollipop by Darell', 'VAGABUNDO by Sebastian Yatra & Manuel Turizo & Beéle', 'Madrid City by Ana Mena', 'El Mambo by Kiko Rivera', 'Quien Es Dei V? by Dei V', 'QUIZÁS SI QUIZÁS NO by Alvaro Diaz & Quevedo', 'Mi Luz (ft. Rels B) by Rvfv', 'HIBIKI by Bad Bunny', 'Enamórate by Nicki Nicole & Bad Gyal', 'lady madrizZz by céro', 'Supernova by Saiko', 'DONDE SE APRENDE A QUERER? by Mora', 'NO PIENSO LLAMAR by Soge Culebra', 'REINA by Mora', 'DILUVIO by Rauw Alejandro', 'MODELITO by Mora', 'El Merengue by Marshmello', 'Columbia by Quevedo', 'POLARIS - Remix by Saiko & Feid & Quevedo', 'SEYA by GIMS', 'Holanda by Jhayco', 'Corazón Roto pt. 3 by Brray & Anuel AA & Chencho Corleone', 'La_Original.mp3 by Emilia', 'SEDA by Bad Bunny', 'Milo J: Bzrp Music Sessions, Vol. 57 by Bizarrap & Milo j', 'Buenas by Quevedo & Saiko', 'LALA by Myke Towers', 'Arena y Sal by Omar Montes & Saiko & Tunvao', 'OA by Anuel AA & Quevedo & Maluma', 'ASI ES LA VIDA by Enrique Iglesias & Maria Becerra', 'MONACO by Bad Bunny', 'LA FALDA by Myke Towers', 'Antidepresivos by Saiko', 'COSAS QUE NO TE DIJE by Saiko', 'QLONA by KAROL G', 'Narcotics (with Bryant Myers) by Dei V & Bryant Myers', 'PUNTO G by Quevedo', 'La Bachata by Manuel Turizo', 'LUCES DE TECNO by Feid', 'BABY HELLO by Rauw Alejandro', 'No_Se_Ve.mp3 by Emilia', 'Classy 101 by Feid & Young Miko', 'Los del Espacio by LIT killah'}",0,0,0.0,2024-11
2024-11-29,"{'El Cielo by Sky Rompiendo & Feid & Myke Towers', 'No Estuviste En Lo Malo - REMIX by Morad & Beny Jr & DELLAFUENTE', 'Manos Rotas by DELLAFUENTE & Morad', 'Si No Estás by iñigo quintero', 'A 300 by JC Reyes & Pedro Calderon', 'PERRO NEGRO by Bad Bunny', 'Lollipop by Darell', 'COSMETICOS by Myke Towers', 'VAGABUNDO by Sebastian Yatra & Manuel Turizo & Beéle', 'Madrid City by Ana Mena', 'El Mambo by Kiko Rivera', 'Quien Es Dei V? by Dei V', 'QUIZÁS SI QUIZÁS NO by Alvaro Diaz & Quevedo', 'Mi Luz (ft. Rels B) by Rvfv', 'HIBIKI by Bad Bunny', 'Enamórate by Nicki Nicole & Bad Gyal', 'lady madrizZz by céro', 'Supernova by Saiko', 'DONDE SE APRENDE A QUERER? by Mora', 'NO PIENSO LLAMAR by Soge Culebra', 'REINA by Mora', 'DILUVIO by Rauw Alejandro', 'MODELITO by Mora', 'El Merengue by Marshmello', 'Columbia by Quevedo', 'POLARIS - Remix by Saiko & Feid & Quevedo', 'SEYA by GIMS', 'Holanda by Jhayco', 'Corazón Roto pt. 3 by Brray & Anuel AA & Chencho Corleone', 'La_Original.mp3 by Emilia', 'SEDA by Bad Bunny', 'Buenas by Quevedo & Saiko', 'LALA by Myke Towers', 'Arena y Sal by Omar Montes & Saiko & Tunvao', 'OA by Anuel AA & Quevedo & Maluma', 'ASI ES LA VIDA by Enrique Iglesias & Maria Becerra', 'MONACO by Bad Bunny', 'LA FALDA by Myke Towers', 'Antidepresivos by Saiko', 'COSAS QUE NO TE DIJE by Saiko', 'QLONA by KAROL G', 'Narcotics (with Bryant Myers) by Dei V & Bryant Myers', 'PUNTO G by Quevedo', 'La Bachata by Manuel Turizo', 'LUCES DE TECNO by Feid', 'BABY HELLO by Rauw Alejandro', 'No_Se_Ve.mp3 by Emilia', 'Classy 101 by Feid & Young Miko', 'Los del Espacio by LIT killah', 'Como Camarón by Estopa'}",2,2,0.04,2024-11
2024-11-30,"{'El Cielo by Sky Rompiendo & Feid & Myke Towers', 'No Estuviste En Lo Malo - REMIX by Morad & Beny Jr & DELLAFUENTE', 'Manos Rotas by DELLAFUENTE & Morad', 'Si No Estás by iñigo quintero', 'A 300 by JC Reyes & Pedro Calderon', 'PERRO NEGRO by Bad Bunny', 'La Baby by Brytiago', 'Lollipop by Darell', 'VAGABUNDO by Sebastian Yatra & Manuel Turizo & Beéle', 'Madrid City by Ana Mena', 'El Mambo by Kiko Rivera', 'Shars 2023 by Al Safir', 'Quien Es Dei V? by Dei V', 'QUIZÁS SI QUIZÁS NO by Alvaro Diaz & Quevedo', 'Mi Luz (ft. Rels B) by Rvfv', 'HIBIKI by Bad Bunny', 'Enamórate by Nicki Nicole & Bad Gyal', 'lady madrizZz by céro', 'Supernova by Saiko', 'DONDE SE APRENDE A QUERER? by Mora', 'NO PIENSO LLAMAR by Soge Culebra', 'REINA by Mora', 'DILUVIO by Rauw Alejandro', 'MODELITO by Mora', 'El Merengue by Marshmello', 'Columbia by Quevedo', 'POLARIS - Remix by Saiko & Feid & Quevedo', 'SEYA by GIMS', 'Holanda by Jhayco', 'La_Original.mp3 by Emilia', 'SEDA by Bad Bunny', 'Buenas by Quevedo & Saiko', 'LALA by Myke Towers', 'Arena y Sal by Omar Montes & Saiko & Tunvao', 'EL TONTO by Lola Indigo', 'OA by Anuel AA & Quevedo & Maluma', 'ASI ES LA VIDA by Enrique Iglesias & Maria Becerra', 'MONACO by Bad Bunny', 'LA FALDA by Myke Towers', 'Antidepresivos by Saiko', 'COSAS QUE NO TE DIJE by Saiko', 'QLONA by KAROL G', 'Narcotics (with Bryant Myers) by Dei V & Bryant Myers', 'PUNTO G by Quevedo', 'La Bachata by Manuel Turizo', 'LUCES DE TECNO by Feid', 'BABY HELLO by Rauw Alejandro', 'No_Se_Ve.mp3 by Emilia', 'Classy 101 by Feid & Young Miko', 'Los del Espacio by LIT killah'}",3,3,0.06,2024-11
2024-12-01,"{'El Cielo by Sky Rompiendo & Feid & Myke Towers', 'No Estuviste En Lo Malo - REMIX by Morad & Beny Jr & DELLAFUENTE', 'Manos Rotas by DELLAFUENTE & Morad', 'Si No Estás by iñigo quintero', 'A 300 by JC Reyes & Pedro Calderon', 'PERRO NEGRO by Bad Bunny', 'La Baby by Brytiago', 'Lollipop by Darell', 'VAGABUNDO by Sebastian Yatra & Manuel Turizo & Beéle', 'Madrid City by Ana Mena', 'El Mambo by Kiko Rivera', 'Shars 2023 by Al Safir', 'Quien Es Dei V? by Dei V', 'QUIZÁS SI QUIZÁS NO by Alvaro Diaz & Quevedo', 'CLASSY 101 by Feid & Young Miko', 'Mi Luz (ft. Rels B) by Rvfv', 'HIBIKI by Bad Bunny', 'Enamórate by Nicki Nicole & Bad Gyal', 'lady madrizZz by céro', 'Supernova by Saiko', 'DONDE SE APRENDE A QUERER? by Mora', 'NO PIENSO LLAMAR by Soge Culebra', 'REINA by Mora', 'DILUVIO by Rauw Alejandro', 'MODELITO by Mora', 'El Merengue by Marshmello', 'Columbia by Quevedo', 'POLARIS - Remix by Saiko & Feid & Quevedo', 'SEYA by GIMS', 'Holanda by Jhayco', 'La_Original.mp3 by Emilia', 'SEDA by Bad Bunny', 'Buenas by Quevedo & Saiko', 'LALA by Myke Towers', 'Arena y Sal by Omar Montes & Saiko & Tunvao', 'EL TONTO by Lola Indigo', 'OA by Anuel AA & Quevedo & Maluma', 'ASI ES LA VIDA by Enrique Iglesias & Maria Becerra', 'MONACO by Bad Bunny', 'LA FALDA by Myke Towers', 'Antidepresivos by Saiko', 'COSAS QUE NO TE DIJE by Saiko', 'QLONA by KAROL G', 'Narcotics (with Bryant Myers) by Dei V & Bryant Myers', 'PUNTO G by Quevedo', 'La Bachata by Manuel Turizo', 'LUCES DE TECNO by Feid', 'BABY HELLO by Rauw Alejandro', 'No_Se_Ve.mp3 by Emilia', 'Los del Espacio by LIT killah'}",1,1,0.02,2024-12
2024-12-02,"{'El Cielo by Sky Rompiendo & Feid & Myke Towers', 'Si No Estás by iñigo quintero', 'Manos Rotas by DELLAFUENTE & Morad', 'A 300 by JC Reyes & Pedro Calderon', 'CLASSY 101 by Feid', 'LA VUELTA by Feid', 'PERRO NEGRO by Bad Bunny', 'La Baby by Brytiago', 'LUNA by Feid', 'Lollipop by Darell', 'VAGABUNDO by Sebastian Yatra & Manuel Turizo & Beéle', 'Madrid City by Ana Mena', 'El Mambo by Kiko Rivera', 'Quien Es Dei V? by Dei V', 'QUIZÁS SI QUIZÁS NO by Alvaro Diaz & Quevedo', 'Figo by DELLAFUENTE & Morad', 'lady madrizZz by céro', 'Supernova by Saiko', 'DONDE SE APRENDE A QUERER? by Mora', 'NO PIENSO LLAMAR by Soge Culebra', 'REINA by Mora', 'DILUVIO by Rauw Alejandro', 'MODELITO by Mora', 'El Merengue by Marshmello', 'Columbia by Quevedo', 'POLARIS - Remix by Saiko & Feid & Quevedo', 'SEYA by GIMS', 'Holanda by Jhayco', 'La_Original.mp3 by Emilia', 'SEDA by Bad Bunny', 'Buenas by Quevedo & Saiko', 'LALA by Myke Towers', 'ALAKRAN by Feid', 'DESQUITE by Feid', 'Arena y Sal by Omar Montes & Saiko & Tunvao', 'EL TONTO by Lola Indigo', 'OA by Anuel AA & Quevedo & Maluma', 'MONACO by Bad Bunny', 'LA FALDA by Myke Towers', 'Antidepresivos by Saiko', 'COSAS QUE NO TE DIJE by Saiko', 'QLONA by KAROL G', 'Narcotics (with Bryant Myers) by Dei V & Bryant Myers', 'PUNTO G by Quevedo', 'La Bachata by Manuel Turizo', 'LUCES DE TECNO by Feid', 'BABY HELLO by Rauw Alejandro', '50 PALOS by Feid', 'No_Se_Ve.mp3 by Emilia', 'Los del Espacio by LIT killah'}",7,7,0.14,2024-12
2024-12-03,"{'El Cielo by Sky Rompiendo & Feid & Myke Towers', 'No Estuviste En Lo Malo - REMIX by Morad & Beny Jr & DELLAFUENTE', 'Manos Rotas by DELLAFUENTE & Morad', 'Si No Estás by iñigo quintero', 'A 300 by JC Reyes & Pedro Calderon', 'CLASSY 101 by Feid', 'PERRO NEGRO by Bad Bunny', 'LUNA by Feid', 'Nochentera by Vicco', 'Lollipop by Darell', 'VAGABUNDO by Sebastian Yatra & Manuel Turizo & Beéle', 'Madrid City by Ana Mena', 'El Mambo by Kiko Rivera', 'Quien Es Dei V? by Dei V', 'QUIZÁS SI QUIZÁS NO by Alvaro Diaz & Quevedo', 'Mi Luz (ft. Rels B) by Rvfv', 'lady madrizZz by céro', 'Supernova by Saiko', 'DONDE SE APRENDE A QUERER? by Mora', 'NO PIENSO LLAMAR by Soge Culebra', 'REINA by Mora', 'DILUVIO by Rauw Alejandro', 'MODELITO by Mora', 'El Merengue by Marshmello', 'Columbia by Quevedo', 'POLARIS - Remix by Saiko & Feid & Quevedo', 'SEYA by GIMS', 'Holanda by Jhayco', 'La_Original.mp3 by Emilia', 'SEDA by Bad Bunny', 'Buenas by Quevedo & Saiko', 'LALA by Myke Towers', 'ALAKRAN by Feid', 'Arena y Sal by Omar Montes & Saiko & Tunvao', 'EL TONTO by Lola Indigo', 'OA by Anuel AA & Quevedo & Maluma', 'All I Want for Christmas Is You by Mariah Carey', 'MONACO by Bad Bunny', 'PLAYA DEL INGLÉS by Quevedo', 'LA FALDA by Myke Towers', 'Antidepresivos by Saiko', 'COSAS QUE NO TE DIJE by Saiko', 'QLONA by KAROL G', 'Narcotics (with Bryant Myers) by Dei V & Bryant Myers', 'PUNTO G by Quevedo', 'La Bachata by Manuel Turizo', 'LUCES DE TECNO by Feid', 'BABY HELLO by Rauw Alejandro', 'No_Se_Ve.mp3 by Emilia', 'Los del Espacio by LIT killah'}",5,5,0.1,2024-12
2024-12-04,"{'El Cielo by Sky Rompiendo & Feid & Myke Towers', 'No Estuviste En Lo Malo - REMIX by Morad & Beny Jr & DELLAFUENTE', 'Manos Rotas by DELLAFUENTE & Morad', 'Si No Estás by iñigo quintero', 'A 300 by JC Reyes & Pedro Calderon', 'CLASSY 101 by Feid', 'PERRO NEGRO by Bad Bunny', 'LUNA by Feid', 'Nochentera by Vicco', 'Lollipop by Darell', 'VAGABUNDO by Sebastian Yatra & Manuel Turizo & Beéle', 'Madrid City by Ana Mena', 'El Mambo by Kiko Rivera', 'Quien Es Dei V? by Dei V', 'QUIZÁS SI QUIZÁS NO by Alvaro Diaz & Quevedo', 'Mi Luz (ft. Rels B) by Rvfv', 'lady madrizZz by céro', 'Supernova by Saiko', 'DONDE SE APRENDE A QUERER? by Mora', 'NO PIENSO LLAMAR by Soge Culebra', 'REINA by Mora', 'DILUVIO by Rauw Alejandro', 'MODELITO by Mora', 'El Merengue by Marshmello', 'Columbia by Quevedo', 'POLARIS - Remix by Saiko & Feid & Quevedo', 'SEYA by GIMS', 'Holanda by Jhayco', 'La_Original.mp3 by Emilia', 'SEDA by Bad Bunny', 'Buenas by Quevedo & Saiko', 'LALA by Myke Towers', 'Arena y Sal by Omar Montes & Saiko & Tunvao', 'EL TONTO by Lola Indigo', 'OA by Anuel AA & Quevedo & Maluma', 'All I Want for Christmas Is You by Mariah Carey', 'MONACO by Bad Bunny', 'PLAYA DEL INGLÉS by Quevedo', 'Rara Vez by Taiu & Milo j', 'LA FALDA by Myke Towers', 'Antidepresivos by Saiko', 'COSAS QUE NO TE DIJE by Saiko', 'QLONA by KAROL G', 'Narcotics (with Bryant Myers) by Dei V & Bryant Myers', 'PUNTO G by Quevedo', 'La Bachata by Manuel Turizo', 'LUCES DE TECNO by Feid', 'BABY HELLO by Rauw Alejandro', 'No_Se_Ve.mp3 by Emilia', 'Los del Espacio by LIT killah'}",1,1,0.02,2024-12
2024-12-05,"{'El Cielo by Sky Rompiendo & Feid & Myke Towers', 'No Estuviste En Lo Malo - REMIX by Morad & Beny Jr & DELLAFUENTE', 'Manos Rotas by DELLAFUENTE & Morad', 'Si No Estás by iñigo quintero', 'A 300 by JC Reyes & Pedro Calderon', 'CLASSY 101 by Feid', 'PERRO NEGRO by Bad Bunny', 'LUNA by Feid', 'Lollipop by Darell', 'VAGABUNDO by Sebastian Yatra & Manuel Turizo & Beéle', 'Madrid City by Ana Mena', 'El Mambo by Kiko Rivera', 'Quien Es Dei V? by Dei V', 'QUIZÁS SI QUIZÁS NO by Alvaro Diaz & Quevedo', 'Mi Luz (ft. Rels B) by Rvfv', 'lady madrizZz by céro', 'WANDA by Quevedo', 'Supernova by Saiko', 'DONDE SE APRENDE A QUERER? by Mora', 'NO PIENSO LLAMAR by Soge Culebra', 'REINA by Mora', 'DILUVIO by Rauw Alejandro', 'MODELITO by Mora', 'El Merengue by Marshmello', 'Columbia by Quevedo', 'POLARIS - Remix by Saiko & Feid & Quevedo', 'SEYA by GIMS', 'Holanda by Jhayco', 'La_Original.mp3 by Emilia', 'SEDA by Bad Bunny', 'Buenas by Quevedo & Saiko', 'LALA by Myke Towers', 'ALAKRAN by Feid', 'Arena y Sal by Omar Montes & Saiko & Tunvao', 'EL TONTO by Lola Indigo', 'OA by Anuel AA & Quevedo & Maluma', 'PLAYA DEL INGLÉS by Quevedo', 'MONACO by Bad Bunny', 'Rara Vez by Taiu & Milo j', 'LA FALDA by Myke Towers', 'Antidepresivos by Saiko', 'COSAS QUE NO TE DIJE by Saiko', 'QLONA by KAROL G', 'Narcotics (with Bryant Myers) by Dei V & Bryant Myers', 'PUNTO G by Quevedo', 'La Bachata by Manuel Turizo', 'LUCES DE TECNO by Feid', 'BABY HELLO by Rauw Alejandro', 'No_Se_Ve.mp3 by Emilia', 'Los del Espacio by LIT killah'}",2,2,0.04,2024-12
2024-12-06,"{'El Cielo by Sky Rompiendo & Feid & Myke Towers', 'No Estuviste En Lo Malo - REMIX by Morad & Beny Jr & DELLAFUENTE', 'Manos Rotas by DELLAFUENTE & Morad', 'Si No Estás by iñigo quintero', 'A 300 by JC Reyes & Pedro Calderon', 'CLASSY 101 by Feid', 'PERRO NEGRO by Bad Bunny', 'LUNA by Feid', 'Lollipop by Darell', 'VAGABUNDO by Sebastian Yatra & Manuel Turizo & Beéle', 'Madrid City by Ana Mena', 'El Mambo by Kiko Rivera', 'Quien Es Dei V? by Dei V', 'QUIZÁS SI QUIZÁS NO by Alvaro Diaz & Quevedo', 'Mi Luz (ft. Rels B) by Rvfv', 'lady madrizZz by céro', 'WANDA by Quevedo', 'Supernova by Saiko', 'DONDE SE APRENDE A QUERER? by Mora', 'NO PIENSO LLAMAR by Soge Culebra', 'REINA by Mora', 'DILUVIO by Rauw Alejandro', 'MODELITO by Mora', 'El Merengue by Marshmello', 'Columbia by Quevedo', 'POLARIS - Remix by Saiko & Feid & Quevedo', 'SEYA by GIMS', 'Holanda by Jhayco', 'Corazón Roto pt. 3 by Brray & Anuel AA & Chencho Corleone', 'La_Original.mp3 by Emilia', 'SEDA by Bad Bunny', 'Buenas by Quevedo & Saiko', 'LALA by Myke Towers', 'Arena y Sal by Omar Montes & Saiko & Tunvao', 'EL TONTO by Lola Indigo', 'OA by Anuel AA & Quevedo & Maluma', 'PLAYA DEL INGLÉS by Quevedo', 'MONACO by Bad Bunny', 'Rara Vez by Taiu & Milo j', 'LA FALDA by Myke Towers', 'Antidepresivos by Saiko', 'COSAS QUE NO TE DIJE by Saiko', 'QLONA by KAROL G', 'Narcotics (with Bryant Myers) by Dei V & Bryant Myers', 'PUNTO G by Quevedo', 'La Bachata by Manuel Turizo', 'LUCES DE TECNO by Feid', 'BABY HELLO by Rauw Alejandro', 'No_Se_Ve.mp3 by Emilia', 'Los del Espacio by LIT killah'}",1,1,0.02,2024-12
2024-12-07,"{'El Cielo by Sky Rompiendo & Feid & Myke Towers', 'No Estuviste En Lo Malo - REMIX by Morad & Beny Jr & DELLAFUENTE', 'Manos Rotas by DELLAFUENTE & Morad', 'Si No Estás by iñigo quintero', 'A 300 by JC Reyes & Pedro Calderon', 'CLASSY 101 by Feid', 'PERRO NEGRO by Bad Bunny', 'LUNA by Feid', 'Lollipop by Darell', 'VAGABUNDO by Sebastian Yatra & Manuel Turizo & Beéle', 'Madrid City by Ana Mena', 'El Mambo by Kiko Rivera', 'Quien Es Dei V? by Dei V', 'QUIZÁS SI QUIZÁS NO by Alvaro Diaz & Quevedo', 'Mi Luz (ft. Rels B) by Rvfv', 'lady madrizZz by céro', 'WANDA by Quevedo', 'Supernova by Saiko', 'DONDE SE APRENDE A QUERER? by Mora', 'NO PIENSO LLAMAR by Soge Culebra', 'REINA by Mora', 'DILUVIO by Rauw Alejandro', 'MODELITO by Mora', 'El Merengue by Marshmello', 'Columbia by Quevedo', 'POLARIS - Remix by Saiko & Feid & Quevedo', 'SEYA by GIMS', 'Holanda by Jhayco', 'Corazón Roto pt. 3 by Brray & Anuel AA & Chencho Corleone', 'La_Original.mp3 by Emilia', 'SEDA by Bad Bunny', 'Buenas by Quevedo & Saiko', 'LALA by Myke Towers', 'Arena y Sal by Omar Montes & Saiko & Tunvao', 'EL TONTO by Lola Indigo', 'OA by Anuel AA & Quevedo & Maluma', 'PLAYA DEL INGLÉS by Quevedo', 'MONACO by Bad Bunny', 'Rara Vez by Taiu & Milo j', 'LA FALDA by Myke Towers', 'Antidepresivos by Saiko', 'COSAS QUE NO TE DIJE by Saiko', 'QLONA by KAROL G', 'Narcotics (with Bryant Myers) by Dei V & Bryant Myers', 'PUNTO G by Quevedo', 'La Bachata by Manuel Turizo', 'LUCES DE TECNO by Feid', 'BABY HELLO by Rauw Alejandro', 'No_Se_Ve.mp3 by Emilia', 'Los del Espacio by LIT killah'}",0,0,0.0,2024-12
2024-12-08,"{'El Cielo by Sky Rompiendo & Feid & Myke Towers', 'No Estuviste En Lo Malo - REMIX by Morad & Beny Jr & DELLAFUENTE', 'Manos Rotas by DELLAFUENTE & Morad', 'Si No Estás by iñigo quintero', 'A 300 by JC Reyes & Pedro Calderon', 'CLASSY 101 by Feid', 'PERRO NEGRO by Bad Bunny', 'LUNA by Feid', 'Lollipop by Darell', 'VAGABUNDO by Sebastian Yatra & Manuel Turizo & Beéle', 'Madrid City by Ana Mena', 'El Mambo by Kiko Rivera', 'Quien Es Dei V? by Dei V', 'QUIZÁS SI QUIZÁS NO by Alvaro Diaz & Quevedo', 'Mi Luz (ft. Rels B) by Rvfv', 'lady madrizZz by céro', 'Supernova by Saiko', 'DONDE SE APRENDE A QUERER? by Mora', 'NO PIENSO LLAMAR by Soge Culebra', 'REINA by Mora', 'DILUVIO by Rauw Alejandro', 'MODELITO by Mora', 'El Merengue by Marshmello', 'Columbia by Quevedo', 'POLARIS - Remix by Saiko & Feid & Quevedo', 'SEYA by GIMS', 'Holanda by Jhayco', 'Corazón Roto pt. 3 by Brray & Anuel AA & Chencho Corleone', 'La_Original.mp3 by Emilia', 'SEDA by Bad Bunny', 'Buenas by Quevedo & Saiko', 'LALA by Myke Towers', 'Arena y Sal by Omar Montes & Saiko & Tunvao', 'EL TONTO by Lola Indigo', 'OA by Anuel AA & Quevedo & Maluma', 'All I Want for Christmas Is You by Mariah Carey', 'MONACO by Bad Bunny', 'PLAYA DEL INGLÉS by Quevedo', 'Rara Vez by Taiu & Milo j', 'LA FALDA by Myke Towers', 'Antidepresivos by Saiko', 'COSAS QUE NO TE DIJE by Saiko', 'QLONA by KAROL G', 'Narcotics (with Bryant Myers) by Dei V & Bryant Myers', 'PUNTO G by Quevedo', 'La Bachata by Manuel Turizo', 'LUCES DE TECNO by Feid', 'BABY HELLO by Rauw Alejandro', 'No_Se_Ve.mp3 by Emilia', 'Los del Espacio by LIT killah'}",1,1,0.02,2024-12
2024-12-09,"{'El Cielo by Sky Rompiendo & Feid & Myke Towers', 'No Estuviste En Lo Malo - REMIX by Morad & Beny Jr & DELLAFUENTE', 'Manos Rotas by DELLAFUENTE & Morad', 'Si No Estás by iñigo quintero', 'A 300 by JC Reyes & Pedro Calderon', 'CLASSY 101 by Feid', 'PERRO NEGRO by Bad Bunny', 'LUNA by Feid', 'Lollipop by Darell', 'VAGABUNDO by Sebastian Yatra & Manuel Turizo & Beéle', 'Madrid City by Ana Mena', 'El Mambo by Kiko Rivera', 'Quien Es Dei V? by Dei V', 'QUIZÁS SI QUIZÁS NO by Alvaro Diaz & Quevedo', 'Mi Luz (ft. Rels B) by Rvfv', 'lady madrizZz by céro', 'Supernova by Saiko', 'DONDE SE APRENDE A QUERER? by Mora', 'NO PIENSO LLAMAR by Soge Culebra', 'REINA by Mora', 'DILUVIO by Rauw Alejandro', 'MODELITO by Mora', 'El Merengue by Marshmello', 'Columbia by Quevedo', 'POLARIS - Remix by Saiko & Feid & Quevedo', 'SEYA by GIMS', 'Holanda by Jhayco', 'Corazón Roto pt. 3 by Brray & Anuel AA & Chencho Corleone', 'La_Original.mp3 by Emilia', 'SEDA by Bad Bunny', 'Buenas by Quevedo & Saiko', 'LALA by Myke Towers', 'Arena y Sal by Omar Montes & Saiko & Tunvao', 'EL TONTO by Lola Indigo', 'OA by Anuel AA & Quevedo & Maluma', 'All I Want for Christmas Is You by Mariah Carey', 'MONACO by Bad Bunny', 'PLAYA DEL INGLÉS by Quevedo', 'Rara Vez by Taiu & Milo j', 'LA FALDA by Myke Towers', 'Antidepresivos by Saiko', 'COSAS QUE NO TE DIJE by Saiko', 'QLONA by KAROL G', 'Narcotics (with Bryant Myers) by Dei V & Bryant Myers', 'PUNTO G by Quevedo', 'La Bachata by Manuel Turizo', 'LUCES DE TECNO by Feid', 'BABY HELLO by Rauw Alejandro', 'No_Se_Ve.mp3 by Emilia', 'Los del Espacio by LIT killah'}",0,0,0.0,2024-12
2024-12-10,"{'El Cielo by Sky Rompiendo & Feid & Myke Towers', 'No Estuviste En Lo Malo - REMIX by Morad & Beny Jr & DELLAFUENTE', 'Manos Rotas by DELLAFUENTE & Morad', 'Si No Estás by iñigo quintero', 'A 300 by JC Reyes & Pedro Calderon', 'CLASSY 101 by Feid', 'PERRO NEGRO by Bad Bunny', 'LUNA by Feid', 'Lollipop by Darell', 'VAGABUNDO by Sebastian Yatra & Manuel Turizo & Beéle', 'Madrid City by Ana Mena', 'El Mambo by Kiko Rivera', 'Quien Es Dei V? by Dei V', 'QUIZÁS SI QUIZÁS NO by Alvaro Diaz & Quevedo', 'Mi Luz (ft. Rels B) by Rvfv', 'lady madrizZz by céro', 'Supernova by Saiko', 'DONDE SE APRENDE A QUERER? by Mora', 'NO PIENSO LLAMAR by Soge Culebra', 'CALL ME MAYBE by Duki', 'DILUVIO by Rauw Alejandro', 'MODELITO by Mora', 'El Merengue by Marshmello', 'REINA by Mora', 'Columbia by Quevedo', 'POLARIS - Remix by Saiko & Feid & Quevedo', 'SEYA by GIMS', 'Holanda by Jhayco', 'La_Original.mp3 by Emilia', 'SEDA by Bad Bunny', 'Buenas by Quevedo & Saiko', 'LALA by Myke Towers', 'Arena y Sal by Omar Montes & Saiko & Tunvao', 'EL TONTO by Lola Indigo', 'OA by Anuel AA & Quevedo & Maluma', 'All I Want for Christmas Is You by Mariah Carey', 'MONACO by Bad Bunny', 'PLAYA DEL INGLÉS by Quevedo', 'LA FALDA by Myke Towers', 'Antidepresivos by Saiko', 'COSAS QUE NO TE DIJE by Saiko', 'QLONA by KAROL G', 'Narcotics (with Bryant Myers) by Dei V & Bryant Myers', 'PUNTO G by Quevedo', 'La Bachata by Manuel Turizo', 'LUCES DE TECNO by Feid', 'BABY HELLO by Rauw Alejandro', 'No_Se_Ve.mp3 by Emilia', 'Casanova by Soolking & Lola Indigo & Rvfv', 'Los del Espacio by LIT killah'}",2,2,0.04,2024-12
2024-12-11,"{'El Cielo by Sky Rompiendo & Feid & Myke Towers', 'No Estuviste En Lo Malo - REMIX by Morad & Beny Jr & DELLAFUENTE', 'Manos Rotas by DELLAFUENTE & Morad', 'Si No Estás by iñigo quintero', 'A 300 by JC Reyes & Pedro Calderon', 'CLASSY 101 by Feid', 'PERRO NEGRO by Bad Bunny', 'LUNA by Feid', 'Lollipop by Darell', 'VAGABUNDO by Sebastian Yatra & Manuel Turizo & Beéle', 'Madrid City by Ana Mena', 'El Mambo by Kiko Rivera', 'Quien Es Dei V? by Dei V', 'QUIZÁS SI QUIZÁS NO by Alvaro Diaz & Quevedo', 'Mi Luz (ft. Rels B) by Rvfv', 'lady madrizZz by céro', 'Supernova by Saiko', 'DONDE SE APRENDE A QUERER? by Mora', 'NO PIENSO LLAMAR by Soge Culebra', 'REINA by Mora', 'DILUVIO by Rauw Alejandro', 'MODELITO by Mora', 'El Merengue by Marshmello', 'Columbia by Quevedo', 'POLARIS - Remix by Saiko & Feid & Quevedo', 'SEYA by GIMS', 'Holanda by Jhayco', 'Corazón Roto pt. 3 by Brray & Anuel AA & Chencho Corleone', 'La_Original.mp3 by Emilia', 'SEDA by Bad Bunny', 'Buenas by Quevedo & Saiko', 'LALA by Myke Towers', 'Arena y Sal by Omar Montes & Saiko & Tunvao', 'EL TONTO by Lola Indigo', 'OA by Anuel AA & Quevedo & Maluma', 'All I Want for Christmas Is You by Mariah Carey', 'MONACO by Bad Bunny', 'PLAYA DEL INGLÉS by Quevedo', 'LA FALDA by Myke Towers', 'Antidepresivos by Saiko', 'COSAS QUE NO TE DIJE by Saiko', 'QLONA by KAROL G', 'Narcotics (with Bryant Myers) by Dei V & Bryant Myers', 'PUNTO G by Quevedo', 'La Bachata by Manuel Turizo', 'LUCES DE TECNO by Feid', 'BABY HELLO by Rauw Alejandro', 'No_Se_Ve.mp3 by Emilia', 'Casanova by Soolking & Lola Indigo & Rvfv', 'Los del Espacio by LIT killah'}",1,1,0.02,2024-12
2024-12-12,"{'El Cielo by Sky Rompiendo & Feid & Myke Towers', 'No Estuviste En Lo Malo - REMIX by Morad & Beny Jr & DELLAFUENTE', 'Manos Rotas by DELLAFUENTE & Morad', 'Si No Estás by iñigo quintero', 'A 300 by JC Reyes & Pedro Calderon', 'CLASSY 101 by Feid', 'PERRO NEGRO by Bad Bunny', 'Sofi - Remix by Samueliyo Baby & KEVIN ROLDAN', 'LUNA by Feid', 'Lollipop by Darell', 'VAGABUNDO by Sebastian Yatra & Manuel Turizo & Beéle', 'Madrid City by Ana Mena', 'El Mambo by Kiko Rivera', 'Quien Es Dei V? by Dei V', 'QUIZÁS SI QUIZÁS NO by Alvaro Diaz & Quevedo', 'Mi Luz (ft. Rels B) by Rvfv', 'lady madrizZz by céro', 'Supernova by Saiko', 'DONDE SE APRENDE A QUERER? by Mora', 'NO PIENSO LLAMAR by Soge Culebra', 'REINA by Mora', 'DILUVIO by Rauw Alejandro', 'MODELITO by Mora', 'El Merengue by Marshmello', 'Columbia by Quevedo', 'POLARIS - Remix by Saiko & Feid & Quevedo', 'SEYA by GIMS', 'Holanda by Jhayco', 'La_Original.mp3 by Emilia', 'SEDA by Bad Bunny', 'Buenas by Quevedo & Saiko', 'LALA by Myke Towers', 'Arena y Sal by Omar Montes & Saiko & Tunvao', 'EL TONTO by Lola Indigo', 'OA by Anuel AA & Quevedo & Maluma', 'All I Want for Christmas Is You by Mariah Carey', 'MONACO by Bad Bunny', 'PLAYA DEL INGLÉS by Quevedo', 'LA FALDA by Myke Towers', 'Antidepresivos by Saiko', 'COSAS QUE NO TE DIJE by Saiko', 'QLONA by KAROL G', 'Narcotics (with Bryant Myers) by Dei V & Bryant Myers', 'PUNTO G by Quevedo', 'La Bachata by Manuel Turizo', 'LUCES DE TECNO by Feid', 'BABY HELLO by Rauw Alejandro', 'No_Se_Ve.mp3 by Emilia', 'Casanova by Soolking & Lola Indigo & Rvfv', 'Los del Espacio by LIT killah'}",1,1,0.02,2024-12
2024-12-13,"{'El Cielo by Sky Rompiendo & Feid & Myke Towers', 'No Estuviste En Lo Malo - REMIX by Morad & Beny Jr & DELLAFUENTE', 'Manos Rotas by DELLAFUENTE & Morad', 'Si No Estás by iñigo quintero', 'A 300 by JC Reyes & Pedro Calderon', 'CLASSY 101 by Feid', 'PERRO NEGRO by Bad Bunny', 'Sofi - Remix by Samueliyo Baby & KEVIN ROLDAN', 'LUNA by Feid', 'Lollipop by Darell', 'VAGABUNDO by Sebastian Yatra & Manuel Turizo & Beéle', 'Madrid City by Ana Mena', 'El Mambo by Kiko Rivera', 'Quien Es Dei V? by Dei V', 'QUIZÁS SI QUIZÁS NO by Alvaro Diaz & Quevedo', 'Mi Luz (ft. Rels B) by Rvfv', 'lady madrizZz by céro', 'Supernova by Saiko', 'DONDE SE APRENDE A QUERER? by Mora', 'NO PIENSO LLAMAR by Soge Culebra', 'REINA by Mora', 'DILUVIO by Rauw Alejandro', 'MODELITO by Mora', 'El Merengue by Marshmello', 'Columbia by Quevedo', 'POLARIS - Remix by Saiko & Feid & Quevedo', 'SEYA by GIMS', 'Holanda by Jhayco', 'Corazón Roto pt. 3 by Brray & Anuel AA & Chencho Corleone', 'La_Original.mp3 by Emilia', 'SEDA by Bad Bunny', 'Buenas by Quevedo & Saiko', 'LALA by Myke Towers', 'Arena y Sal by Omar Montes & Saiko & Tunvao', 'EL TONTO by Lola Indigo', 'OA by Anuel AA & Quevedo & Maluma', 'Rara Vez by Taiu & Milo j', 'MONACO by Bad Bunny', 'LA FALDA by Myke Towers', 'Antidepresivos by Saiko', 'COSAS QUE NO TE DIJE by Saiko', 'QLONA by KAROL G', 'Narcotics (with Bryant Myers) by Dei V & Bryant Myers', 'PUNTO G by Quevedo', 'La Bachata by Manuel Turizo', 'LUCES DE TECNO by Feid', 'BABY HELLO by Rauw Alejandro', 'No_Se_Ve.mp3 by Emilia', 'Casanova by Soolking & Lola Indigo & Rvfv', 'Los del Espacio by LIT killah'}",2,2,0.04,2024-12
2024-12-14,"{'El Cielo by Sky Rompiendo & Feid & Myke Towers', 'No Estuviste En Lo Malo - REMIX by Morad & Beny Jr & DELLAFUENTE', 'Manos Rotas by DELLAFUENTE & Morad', 'Si No Estás by iñigo quintero', 'A 300 by JC Reyes & Pedro Calderon', 'CLASSY 101 by Feid', 'PERRO NEGRO by Bad Bunny', 'Sofi - Remix by Samueliyo Baby & KEVIN ROLDAN', 'LUNA by Feid', 'Lollipop by Darell', 'VAGABUNDO by Sebastian Yatra & Manuel Turizo & Beéle', 'Madrid City by Ana Mena', 'El Mambo by Kiko Rivera', 'Quien Es Dei V? by Dei V', 'QUIZÁS SI QUIZÁS NO by Alvaro Diaz & Quevedo', 'Mi Luz (ft. Rels B) by Rvfv', 'lady madrizZz by céro', 'Supernova by Saiko', 'DONDE SE APRENDE A QUERER? by Mora', 'NO PIENSO LLAMAR by Soge Culebra', 'REINA by Mora', 'DILUVIO by Rauw Alejandro', 'MODELITO by Mora', 'El Merengue by Marshmello', 'Columbia by Quevedo', 'POLARIS - Remix by Saiko & Feid & Quevedo', 'SEYA by GIMS', 'Holanda by Jhayco', 'Corazón Roto pt. 3 by Brray & Anuel AA & Chencho Corleone', 'La_Original.mp3 by Emilia', 'SEDA by Bad Bunny', 'Buenas by Quevedo & Saiko', 'LALA by Myke Towers', 'Arena y Sal by Omar Montes & Saiko & Tunvao', 'EL TONTO by Lola Indigo', 'OA by Anuel AA & Quevedo & Maluma', 'MONACO by Bad Bunny', 'LA FALDA by Myke Towers', 'Antidepresivos by Saiko', 'COSAS QUE NO TE DIJE by Saiko', 'QLONA by KAROL G', 'Narcotics (with Bryant Myers) by Dei V & Bryant Myers', 'PUNTO G by Quevedo', 'La Bachata by Manuel Turizo', 'LUCES DE TECNO by Feid', 'BABY HELLO by Rauw Alejandro', 'No_Se_Ve.mp3 by Emilia', 'Casanova by Soolking & Lola Indigo & Rvfv', 'LA CAPI by Myke Towers', 'Los del Espacio by LIT killah'}",1,1,0.02,2024-12
2024-12-15,"{'El Cielo by Sky Rompiendo & Feid & Myke Towers', 'No Estuviste En Lo Malo - REMIX by Morad & Beny Jr & DELLAFUENTE', 'Manos Rotas by DELLAFUENTE & Morad', 'Si No Estás by iñigo quintero', 'A 300 by JC Reyes & Pedro Calderon', 'CLASSY 101 by Feid', 'PERRO NEGRO by Bad Bunny', 'LUNA by Feid', 'Lollipop by Darell', 'VAGABUNDO by Sebastian Yatra & Manuel Turizo & Beéle', 'Madrid City by Ana Mena', 'El Mambo by Kiko Rivera', 'Quien Es Dei V? by Dei V', 'QUIZÁS SI QUIZÁS NO by Alvaro Diaz & Quevedo', 'Mi Luz (ft. Rels B) by Rvfv', 'lady madrizZz by céro', 'Supernova by Saiko', 'DONDE SE APRENDE A QUERER? by Mora', 'NO PIENSO LLAMAR by Soge Culebra', 'REINA by Mora', 'DILUVIO by Rauw Alejandro', 'MODELITO by Mora', 'El Merengue by Marshmello', 'Columbia by Quevedo', 'POLARIS - Remix by Saiko & Feid & Quevedo', 'SEYA by GIMS', 'Holanda by Jhayco', 'Corazón Roto pt. 3 by Brray & Anuel AA & Chencho Corleone', 'La_Original.mp3 by Emilia', 'SEDA by Bad Bunny', 'Buenas by Quevedo & Saiko', 'LALA by Myke Towers', 'Arena y Sal by Omar Montes & Saiko & Tunvao', 'EL TONTO by Lola Indigo', 'OA by Anuel AA & Quevedo & Maluma', 'MONACO by Bad Bunny', 'LA FALDA by Myke Towers', 'Antidepresivos by Saiko', 'COSAS QUE NO TE DIJE by Saiko', 'QLONA by KAROL G', 'Narcotics (with Bryant Myers) by Dei V & Bryant Myers', 'PUNTO G by Quevedo', 'La Bachata by Manuel Turizo', 'LUCES DE TECNO by Feid', 'BABY HELLO by Rauw Alejandro', 'No_Se_Ve.mp3 by Emilia', 'Casanova by Soolking & Lola Indigo & Rvfv', 'LA CAPI by Myke Towers', 'Los del Espacio by LIT killah', 'Como Camarón by Estopa'}",1,1,0.02,2024-12
2024-12-16,"{'El Cielo by Sky Rompiendo & Feid & Myke Towers', 'No Estuviste En Lo Malo - REMIX by Morad & Beny Jr & DELLAFUENTE', 'Manos Rotas by DELLAFUENTE & Morad', 'Si No Estás by iñigo quintero', 'A 300 by JC Reyes & Pedro Calderon', 'CLASSY 101 by Feid', 'PERRO NEGRO by Bad Bunny', 'LUNA by Feid', 'Lollipop by Darell', 'VAGABUNDO by Sebastian Yatra & Manuel Turizo & Beéle', 'Madrid City by Ana Mena', 'El Mambo by Kiko Rivera', 'Quien Es Dei V? by Dei V', 'QUIZÁS SI QUIZÁS NO by Alvaro Diaz & Quevedo', 'Mi Luz (ft. Rels B) by Rvfv', 'lady madrizZz by céro', 'Supernova by Saiko', 'DONDE SE APRENDE A QUERER? by Mora', 'NO PIENSO LLAMAR by Soge Culebra', 'REINA by Mora', 'DILUVIO by Rauw Alejandro', 'MODELITO by Mora', 'El Merengue by Marshmello', 'Columbia by Quevedo', 'POLARIS - Remix by Saiko & Feid & Quevedo', 'SEYA by GIMS', 'Holanda by Jhayco', 'Corazón Roto pt. 3 by Brray & Anuel AA & Chencho Corleone', 'La_Original.mp3 by Emilia', 'SEDA by Bad Bunny', 'Buenas by Quevedo & Saiko', 'LALA by Myke Towers', 'Arena y Sal by Omar Montes & Saiko & Tunvao', 'EL TONTO by Lola Indigo', 'OA by Anuel AA & Quevedo & Maluma', 'MONACO by Bad Bunny', 'LA FALDA by Myke Towers', 'Antidepresivos by Saiko', 'COSAS QUE NO TE DIJE by Saiko', 'QLONA by KAROL G', 'Narcotics (with Bryant Myers) by Dei V & Bryant Myers', 'PUNTO G by Quevedo', 'La Bachata by Manuel Turizo', 'LUCES DE TECNO by Feid', 'BABY HELLO by Rauw Alejandro', 'No_Se_Ve.mp3 by Emilia', 'Casanova by Soolking & Lola Indigo & Rvfv', 'LA CAPI by Myke Towers', 'Los del Espacio by LIT killah', 'Como Camarón by Estopa'}",0,0,0.0,2024-12
2024-12-17,"{'El Cielo by Sky Rompiendo & Feid & Myke Towers', 'No Estuviste En Lo Malo - REMIX by Morad & Beny Jr & DELLAFUENTE', 'Manos Rotas by DELLAFUENTE & Morad', 'Si No Estás by iñigo quintero', 'A 300 by JC Reyes & Pedro Calderon', 'PERRO NEGRO by Bad Bunny', 'LUNA by Feid', 'Lollipop by Darell', 'YO TENGO UN NOVIO by Lola Indigo', 'VAGABUNDO by Sebastian Yatra & Manuel Turizo & Beéle', 'Madrid City by Ana Mena', 'El Mambo by Kiko Rivera', 'Quien Es Dei V? by Dei V', 'QUIZÁS SI QUIZÁS NO by Alvaro Diaz & Quevedo', 'TQMQA by Eladio Carrion', 'lady madrizZz by céro', 'DONDE SE APRENDE A QUERER? by Mora', 'NO PIENSO LLAMAR by Soge Culebra', 'REINA by Mora', 'DILUVIO by Rauw Alejandro', 'MODELITO by Mora', 'El Merengue by Marshmello', 'Columbia by Quevedo', 'POLARIS - Remix by Saiko & Feid & Quevedo', 'SEYA by GIMS', 'Holanda by Jhayco', 'CORLEONE by Saiko & Yandel', 'Corazón Roto pt. 3 by Brray & Anuel AA & Chencho Corleone', 'La_Original.mp3 by Emilia', 'SEDA by Bad Bunny', 'Buenas by Quevedo & Saiko', 'LALA by Myke Towers', 'Arena y Sal by Omar Montes & Saiko & Tunvao', 'EL TONTO by Lola Indigo', 'OA by Anuel AA & Quevedo & Maluma', 'All I Want for Christmas Is You by Mariah Carey', 'EL CONDENAO by Lola Indigo', 'LA FALDA by Myke Towers', 'Antidepresivos by Saiko', 'COSAS QUE NO TE DIJE by Saiko', 'QLONA by KAROL G', 'Narcotics (with Bryant Myers) by Dei V & Bryant Myers', 'La Bachata by Manuel Turizo', 'LUCES DE TECNO by Feid', 'BABY HELLO by Rauw Alejandro', 'No_Se_Ve.mp3 by Emilia', 'Casanova by Soolking & Lola Indigo & Rvfv', 'LA CAPI by Myke Towers', 'Los del Espacio by LIT killah', 'Como Camarón by Estopa'}",5,5,0.1,2024-12
2024-12-18,"{'El Cielo by Sky Rompiendo & Feid & Myke Towers', 'No Estuviste En Lo Malo - REMIX by Morad & Beny Jr & DELLAFUENTE', 'Manos Rotas by DELLAFUENTE & Morad', 'Si No Estás by iñigo quintero', 'A 300 by JC Reyes & Pedro Calderon', 'PERRO NEGRO by Bad Bunny', 'LUNA by Feid', 'Lollipop by Darell', 'YO TENGO UN NOVIO by Lola Indigo', 'VAGABUNDO by Sebastian Yatra & Manuel Turizo & Beéle', 'Madrid City by Ana Mena', 'El Mambo by Kiko Rivera', 'Quien Es Dei V? by Dei V', 'QUIZÁS SI QUIZÁS NO by Alvaro Diaz & Quevedo', 'TQMQA by Eladio Carrion', 'lady madrizZz by céro', 'DONDE SE APRENDE A QUERER? by Mora', 'NO PIENSO LLAMAR by Soge Culebra', 'REINA by Mora', 'DILUVIO by Rauw Alejandro', 'MODELITO by Mora', 'El Merengue by Marshmello', 'Columbia by Quevedo', 'POLARIS - Remix by Saiko & Feid & Quevedo', 'SEYA by GIMS', 'Holanda by Jhayco', 'CORLEONE by Saiko & Yandel', 'Corazón Roto pt. 3 by Brray & Anuel AA & Chencho Corleone', 'La_Original.mp3 by Emilia', 'SEDA by Bad Bunny', 'Buenas by Quevedo & Saiko', 'LALA by Myke Towers', 'Arena y Sal by Omar Montes & Saiko & Tunvao', 'EL TONTO by Lola Indigo', 'OA by Anuel AA & Quevedo & Maluma', 'All I Want for Christmas Is You by Mariah Carey', 'EL CONDENAO by Lola Indigo', 'LA FALDA by Myke Towers', 'Antidepresivos by Saiko', 'COSAS QUE NO TE DIJE by Saiko', 'QLONA by KAROL G', 'Narcotics (with Bryant Myers) by Dei V & Bryant Myers', 'La Bachata by Manuel Turizo', 'LUCES DE TECNO by Feid', 'BABY HELLO by Rauw Alejandro', 'No_Se_Ve.mp3 by Emilia', 'Casanova by Soolking & Lola Indigo & Rvfv', 'LA CAPI by Myke Towers', 'Los del Espacio by LIT killah', 'Como Camarón by Estopa'}",0,0,0.0,2024-12
2024-12-19,"{'El Cielo by Sky Rompiendo & Feid & Myke Towers', 'No Estuviste En Lo Malo - REMIX by Morad & Beny Jr & DELLAFUENTE', 'Manos Rotas by DELLAFUENTE & Morad', 'Si No Estás by iñigo quintero', 'A 300 by JC Reyes & Pedro Calderon', 'PERRO NEGRO by Bad Bunny', 'LUNA by Feid', 'Lollipop by Darell', 'YO TENGO UN NOVIO by Lola Indigo', 'VAGABUNDO by Sebastian Yatra & Manuel Turizo & Beéle', 'Madrid City by Ana Mena', 'El Mambo by Kiko Rivera', 'Quien Es Dei V? by Dei V', 'QUIZÁS SI QUIZÁS NO by Alvaro Diaz & Quevedo', 'TQMQA by Eladio Carrion', 'lady madrizZz by céro', 'DONDE SE APRENDE A QUERER? by Mora', 'NO PIENSO LLAMAR by Soge Culebra', 'REINA by Mora', 'DILUVIO by Rauw Alejandro', 'MODELITO by Mora', 'El Merengue by Marshmello', 'Feliz Navidad by Saiko', 'Columbia by Quevedo', 'POLARIS - Remix by Saiko & Feid & Quevedo', 'SEYA by GIMS', 'Holanda by Jhayco', 'CORLEONE by Saiko & Yandel', 'Corazón Roto pt. 3 by Brray & Anuel AA & Chencho Corleone', 'La_Original.mp3 by Emilia', 'SEDA by Bad Bunny', 'Buenas by Quevedo & Saiko', 'LALA by Myke Towers', 'Arena y Sal by Omar Montes & Saiko & Tunvao', 'EL TONTO by Lola Indigo', 'OA by Anuel AA & Quevedo & Maluma', 'All I Want for Christmas Is You by Mariah Carey', 'LA FALDA by Myke Towers', 'Antidepresivos by Saiko', 'COSAS QUE NO TE DIJE by Saiko', 'QLONA by KAROL G', 'Narcotics (with Bryant Myers) by Dei V & Bryant Myers', 'La Bachata by Manuel Turizo', 'LUCES DE TECNO by Feid', 'BABY HELLO by Rauw Alejandro', 'No_Se_Ve.mp3 by Emilia', 'Casanova by Soolking & Lola Indigo & Rvfv', 'LA CAPI by Myke Towers', 'Los del Espacio by LIT killah', 'Como Camarón by Estopa'}",1,1,0.02,2024-12
2024-12-20,"{'El Cielo by Sky Rompiendo & Feid & Myke Towers', 'No Estuviste En Lo Malo - REMIX by Morad & Beny Jr & DELLAFUENTE', 'Manos Rotas by DELLAFUENTE & Morad', 'Si No Estás by iñigo quintero', 'A 300 by JC Reyes & Pedro Calderon', 'PERRO NEGRO by Bad Bunny', 'LUNA by Feid', 'Lollipop by Darell', 'YO TENGO UN NOVIO by Lola Indigo', 'VAGABUNDO by Sebastian Yatra & Manuel Turizo & Beéle', 'Madrid City by Ana Mena', 'El Mambo by Kiko Rivera', 'Quien Es Dei V? by Dei V', 'QUIZÁS SI QUIZÁS NO by Alvaro Diaz & Quevedo', 'No Te Quieren Conmigo by Gaby Music & Lunay & Luar La L', 'TQMQA by Eladio Carrion', 'lady madrizZz by céro', 'DONDE SE APRENDE A QUERER? by Mora', 'NO PIENSO LLAMAR by Soge Culebra', 'REINA by Mora', 'DILUVIO by Rauw Alejandro', 'MODELITO by Mora', 'El Merengue by Marshmello', 'Feliz Navidad by Saiko', 'Columbia by Quevedo', 'POLARIS - Remix by Saiko & Feid & Quevedo', 'SEYA by GIMS', 'Holanda by Jhayco', 'CORLEONE by Saiko & Yandel', 'La_Original.mp3 by Emilia', 'SEDA by Bad Bunny', 'Buenas by Quevedo & Saiko', 'LALA by Myke Towers', 'Extasisssssss by Saiko', 'Arena y Sal by Omar Montes & Saiko & Tunvao', 'EL TONTO by Lola Indigo', 'OA by Anuel AA & Quevedo & Maluma', 'All I Want for Christmas Is You by Mariah Carey', 'EL CONDENAO by Lola Indigo', 'LA FALDA by Myke Towers', 'COSAS QUE NO TE DIJE by Saiko', 'QLONA by KAROL G', 'Narcotics (with Bryant Myers) by Dei V & Bryant Myers', 'La Bachata by Manuel Turizo', 'LUCES DE TECNO by Feid', 'BABY HELLO by Rauw Alejandro', 'Casanova by Soolking & Lola Indigo & Rvfv', 'LA CAPI by Myke Towers', 'Los del Espacio by LIT killah', 'Como Camarón by Estopa'}",3,3,0.06,2024-12
2024-12-21,"{'El Cielo by Sky Rompiendo & Feid & Myke Towers', 'No Estuviste En Lo Malo - REMIX by Morad & Beny Jr & DELLAFUENTE', 'Manos Rotas by DELLAFUENTE & Morad', 'Si No Estás by iñigo quintero', 'A 300 by JC Reyes & Pedro Calderon', 'PERRO NEGRO by Bad Bunny', 'LUNA by Feid', 'Lollipop by Darell', 'YO TENGO UN NOVIO by Lola Indigo', 'VAGABUNDO by Sebastian Yatra & Manuel Turizo & Beéle', 'Madrid City by Ana Mena', 'El Mambo by Kiko Rivera', 'Quien Es Dei V? by Dei V', 'QUIZÁS SI QUIZÁS NO by Alvaro Diaz & Quevedo', 'Mi Luz (ft. Rels B) by Rvfv', 'No Te Quieren Conmigo by Gaby Music & Lunay & Luar La L', 'TQMQA by Eladio Carrion', 'lady madrizZz by céro', 'DONDE SE APRENDE A QUERER? by Mora', 'NO PIENSO LLAMAR by Soge Culebra', 'REINA by Mora', 'DILUVIO by Rauw Alejandro', 'MODELITO by Mora', 'El Merengue by Marshmello', 'Columbia by Quevedo', 'POLARIS - Remix by Saiko & Feid & Quevedo', 'SEYA by GIMS', 'Holanda by Jhayco', 'CORLEONE by Saiko & Yandel', 'La_Original.mp3 by Emilia', 'SEDA by Bad Bunny', 'Buenas by Quevedo & Saiko', 'LALA by Myke Towers', 'Extasisssssss by Saiko', 'Arena y Sal by Omar Montes & Saiko & Tunvao', 'EL TONTO by Lola Indigo', 'OA by Anuel AA & Quevedo & Maluma', 'All I Want for Christmas Is You by Mariah Carey', 'EL CONDENAO by Lola Indigo', 'LA FALDA by Myke Towers', 'COSAS QUE NO TE DIJE by Saiko', 'QLONA by KAROL G', 'Narcotics (with Bryant Myers) by Dei V & Bryant Myers', 'La Bachata by Manuel Turizo', 'LUCES DE TECNO by Feid', 'BABY HELLO by Rauw Alejandro', 'Casanova by Soolking & Lola Indigo & Rvfv', 'LA CAPI by Myke Towers', 'Los del Espacio by LIT killah', 'Como Camarón by Estopa'}",1,1,0.02,2024-12
2024-12-22,"{'El Cielo by Sky Rompiendo & Feid & Myke Towers', 'No Estuviste En Lo Malo - REMIX by Morad & Beny Jr & DELLAFUENTE', 'Manos Rotas by DELLAFUENTE & Morad', 'Si No Estás by iñigo quintero', 'A 300 by JC Reyes & Pedro Calderon', 'PERRO NEGRO by Bad Bunny', 'LUNA by Feid', 'Lollipop by Darell', 'YO TENGO UN NOVIO by Lola Indigo', 'VAGABUNDO by Sebastian Yatra & Manuel Turizo & Beéle', 'Madrid City by Ana Mena', 'El Mambo by Kiko Rivera', 'Quien Es Dei V? by Dei V', 'QUIZÁS SI QUIZÁS NO by Alvaro Diaz & Quevedo', 'Mi Luz (ft. Rels B) by Rvfv', 'No Te Quieren Conmigo by Gaby Music & Lunay & Luar La L', 'TQMQA by Eladio Carrion', 'lady madrizZz by céro', 'DONDE SE APRENDE A QUERER? by Mora', 'NO PIENSO LLAMAR by Soge Culebra', 'REINA by Mora', 'DILUVIO by Rauw Alejandro', 'MODELITO by Mora', 'El Merengue by Marshmello', 'Columbia by Quevedo', 'POLARIS - Remix by Saiko & Feid & Quevedo', 'SEYA by GIMS', 'Holanda by Jhayco', 'CORLEONE by Saiko & Yandel', 'La_Original.mp3 by Emilia', 'SEDA by Bad Bunny', 'Buenas by Quevedo & Saiko', 'LALA by Myke Towers', 'Extasisssssss by Saiko', 'Arena y Sal by Omar Montes & Saiko & Tunvao', 'EL TONTO by Lola Indigo', 'OA by Anuel AA & Quevedo & Maluma', 'All I Want for Christmas Is You by Mariah Carey', 'EL CONDENAO by Lola Indigo', 'LA FALDA by Myke Towers', 'COSAS QUE NO TE DIJE by Saiko', 'QLONA by KAROL G', 'Narcotics (with Bryant Myers) by Dei V & Bryant Myers', 'La Bachata by Manuel Turizo', 'LUCES DE TECNO by Feid', 'BABY HELLO by Rauw Alejandro', 'Casanova by Soolking & Lola Indigo & Rvfv', 'LA CAPI by Myke Towers', 'Los del Espacio by LIT killah', 'Como Camarón by Estopa'}",0,0,0.0,2024-12
2024-12-23,"{'El Cielo by Sky Rompiendo & Feid & Myke Towers', 'No Estuviste En Lo Malo - REMIX by Morad & Beny Jr & DELLAFUENTE', 'Manos Rotas by DELLAFUENTE & Morad', 'Si No Estás by iñigo quintero', 'A 300 by JC Reyes & Pedro Calderon', 'Last Christmas - Single Version by Wham!', 'PERRO NEGRO by Bad Bunny', 'LUNA by Feid', 'Lollipop by Darell', 'YO TENGO UN NOVIO by Lola Indigo', 'VAGABUNDO by Sebastian Yatra & Manuel Turizo & Beéle', 'Madrid City by Ana Mena', 'El Mambo by Kiko Rivera', 'Quien Es Dei V? by Dei V', 'QUIZÁS SI QUIZÁS NO by Alvaro Diaz & Quevedo', 'Mi Luz (ft. Rels B) by Rvfv', 'No Te Quieren Conmigo by Gaby Music & Lunay & Luar La L', 'TQMQA by Eladio Carrion', 'lady madrizZz by céro', 'DONDE SE APRENDE A QUERER? by Mora', 'NO PIENSO LLAMAR by Soge Culebra', 'REINA by Mora', 'DILUVIO by Rauw Alejandro', 'MODELITO by Mora', 'El Merengue by Marshmello', 'Columbia by Quevedo', 'POLARIS - Remix by Saiko & Feid & Quevedo', 'SEYA by GIMS', 'Holanda by Jhayco', 'CORLEONE by Saiko & Yandel', 'La_Original.mp3 by Emilia', 'SEDA by Bad Bunny', 'Buenas by Quevedo & Saiko', 'LALA by Myke Towers', 'Extasisssssss by Saiko', 'Arena y Sal by Omar Montes & Saiko & Tunvao', 'OA by Anuel AA & Quevedo & Maluma', 'All I Want for Christmas Is You by Mariah Carey', 'EL CONDENAO by Lola Indigo', 'LA FALDA by Myke Towers', 'COSAS QUE NO TE DIJE by Saiko', 'QLONA by KAROL G', 'Narcotics (with Bryant Myers) by Dei V & Bryant Myers', 'La Bachata by Manuel Turizo', 'LUCES DE TECNO by Feid', 'BABY HELLO by Rauw Alejandro', 'Casanova by Soolking & Lola Indigo & Rvfv', 'LA CAPI by Myke Towers', 'Los del Espacio by LIT killah', 'Como Camarón by Estopa'}",1,1,0.02,2024-12
2024-12-24,"{'El Cielo by Sky Rompiendo & Feid & Myke Towers', 'No Estuviste En Lo Malo - REMIX by Morad & Beny Jr & DELLAFUENTE', 'Manos Rotas by DELLAFUENTE & Morad', 'Si No Estás by iñigo quintero', 'A 300 by JC Reyes & Pedro Calderon', 'Last Christmas - Single Version by Wham!', 'PERRO NEGRO by Bad Bunny', 'LUNA by Feid', 'Lollipop by Darell', 'YO TENGO UN NOVIO by Lola Indigo', 'VAGABUNDO by Sebastian Yatra & Manuel Turizo & Beéle', 'Madrid City by Ana Mena', 'El Mambo by Kiko Rivera', 'Xxx_Rosario_xxX by Saiko', 'Quien Es Dei V? by Dei V', 'No Te Quieren Conmigo by Gaby Music & Lunay & Luar La L', 'TQMQA by Eladio Carrion', 'lady madrizZz by céro', ""Rockin' Around The Christmas Tree by Brenda Lee"", 'DONDE SE APRENDE A QUERER? by Mora', 'NO PIENSO LLAMAR by Soge Culebra', 'REINA by Mora', 'DILUVIO by Rauw Alejandro', 'MODELITO by Mora', 'El Merengue by Marshmello', 'Columbia by Quevedo', 'POLARIS - Remix by Saiko & Feid & Quevedo', 'SEYA by GIMS', 'Holanda by Jhayco', 'La_Original.mp3 by Emilia', 'SEDA by Bad Bunny', 'Buenas by Quevedo & Saiko', 'LALA by Myke Towers', 'Extasisssssss by Saiko', 'Arena y Sal by Omar Montes & Saiko & Tunvao', 'OA by Anuel AA & Quevedo & Maluma', 'All I Want for Christmas Is You by Mariah Carey', 'EL CONDENAO by Lola Indigo', 'LA FALDA by Myke Towers', 'COSAS QUE NO TE DIJE by Saiko', 'QLONA by KAROL G', 'Narcotics (with Bryant Myers) by Dei V & Bryant Myers', 'La Bachata by Manuel Turizo', 'LUCES DE TECNO by Feid', 'BABY HELLO by Rauw Alejandro', 'CORLEONE by Saiko', 'Casanova by Soolking & Lola Indigo & Rvfv', 'LA CAPI by Myke Towers', 'Los del Espacio by LIT killah', 'Como Camarón by Estopa'}",3,3,0.06,2024-12
2024-12-25,"{'No Estuviste En Lo Malo - REMIX by Morad & Beny Jr & DELLAFUENTE', 'Manos Rotas by DELLAFUENTE & Morad', 'Si No Estás by iñigo quintero', 'A 300 by JC Reyes & Pedro Calderon', 'Last Christmas - Single Version by Wham!', 'PERRO NEGRO by Bad Bunny', 'LUNA by Feid', 'Holly Jolly Christmas by Michael Bublé', ""It's the Most Wonderful Time of the Year by Andy Williams"", 'VAGABUNDO by Sebastian Yatra & Manuel Turizo & Beéle', 'Madrid City by Ana Mena', ""It's Beginning to Look a Lot like Christmas by Michael Bublé"", 'El Mambo by Kiko Rivera', 'Xxx_Rosario_xxX by Saiko', 'Quien Es Dei V? by Dei V', 'No Te Quieren Conmigo by Gaby Music & Lunay & Luar La L', 'Underneath the Tree by Kelly Clarkson', 'lady madrizZz by céro', ""Rockin' Around The Christmas Tree by Brenda Lee"", 'NO PIENSO LLAMAR by Soge Culebra', 'REINA by Mora', 'DILUVIO by Rauw Alejandro', 'Feliz Navidad by José Feliciano', 'MODELITO by Mora', 'Columbia by Quevedo', 'POLARIS - Remix by Saiko & Feid & Quevedo', 'SEYA by GIMS', 'Holanda by Jhayco', 'Sleigh Ride by The Ronettes', 'Jingle Bell Rock by Bobby Helms', 'Buenas by Quevedo & Saiko', 'LALA by Myke Towers', 'Extasisssssss by Saiko', 'Snowman by Sia', 'OA by Anuel AA & Quevedo & Maluma', 'All I Want for Christmas Is You by Mariah Carey', 'LA FALDA by Myke Towers', 'COSAS QUE NO TE DIJE by Saiko', 'QLONA by KAROL G', 'Narcotics (with Bryant Myers) by Dei V & Bryant Myers', 'Ya es Navidad Popurrí: Ya es Navidad- Zúmbale a la pandereta - Ya vienen los Reyes Magos - Arre Borriquito - Ya es Navidad by Raya Real', 'La Bachata by Manuel Turizo', 'Let It Snow! Let It Snow! Let It Snow! by Dean Martin', 'BABY HELLO by Rauw Alejandro', 'CORLEONE by Saiko', 'Casanova by Soolking & Lola Indigo & Rvfv', 'Santa Tell Me by Ariana Grande', 'LA CAPI by Myke Towers', 'Los del Espacio by LIT killah', 'Let It Snow! Let It Snow! Let It Snow! (with The B. Swanson Quartet) by Frank Sinatra'}",12,12,0.24,2024-12
2024-12-26,"{'No Estuviste En Lo Malo - REMIX by Morad & Beny Jr & DELLAFUENTE', 'Manos Rotas by DELLAFUENTE & Morad', 'Si No Estás by iñigo quintero', 'A 300 by JC Reyes & Pedro Calderon', 'Last Christmas - Single Version by Wham!', 'PERRO NEGRO by Bad Bunny', 'LUNA by Feid', 'Holly Jolly Christmas by Michael Bublé', ""It's the Most Wonderful Time of the Year by Andy Williams"", 'VAGABUNDO by Sebastian Yatra & Manuel Turizo & Beéle', 'Madrid City by Ana Mena', ""It's Beginning to Look a Lot like Christmas by Michael Bublé"", 'El Mambo by Kiko Rivera', 'Xxx_Rosario_xxX by Saiko', 'Quien Es Dei V? by Dei V', 'No Te Quieren Conmigo by Gaby Music & Lunay & Luar La L', 'TQMQA by Eladio Carrion', 'Underneath the Tree by Kelly Clarkson', 'lady madrizZz by céro', ""Rockin' Around The Christmas Tree by Brenda Lee"", 'NO PIENSO LLAMAR by Soge Culebra', 'REINA by Mora', 'DILUVIO by Rauw Alejandro', 'Feliz Navidad by José Feliciano', 'MODELITO by Mora', 'Columbia by Quevedo', 'POLARIS - Remix by Saiko & Feid & Quevedo', 'SEYA by GIMS', 'Holanda by Jhayco', 'Sleigh Ride by The Ronettes', 'Jingle Bell Rock by Bobby Helms', 'Buenas by Quevedo & Saiko', 'LALA by Myke Towers', 'Extasisssssss by Saiko', 'Snowman by Sia', 'OA by Anuel AA & Quevedo & Maluma', 'All I Want for Christmas Is You by Mariah Carey', 'LA FALDA by Myke Towers', 'COSAS QUE NO TE DIJE by Saiko', 'QLONA by KAROL G', 'Narcotics (with Bryant Myers) by Dei V & Bryant Myers', 'La Bachata by Manuel Turizo', 'Let It Snow! Let It Snow! Let It Snow! by Dean Martin', 'BABY HELLO by Rauw Alejandro', 'CORLEONE by Saiko', 'Casanova by Soolking & Lola Indigo & Rvfv', 'Santa Tell Me by Ariana Grande', 'LA CAPI by Myke Towers', 'Los del Espacio by LIT killah', 'Como Camarón by Estopa'}",2,2,0.04,2024-12
2024-12-27,"{'No Estuviste En Lo Malo - REMIX by Morad & Beny Jr & DELLAFUENTE', 'Manos Rotas by DELLAFUENTE & Morad', 'Si No Estás by iñigo quintero', 'A 300 by JC Reyes & Pedro Calderon', 'Last Christmas - Single Version by Wham!', 'PERRO NEGRO by Bad Bunny', 'LUNA by Feid', 'Holly Jolly Christmas by Michael Bublé', ""It's the Most Wonderful Time of the Year by Andy Williams"", 'VAGABUNDO by Sebastian Yatra & Manuel Turizo & Beéle', 'Madrid City by Ana Mena', ""It's Beginning to Look a Lot like Christmas by Michael Bublé"", 'El Mambo by Kiko Rivera', 'Xxx_Rosario_xxX by Saiko', 'Quien Es Dei V? by Dei V', 'No Te Quieren Conmigo by Gaby Music & Lunay & Luar La L', 'TQMQA by Eladio Carrion', 'Underneath the Tree by Kelly Clarkson', 'lady madrizZz by céro', ""Rockin' Around The Christmas Tree by Brenda Lee"", 'NO PIENSO LLAMAR by Soge Culebra', 'REINA by Mora', 'DILUVIO by Rauw Alejandro', 'Feliz Navidad by José Feliciano', 'MODELITO by Mora', 'Columbia by Quevedo', 'POLARIS - Remix by Saiko & Feid & Quevedo', 'SEYA by GIMS', 'Holanda by Jhayco', 'Sleigh Ride by The Ronettes', 'Jingle Bell Rock by Bobby Helms', 'Buenas by Quevedo & Saiko', 'LALA by Myke Towers', 'Extasisssssss by Saiko', 'Snowman by Sia', 'OA by Anuel AA & Quevedo & Maluma', 'All I Want for Christmas Is You by Mariah Carey', 'LA FALDA by Myke Towers', 'COSAS QUE NO TE DIJE by Saiko', 'QLONA by KAROL G', 'Narcotics (with Bryant Myers) by Dei V & Bryant Myers', 'La Bachata by Manuel Turizo', 'Let It Snow! Let It Snow! Let It Snow! by Dean Martin', 'BABY HELLO by Rauw Alejandro', 'CORLEONE by Saiko', 'Casanova by Soolking & Lola Indigo & Rvfv', 'Santa Tell Me by Ariana Grande', 'LA CAPI by Myke Towers', 'Los del Espacio by LIT killah', 'Como Camarón by Estopa'}",0,0,0.0,2024-12
2024-12-28,"{'El Cielo by Sky Rompiendo & Feid & Myke Towers', 'No Estuviste En Lo Malo - REMIX by Morad & Beny Jr & DELLAFUENTE', 'Manos Rotas by DELLAFUENTE & Morad', 'Si No Estás by iñigo quintero', 'A 300 by JC Reyes & Pedro Calderon', 'PERRO NEGRO by Bad Bunny', 'CHULA by JC Reyes', 'LUNA by Feid', 'Lollipop by Darell', 'VAGABUNDO by Sebastian Yatra & Manuel Turizo & Beéle', 'Madrid City by Ana Mena', 'El Mambo by Kiko Rivera', 'Xxx_Rosario_xxX by Saiko', 'Quien Es Dei V? by Dei V', 'No Te Quieren Conmigo by Gaby Music & Lunay & Luar La L', 'TQMQA by Eladio Carrion', 'lady madrizZz by céro', 'DONDE SE APRENDE A QUERER? by Mora', 'NO PIENSO LLAMAR by Soge Culebra', 'REINA by Mora', 'DILUVIO by Rauw Alejandro', 'MODELITO by Mora', 'El Merengue by Marshmello', 'Columbia by Quevedo', 'POLARIS - Remix by Saiko & Feid & Quevedo', 'SEYA by GIMS', 'Holanda by Jhayco', 'Corazón Roto pt. 3 by Brray & Anuel AA & Chencho Corleone', 'La_Original.mp3 by Emilia', 'SEDA by Bad Bunny', 'Buenas by Quevedo & Saiko', 'LALA by Myke Towers', 'Extasisssssss by Saiko', 'Arena y Sal by Omar Montes & Saiko & Tunvao', 'EL TONTO by Lola Indigo', 'OA by Anuel AA & Quevedo & Maluma', 'MONACO by Bad Bunny', 'EL CONDENAO by Lola Indigo', 'LA FALDA by Myke Towers', 'COSAS QUE NO TE DIJE by Saiko', 'QLONA by KAROL G', 'Narcotics (with Bryant Myers) by Dei V & Bryant Myers', 'La Bachata by Manuel Turizo', 'LUCES DE TECNO by Feid', 'BABY HELLO by Rauw Alejandro', 'CORLEONE by Saiko', 'Casanova by Soolking & Lola Indigo & Rvfv', 'LA CAPI by Myke Towers', 'Los del Espacio by LIT killah', 'Como Camarón by Estopa'}",13,13,0.26,2024-12
2024-12-29,"{'El Cielo by Sky Rompiendo & Feid & Myke Towers', 'No Estuviste En Lo Malo - REMIX by Morad & Beny Jr & DELLAFUENTE', 'Manos Rotas by DELLAFUENTE & Morad', 'Si No Estás by iñigo quintero', 'A 300 by JC Reyes & Pedro Calderon', 'PERRO NEGRO by Bad Bunny', 'CHULA by JC Reyes', 'LUNA by Feid', 'Lollipop by Darell', 'VAGABUNDO by Sebastian Yatra & Manuel Turizo & Beéle', 'Madrid City by Ana Mena', 'El Mambo by Kiko Rivera', 'Xxx_Rosario_xxX by Saiko', 'Quien Es Dei V? by Dei V', 'No Te Quieren Conmigo by Gaby Music & Lunay & Luar La L', 'TQMQA by Eladio Carrion', 'lady madrizZz by céro', 'DONDE SE APRENDE A QUERER? by Mora', 'NO PIENSO LLAMAR by Soge Culebra', 'REINA by Mora', 'DILUVIO by Rauw Alejandro', 'MODELITO by Mora', 'El Merengue by Marshmello', 'Columbia by Quevedo', 'POLARIS - Remix by Saiko & Feid & Quevedo', 'SEYA by GIMS', 'Holanda by Jhayco', 'Corazón Roto pt. 3 by Brray & Anuel AA & Chencho Corleone', 'La_Original.mp3 by Emilia', 'SEDA by Bad Bunny', 'Buenas by Quevedo & Saiko', 'LALA by Myke Towers', 'Extasisssssss by Saiko', 'Arena y Sal by Omar Montes & Saiko & Tunvao', 'EL TONTO by Lola Indigo', 'OA by Anuel AA & Quevedo & Maluma', 'MONACO by Bad Bunny', 'EL CONDENAO by Lola Indigo', 'LA FALDA by Myke Towers', 'COSAS QUE NO TE DIJE by Saiko', 'QLONA by KAROL G', 'Narcotics (with Bryant Myers) by Dei V & Bryant Myers', 'La Bachata by Manuel Turizo', 'LUCES DE TECNO by Feid', 'BABY HELLO by Rauw Alejandro', 'CORLEONE by Saiko', 'Casanova by Soolking & Lola Indigo & Rvfv', 'LA CAPI by Myke Towers', 'Los del Espacio by LIT killah', 'Como Camarón by Estopa'}",0,0,0.0,2024-12
2024-12-30,"{'El Cielo by Sky Rompiendo & Feid & Myke Towers', 'No Estuviste En Lo Malo - REMIX by Morad & Beny Jr & DELLAFUENTE', 'Manos Rotas by DELLAFUENTE & Morad', 'Si No Estás by iñigo quintero', 'A 300 by JC Reyes & Pedro Calderon', 'PERRO NEGRO by Bad Bunny', 'CHULA by JC Reyes', 'LUNA by Feid', 'Lollipop by Darell', 'VAGABUNDO by Sebastian Yatra & Manuel Turizo & Beéle', 'Madrid City by Ana Mena', 'El Mambo by Kiko Rivera', 'Xxx_Rosario_xxX by Saiko', 'Quien Es Dei V? by Dei V', 'No Te Quieren Conmigo by Gaby Music & Lunay & Luar La L', 'TQMQA by Eladio Carrion', 'lady madrizZz by céro', 'DONDE SE APRENDE A QUERER? by Mora', 'NO PIENSO LLAMAR by Soge Culebra', 'REINA by Mora', 'DILUVIO by Rauw Alejandro', 'MODELITO by Mora', 'El Merengue by Marshmello', 'Columbia by Quevedo', 'POLARIS - Remix by Saiko & Feid & Quevedo', 'SEYA by GIMS', 'Holanda by Jhayco', 'Corazón Roto pt. 3 by Brray & Anuel AA & Chencho Corleone', 'La_Original.mp3 by Emilia', 'SEDA by Bad Bunny', 'Buenas by Quevedo & Saiko', 'LALA by Myke Towers', 'Extasisssssss by Saiko', 'Arena y Sal by Omar Montes & Saiko & Tunvao', 'EL TONTO by Lola Indigo', 'OA by Anuel AA & Quevedo & Maluma', 'MONACO by Bad Bunny', 'EL CONDENAO by Lola Indigo', 'LA FALDA by Myke Towers', 'COSAS QUE NO TE DIJE by Saiko', 'QLONA by KAROL G', 'Narcotics (with Bryant Myers) by Dei V & Bryant Myers', 'La Bachata by Manuel Turizo', 'LUCES DE TECNO by Feid', 'BABY HELLO by Rauw Alejandro', 'CORLEONE by Saiko', 'Casanova by Soolking & Lola Indigo & Rvfv', 'LA CAPI by Myke Towers', 'Los del Espacio by LIT killah', 'Como Camarón by Estopa'}",0,0,0.0,2024-12
2024-12-31,"{'El Cielo by Sky Rompiendo & Feid & Myke Towers', 'No Estuviste En Lo Malo - REMIX by Morad & Beny Jr & DELLAFUENTE', 'Manos Rotas by DELLAFUENTE & Morad', 'Si No Estás by iñigo quintero', 'A 300 by JC Reyes & Pedro Calderon', 'PERRO NEGRO by Bad Bunny', 'LUNA by Feid', 'Nochentera by Vicco', 'Lollipop by Darell', 'VAGABUNDO by Sebastian Yatra & Manuel Turizo & Beéle', 'Madrid City by Ana Mena', 'El Mambo by Kiko Rivera', 'Xxx_Rosario_xxX by Saiko', 'Quien Es Dei V? by Dei V', 'No Te Quieren Conmigo by Gaby Music & Lunay & Luar La L', 'TQMQA by Eladio Carrion', 'lady madrizZz by céro', 'DONDE SE APRENDE A QUERER? by Mora', 'NO PIENSO LLAMAR by Soge Culebra', 'REINA by Mora', 'DILUVIO by Rauw Alejandro', 'MODELITO by Mora', 'El Merengue by Marshmello', 'Columbia by Quevedo', 'POLARIS - Remix by Saiko & Feid & Quevedo', 'SEYA by GIMS', 'Holanda by Jhayco', 'Corazón Roto pt. 3 by Brray & Anuel AA & Chencho Corleone', 'La_Original.mp3 by Emilia', 'SEDA by Bad Bunny', 'Buenas by Quevedo & Saiko', 'LALA by Myke Towers', 'Extasisssssss by Saiko', 'Arena y Sal by Omar Montes & Saiko & Tunvao', 'EL TONTO by Lola Indigo', 'OA by Anuel AA & Quevedo & Maluma', 'MONACO by Bad Bunny', 'EL CONDENAO by Lola Indigo', 'LA FALDA by Myke Towers', 'COSAS QUE NO TE DIJE by Saiko', 'QLONA by KAROL G', 'Narcotics (with Bryant Myers) by Dei V & Bryant Myers', 'La Bachata by Manuel Turizo', 'LUCES DE TECNO by Feid', 'BABY HELLO by Rauw Alejandro', 'CORLEONE by Saiko', 'Casanova by Soolking & Lola Indigo & Rvfv', 'LA CAPI by Myke Towers', 'Los del Espacio by LIT killah', 'Como Camarón by Estopa'}",1,1,0.02,2024-12
2025-01-01,"{'El Cielo by Sky Rompiendo & Feid & Myke Towers', 'No Estuviste En Lo Malo - REMIX by Morad & Beny Jr & DELLAFUENTE', 'Manos Rotas by DELLAFUENTE & Morad', 'Si No Estás by iñigo quintero', 'A 300 by JC Reyes & Pedro Calderon', 'PERRO NEGRO by Bad Bunny', 'LUNA by Feid', 'Nochentera by Vicco', 'Clavaito by Chanel & Abraham Mateo', 'Lollipop by Darell', 'VAGABUNDO by Sebastian Yatra & Manuel Turizo & Beéle', 'Madrid City by Ana Mena', 'El Mambo by Kiko Rivera', 'Xxx_Rosario_xxX by Saiko', 'Quien Es Dei V? by Dei V', 'No Te Quieren Conmigo by Gaby Music & Lunay & Luar La L', 'TQMQA by Eladio Carrion', 'lady madrizZz by céro', 'NO PIENSO LLAMAR by Soge Culebra', 'REINA by Mora', 'DILUVIO by Rauw Alejandro', 'MODELITO by Mora', 'El Merengue by Marshmello', 'Quevedo: Bzrp Music Sessions, Vol. 52 by Bizarrap & Quevedo', 'Columbia by Quevedo', 'POLARIS - Remix by Saiko & Feid & Quevedo', 'SEYA by GIMS', 'Holanda by Jhayco', 'La_Original.mp3 by Emilia', 'SEDA by Bad Bunny', 'Buenas by Quevedo & Saiko', 'LALA by Myke Towers', 'Extasisssssss by Saiko', 'Arena y Sal by Omar Montes & Saiko & Tunvao', 'EL TONTO by Lola Indigo', 'OA by Anuel AA & Quevedo & Maluma', 'All I Want for Christmas Is You by Mariah Carey', 'DESPECHÁ by ROSALÍA', 'LA FALDA by Myke Towers', 'COSAS QUE NO TE DIJE by Saiko', 'QLONA by KAROL G', 'Narcotics (with Bryant Myers) by Dei V & Bryant Myers', 'La Bachata by Manuel Turizo', 'LUCES DE TECNO by Feid', 'BABY HELLO by Rauw Alejandro', 'CORLEONE by Saiko', 'Casanova by Soolking & Lola Indigo & Rvfv', 'LA CAPI by Myke Towers', 'Los del Espacio by LIT killah', 'Como Camarón by Estopa'}",4,4,0.08,2025-01
2025-01-02,"{'El Cielo by Sky Rompiendo & Feid & Myke Towers', 'No Estuviste En Lo Malo - REMIX by Morad & Beny Jr & DELLAFUENTE', 'Manos Rotas by DELLAFUENTE & Morad', 'Si No Estás by iñigo quintero', 'A 300 by JC Reyes & Pedro Calderon', 'PERRO NEGRO by Bad Bunny', 'LUNA by Feid', 'Nochentera by Vicco', 'Clavaito by Chanel & Abraham Mateo', 'Lollipop by Darell', 'VAGABUNDO by Sebastian Yatra & Manuel Turizo & Beéle', 'Madrid City by Ana Mena', 'El Mambo by Kiko Rivera', 'Xxx_Rosario_xxX by Saiko', 'Quien Es Dei V? by Dei V', 'No Te Quieren Conmigo by Gaby Music & Lunay & Luar La L', 'TQMQA by Eladio Carrion', 'lady madrizZz by céro', 'NO PIENSO LLAMAR by Soge Culebra', 'REINA by Mora', 'DILUVIO by Rauw Alejandro', 'MODELITO by Mora', 'El Merengue by Marshmello', 'Quevedo: Bzrp Music Sessions, Vol. 52 by Bizarrap & Quevedo', 'Columbia by Quevedo', 'POLARIS - Remix by Saiko & Feid & Quevedo', 'SEYA by GIMS', 'Holanda by Jhayco', 'La_Original.mp3 by Emilia', 'SEDA by Bad Bunny', 'Buenas by Quevedo & Saiko', 'LALA by Myke Towers', 'Extasisssssss by Saiko', 'Arena y Sal by Omar Montes & Saiko & Tunvao', 'EL TONTO by Lola Indigo', 'OA by Anuel AA & Quevedo & Maluma', 'All I Want for Christmas Is You by Mariah Carey', 'DESPECHÁ by ROSALÍA', 'LA FALDA by Myke Towers', 'COSAS QUE NO TE DIJE by Saiko', 'QLONA by KAROL G', 'Narcotics (with Bryant Myers) by Dei V & Bryant Myers', 'La Bachata by Manuel Turizo', 'LUCES DE TECNO by Feid', 'BABY HELLO by Rauw Alejandro', 'CORLEONE by Saiko', 'Casanova by Soolking & Lola Indigo & Rvfv', 'LA CAPI by Myke Towers', 'Los del Espacio by LIT killah', 'Como Camarón by Estopa'}",0,0,0.0,2025-01
2025-01-03,"{'El Cielo by Sky Rompiendo & Feid & Myke Towers', 'No Estuviste En Lo Malo - REMIX by Morad & Beny Jr & DELLAFUENTE', 'Manos Rotas by DELLAFUENTE & Morad', 'Si No Estás by iñigo quintero', 'A 300 by JC Reyes & Pedro Calderon', 'PERRO NEGRO by Bad Bunny', 'LUNA by Feid', 'Nochentera by Vicco', 'Clavaito by Chanel & Abraham Mateo', 'Lollipop by Darell', 'VAGABUNDO by Sebastian Yatra & Manuel Turizo & Beéle', 'Madrid City by Ana Mena', 'El Mambo by Kiko Rivera', 'Xxx_Rosario_xxX by Saiko', 'Quien Es Dei V? by Dei V', 'No Te Quieren Conmigo by Gaby Music & Lunay & Luar La L', 'TQMQA by Eladio Carrion', 'lady madrizZz by céro', 'DONDE SE APRENDE A QUERER? by Mora', 'NO PIENSO LLAMAR by Soge Culebra', 'REINA by Mora', 'DILUVIO by Rauw Alejandro', 'MODELITO by Mora', 'El Merengue by Marshmello', 'Quevedo: Bzrp Music Sessions, Vol. 52 by Bizarrap & Quevedo', 'Columbia by Quevedo', 'POLARIS - Remix by Saiko & Feid & Quevedo', 'SEYA by GIMS', 'Holanda by Jhayco', 'La_Original.mp3 by Emilia', 'SEDA by Bad Bunny', 'Buenas by Quevedo & Saiko', 'LALA by Myke Towers', 'Extasisssssss by Saiko', 'Arena y Sal by Omar Montes & Saiko & Tunvao', 'EL TONTO by Lola Indigo', 'OA by Anuel AA & Quevedo & Maluma', 'MONACO by Bad Bunny', 'LA FALDA by Myke Towers', 'COSAS QUE NO TE DIJE by Saiko', 'QLONA by KAROL G', 'Narcotics (with Bryant Myers) by Dei V & Bryant Myers', 'La Bachata by Manuel Turizo', 'LUCES DE TECNO by Feid', 'BABY HELLO by Rauw Alejandro', 'CORLEONE by Saiko', 'Casanova by Soolking & Lola Indigo & Rvfv', 'LA CAPI by Myke Towers', 'Los del Espacio by LIT killah', 'Como Camarón by Estopa'}",2,2,0.04,2025-01
2025-01-04,"{'El Cielo by Sky Rompiendo & Feid & Myke Towers', 'No Estuviste En Lo Malo - REMIX by Morad & Beny Jr & DELLAFUENTE', 'Manos Rotas by DELLAFUENTE & Morad', 'Si No Estás by iñigo quintero', 'A 300 by JC Reyes & Pedro Calderon', 'PERRO NEGRO by Bad Bunny', 'LUNA by Feid', 'Nochentera by Vicco', 'Clavaito by Chanel & Abraham Mateo', 'Lollipop by Darell', 'VAGABUNDO by Sebastian Yatra & Manuel Turizo & Beéle', 'Madrid City by Ana Mena', 'El Mambo by Kiko Rivera', 'Xxx_Rosario_xxX by Saiko', 'Quien Es Dei V? by Dei V', 'No Te Quieren Conmigo by Gaby Music & Lunay & Luar La L', 'TQMQA by Eladio Carrion', 'lady madrizZz by céro', 'DONDE SE APRENDE A QUERER? by Mora', 'NO PIENSO LLAMAR by Soge Culebra', 'REINA by Mora', 'DILUVIO by Rauw Alejandro', 'MODELITO by Mora', 'El Merengue by Marshmello', 'Columbia by Quevedo', 'POLARIS - Remix by Saiko & Feid & Quevedo', 'SEYA by GIMS', 'Holanda by Jhayco', 'La_Original.mp3 by Emilia', 'SEDA by Bad Bunny', 'Buenas by Quevedo & Saiko', 'LALA by Myke Towers', 'Extasisssssss by Saiko', 'Arena y Sal by Omar Montes & Saiko & Tunvao', 'EL TONTO by Lola Indigo', 'OA by Anuel AA & Quevedo & Maluma', 'MONACO by Bad Bunny', 'EL CONDENAO by Lola Indigo', 'LA FALDA by Myke Towers', 'COSAS QUE NO TE DIJE by Saiko', 'QLONA by KAROL G', 'Narcotics (with Bryant Myers) by Dei V & Bryant Myers', 'La Bachata by Manuel Turizo', 'LUCES DE TECNO by Feid', 'BABY HELLO by Rauw Alejandro', 'CORLEONE by Saiko', 'Casanova by Soolking & Lola Indigo & Rvfv', 'LA CAPI by Myke Towers', 'Los del Espacio by LIT killah', 'Como Camarón by Estopa'}",1,1,0.02,2025-01
2025-01-05,"{'El Cielo by Sky Rompiendo & Feid & Myke Towers', 'No Estuviste En Lo Malo - REMIX by Morad & Beny Jr & DELLAFUENTE', 'Manos Rotas by DELLAFUENTE & Morad', 'Si No Estás by iñigo quintero', 'A 300 by JC Reyes & Pedro Calderon', 'CLASSY 101 by Feid', 'PERRO NEGRO by Bad Bunny', 'LUNA by Feid', 'Nochentera by Vicco', 'Lollipop by Darell', 'VAGABUNDO by Sebastian Yatra & Manuel Turizo & Beéle', 'Madrid City by Ana Mena', 'El Mambo by Kiko Rivera', 'Xxx_Rosario_xxX by Saiko', 'Quien Es Dei V? by Dei V', 'Mi Luz (ft. Rels B) by Rvfv', 'No Te Quieren Conmigo by Gaby Music & Lunay & Luar La L', 'TQMQA by Eladio Carrion', 'lady madrizZz by céro', 'DONDE SE APRENDE A QUERER? by Mora', 'NO PIENSO LLAMAR by Soge Culebra', 'REINA by Mora', 'DILUVIO by Rauw Alejandro', 'MODELITO by Mora', 'El Merengue by Marshmello', 'Columbia by Quevedo', 'POLARIS - Remix by Saiko & Feid & Quevedo', 'SEYA by GIMS', 'Holanda by Jhayco', 'La_Original.mp3 by Emilia', 'SEDA by Bad Bunny', 'Buenas by Quevedo & Saiko', 'LALA by Myke Towers', 'Extasisssssss by Saiko', 'Arena y Sal by Omar Montes & Saiko & Tunvao', 'EL TONTO by Lola Indigo', 'OA by Anuel AA & Quevedo & Maluma', 'MONACO by Bad Bunny', 'LA FALDA by Myke Towers', 'COSAS QUE NO TE DIJE by Saiko', 'QLONA by KAROL G', 'Narcotics (with Bryant Myers) by Dei V & Bryant Myers', 'La Bachata by Manuel Turizo', 'LUCES DE TECNO by Feid', 'BABY HELLO by Rauw Alejandro', 'CORLEONE by Saiko', 'Casanova by Soolking & Lola Indigo & Rvfv', 'LA CAPI by Myke Towers', 'Los del Espacio by LIT killah', 'Como Camarón by Estopa'}",2,2,0.04,2025-01
2025-01-06,"{'El Cielo by Sky Rompiendo & Feid & Myke Towers', 'No Estuviste En Lo Malo - REMIX by Morad & Beny Jr & DELLAFUENTE', 'Manos Rotas by DELLAFUENTE & Morad', 'Si No Estás by iñigo quintero', 'CLASSY 101 by Feid', 'PERRO NEGRO by Bad Bunny', 'LUNA by Feid', 'Nochentera by Vicco', 'Lollipop by Darell', 'A 300 by JC Reyes & Pedro Calderon & Blacknife', 'Madrid City by Ana Mena', 'El Mambo by Kiko Rivera', 'VAGABUNDO by Sebastian Yatra & Manuel Turizo & Beéle', 'Quien Es Dei V? by Dei V', 'Mi Luz (ft. Rels B) by Rvfv', 'No Te Quieren Conmigo by Gaby Music & Lunay & Luar La L', 'TQMQA by Eladio Carrion', 'lady madrizZz by céro', 'DONDE SE APRENDE A QUERER? by Mora', 'NO PIENSO LLAMAR by Soge Culebra', 'REINA by Mora', 'DILUVIO by Rauw Alejandro', 'MODELITO by Mora', 'El Merengue by Marshmello', 'Columbia by Quevedo', 'POLARIS - Remix by Saiko & Feid & Quevedo', 'SEYA by GIMS', 'Holanda by Jhayco', 'La_Original.mp3 by Emilia', 'SEDA by Bad Bunny', 'Buenas by Quevedo & Saiko', 'LALA by Myke Towers', 'Extasisssssss by Saiko', 'Arena y Sal by Omar Montes & Saiko & Tunvao', 'EL TONTO by Lola Indigo', 'OA by Anuel AA & Quevedo & Maluma', 'MONACO by Bad Bunny', 'LA FALDA by Myke Towers', 'COSAS QUE NO TE DIJE by Saiko', 'QLONA by KAROL G', 'Narcotics (with Bryant Myers) by Dei V & Bryant Myers', 'La Bachata by Manuel Turizo', 'LUCES DE TECNO by Feid', 'BABY HELLO by Rauw Alejandro', 'CORLEONE by Saiko', 'No_Se_Ve.mp3 by Emilia', 'Casanova by Soolking & Lola Indigo & Rvfv', 'LA CAPI by Myke Towers', 'Los del Espacio by LIT killah', 'Como Camarón by Estopa'}",2,2,0.04,2025-01
2025-01-07,"{'El Cielo by Sky Rompiendo & Feid & Myke Towers', 'No Estuviste En Lo Malo - REMIX by Morad & Beny Jr & DELLAFUENTE', 'Manos Rotas by DELLAFUENTE & Morad', 'Si No Estás by iñigo quintero', 'CLASSY 101 by Feid', 'PERRO NEGRO by Bad Bunny', 'LUNA by Feid', 'Nochentera by Vicco', 'Lollipop by Darell', 'A 300 by JC Reyes & Pedro Calderon & Blacknife', 'Madrid City by Ana Mena', 'El Mambo by Kiko Rivera', 'VAGABUNDO by Sebastian Yatra & Manuel Turizo & Beéle', 'Quien Es Dei V? by Dei V', 'Mi Luz (ft. Rels B) by Rvfv', 'No Te Quieren Conmigo by Gaby Music & Lunay & Luar La L', 'TQMQA by Eladio Carrion', 'lady madrizZz by céro', 'DONDE SE APRENDE A QUERER? by Mora', 'NO PIENSO LLAMAR by Soge Culebra', 'REINA by Mora', 'DILUVIO by Rauw Alejandro', 'MODELITO by Mora', 'El Merengue by Marshmello', 'Columbia by Quevedo', 'POLARIS - Remix by Saiko & Feid & Quevedo', 'SEYA by GIMS', 'Holanda by Jhayco', 'La_Original.mp3 by Emilia', 'SEDA by Bad Bunny', 'Buenas by Quevedo & Saiko', 'LALA by Myke Towers', 'Extasisssssss by Saiko', 'Arena y Sal by Omar Montes & Saiko & Tunvao', 'EL TONTO by Lola Indigo', 'OA by Anuel AA & Quevedo & Maluma', 'MONACO by Bad Bunny', 'LA FALDA by Myke Towers', 'COSAS QUE NO TE DIJE by Saiko', 'QLONA by KAROL G', 'Narcotics (with Bryant Myers) by Dei V & Bryant Myers', 'PUNTO G by Quevedo', 'La Bachata by Manuel Turizo', 'LUCES DE TECNO by Feid', 'BABY HELLO by Rauw Alejandro', 'No_Se_Ve.mp3 by Emilia', 'Casanova by Soolking & Lola Indigo & Rvfv', 'LA CAPI by Myke Towers', 'Los del Espacio by LIT killah', 'Como Camarón by Estopa'}",1,1,0.02,2025-01
2025-01-08,"{'El Cielo by Sky Rompiendo & Feid & Myke Towers', 'No Estuviste En Lo Malo - REMIX by Morad & Beny Jr & DELLAFUENTE', 'Manos Rotas by DELLAFUENTE & Morad', 'Si No Estás by iñigo quintero', 'CLASSY 101 by Feid', 'PERRO NEGRO by Bad Bunny', 'LUNA by Feid', 'Nochentera by Vicco', 'Lollipop by Darell', 'A 300 by JC Reyes & Pedro Calderon & Blacknife', 'Madrid City by Ana Mena', 'El Mambo by Kiko Rivera', 'VAGABUNDO by Sebastian Yatra & Manuel Turizo & Beéle', 'Quien Es Dei V? by Dei V', 'Mi Luz (ft. Rels B) by Rvfv', 'No Te Quieren Conmigo by Gaby Music & Lunay & Luar La L', 'TQMQA by Eladio Carrion', 'lady madrizZz by céro', 'DONDE SE APRENDE A QUERER? by Mora', 'NO PIENSO LLAMAR by Soge Culebra', 'REINA by Mora', 'DILUVIO by Rauw Alejandro', 'MODELITO by Mora', 'El Merengue by Marshmello', 'Columbia by Quevedo', 'POLARIS - Remix by Saiko & Feid & Quevedo', 'SEYA by GIMS', 'Holanda by Jhayco', 'La_Original.mp3 by Emilia', 'SEDA by Bad Bunny', 'Buenas by Quevedo & Saiko', 'LALA by Myke Towers', 'Extasisssssss by Saiko', 'Arena y Sal by Omar Montes & Saiko & Tunvao', 'EL TONTO by Lola Indigo', 'OA by Anuel AA & Quevedo & Maluma', 'MONACO by Bad Bunny', 'LA FALDA by Myke Towers', 'COSAS QUE NO TE DIJE by Saiko', 'QLONA by KAROL G', 'Narcotics (with Bryant Myers) by Dei V & Bryant Myers', 'PUNTO G by Quevedo', 'La Bachata by Manuel Turizo', 'LUCES DE TECNO by Feid', 'BABY HELLO by Rauw Alejandro', 'No_Se_Ve.mp3 by Emilia', 'Casanova by Soolking & Lola Indigo & Rvfv', 'LA CAPI by Myke Towers', 'Los del Espacio by LIT killah', 'Como Camarón by Estopa'}",0,0,0.0,2025-01
2025-01-09,"{'El Cielo by Sky Rompiendo & Feid & Myke Towers', 'No Estuviste En Lo Malo - REMIX by Morad & Beny Jr & DELLAFUENTE', 'Manos Rotas by DELLAFUENTE & Morad', 'Si No Estás by iñigo quintero', 'CLASSY 101 by Feid', 'PERRO NEGRO by Bad Bunny', 'LUNA by Feid', 'Nochentera by Vicco', 'Lollipop by Darell', 'A 300 by JC Reyes & Pedro Calderon & Blacknife', 'Madrid City by Ana Mena', 'El Mambo by Kiko Rivera', 'VAGABUNDO by Sebastian Yatra & Manuel Turizo & Beéle', 'Quien Es Dei V? by Dei V', 'Mi Luz (ft. Rels B) by Rvfv', 'No Te Quieren Conmigo by Gaby Music & Lunay & Luar La L', 'TQMQA by Eladio Carrion', 'lady madrizZz by céro', 'DONDE SE APRENDE A QUERER? by Mora', 'NO PIENSO LLAMAR by Soge Culebra', 'REINA by Mora', 'DILUVIO by Rauw Alejandro', 'MODELITO by Mora', 'El Merengue by Marshmello', 'Columbia by Quevedo', 'POLARIS - Remix by Saiko & Feid & Quevedo', 'SEYA by GIMS', 'Holanda by Jhayco', 'La_Original.mp3 by Emilia', 'SEDA by Bad Bunny', 'Buenas by Quevedo & Saiko', 'LALA by Myke Towers', 'Extasisssssss by Saiko', 'Arena y Sal by Omar Montes & Saiko & Tunvao', 'EL TONTO by Lola Indigo', 'OA by Anuel AA & Quevedo & Maluma', 'MONACO by Bad Bunny', 'LA FALDA by Myke Towers', 'COSAS QUE NO TE DIJE by Saiko', 'QLONA by KAROL G', 'Narcotics (with Bryant Myers) by Dei V & Bryant Myers', 'PUNTO G by Quevedo', 'La Bachata by Manuel Turizo', 'LUCES DE TECNO by Feid', 'BABY HELLO by Rauw Alejandro', 'No_Se_Ve.mp3 by Emilia', 'Casanova by Soolking & Lola Indigo & Rvfv', 'LA CAPI by Myke Towers', 'Los del Espacio by LIT killah', 'Como Camarón by Estopa'}",0,0,0.0,2025-01
2025-01-10,"{'El Cielo by Sky Rompiendo & Feid & Myke Towers', 'No Estuviste En Lo Malo - REMIX by Morad & Beny Jr & DELLAFUENTE', 'Manos Rotas by DELLAFUENTE & Morad', 'Si No Estás by iñigo quintero', 'CLASSY 101 by Feid', 'PERRO NEGRO by Bad Bunny', 'LUNA by Feid', 'Lollipop by Darell', 'A 300 by JC Reyes & Pedro Calderon & Blacknife', 'Madrid City by Ana Mena', 'El Mambo by Kiko Rivera', 'VAGABUNDO by Sebastian Yatra & Manuel Turizo & Beéle', 'Quien Es Dei V? by Dei V', 'Mi Luz (ft. Rels B) by Rvfv', 'No Te Quieren Conmigo by Gaby Music & Lunay & Luar La L', 'TQMQA by Eladio Carrion', 'lady madrizZz by céro', 'DONDE SE APRENDE A QUERER? by Mora', 'NO PIENSO LLAMAR by Soge Culebra', 'REINA by Mora', 'DILUVIO by Rauw Alejandro', 'MODELITO by Mora', 'El Merengue by Marshmello', 'Columbia by Quevedo', 'POLARIS - Remix by Saiko & Feid & Quevedo', 'SEYA by GIMS', 'Holanda by Jhayco', 'La_Original.mp3 by Emilia', 'SEDA by Bad Bunny', 'Buenas by Quevedo & Saiko', 'LALA by Myke Towers', 'Extasisssssss by Saiko', 'Arena y Sal by Omar Montes & Saiko & Tunvao', 'EL TONTO by Lola Indigo', 'OA by Anuel AA & Quevedo & Maluma', 'MONACO by Bad Bunny', 'LA FALDA by Myke Towers', 'COSAS QUE NO TE DIJE by Saiko', 'QLONA by KAROL G', 'Narcotics (with Bryant Myers) by Dei V & Bryant Myers', 'PUNTO G by Quevedo', 'La Bachata by Manuel Turizo', 'LUCES DE TECNO by Feid', 'BABY HELLO by Rauw Alejandro', 'CORLEONE by Saiko', 'No_Se_Ve.mp3 by Emilia', 'Casanova by Soolking & Lola Indigo & Rvfv', 'LA CAPI by Myke Towers', 'Los del Espacio by LIT killah', 'Como Camarón by Estopa'}",1,1,0.02,2025-01
2025-01-11,"{'El Cielo by Sky Rompiendo & Feid & Myke Towers', 'No Estuviste En Lo Malo - REMIX by Morad & Beny Jr & DELLAFUENTE', 'Manos Rotas by DELLAFUENTE & Morad', 'Si No Estás by iñigo quintero', 'CLASSY 101 by Feid', 'PERRO NEGRO by Bad Bunny', 'LUNA by Feid', 'Lollipop by Darell', 'A 300 by JC Reyes & Pedro Calderon & Blacknife', 'Madrid City by Ana Mena', 'El Mambo by Kiko Rivera', 'VAGABUNDO by Sebastian Yatra & Manuel Turizo & Beéle', 'Quien Es Dei V? by Dei V', 'Mi Luz (ft. Rels B) by Rvfv', 'No Te Quieren Conmigo by Gaby Music & Lunay & Luar La L', 'TQMQA by Eladio Carrion', 'lady madrizZz by céro', 'DONDE SE APRENDE A QUERER? by Mora', 'NO PIENSO LLAMAR by Soge Culebra', 'REINA by Mora', 'DILUVIO by Rauw Alejandro', 'MODELITO by Mora', 'El Merengue by Marshmello', 'Columbia by Quevedo', 'POLARIS - Remix by Saiko & Feid & Quevedo', 'SEYA by GIMS', 'Holanda by Jhayco', 'La_Original.mp3 by Emilia', 'SEDA by Bad Bunny', 'Buenas by Quevedo & Saiko', 'LALA by Myke Towers', 'Extasisssssss by Saiko', 'Arena y Sal by Omar Montes & Saiko & Tunvao', 'OA by Anuel AA & Quevedo & Maluma', 'Una Foto Remix (feat. Emilia) by Mesita & Nicki Nicole & Tiago PZK', 'MONACO by Bad Bunny', 'LA FALDA by Myke Towers', 'COSAS QUE NO TE DIJE by Saiko', 'QLONA by KAROL G', 'Narcotics (with Bryant Myers) by Dei V & Bryant Myers', 'PUNTO G by Quevedo', 'La Bachata by Manuel Turizo', 'LUCES DE TECNO by Feid', 'BABY HELLO by Rauw Alejandro', 'CORLEONE by Saiko', 'No_Se_Ve.mp3 by Emilia', 'Casanova by Soolking & Lola Indigo & Rvfv', 'LA CAPI by Myke Towers', 'Los del Espacio by LIT killah', 'Como Camarón by Estopa'}",1,1,0.02,2025-01
2025-01-12,"{'El Cielo by Sky Rompiendo & Feid & Myke Towers', 'No Estuviste En Lo Malo - REMIX by Morad & Beny Jr & DELLAFUENTE', 'Manos Rotas by DELLAFUENTE & Morad', 'Si No Estás by iñigo quintero', 'CLASSY 101 by Feid', 'PERRO NEGRO by Bad Bunny', 'LUNA by Feid', 'Lollipop by Darell', 'A 300 by JC Reyes & Pedro Calderon & Blacknife', 'Madrid City by Ana Mena', 'El Mambo by Kiko Rivera', 'VAGABUNDO by Sebastian Yatra & Manuel Turizo & Beéle', 'Quien Es Dei V? by Dei V', 'Mi Luz (ft. Rels B) by Rvfv', 'No Te Quieren Conmigo by Gaby Music & Lunay & Luar La L', 'TQMQA by Eladio Carrion', 'lady madrizZz by céro', 'DONDE SE APRENDE A QUERER? by Mora', 'NO PIENSO LLAMAR by Soge Culebra', 'REINA by Mora', 'DILUVIO by Rauw Alejandro', 'MODELITO by Mora', 'El Merengue by Marshmello', 'Columbia by Quevedo', 'POLARIS - Remix by Saiko & Feid & Quevedo', 'SEYA by GIMS', 'Holanda by Jhayco', 'La_Original.mp3 by Emilia', 'SEDA by Bad Bunny', 'Buenas by Quevedo & Saiko', 'LALA by Myke Towers', 'Extasisssssss by Saiko', 'Arena y Sal by Omar Montes & Saiko & Tunvao', 'OA by Anuel AA & Quevedo & Maluma', 'Una Foto Remix (feat. Emilia) by Mesita & Nicki Nicole & Tiago PZK', 'MONACO by Bad Bunny', 'LA FALDA by Myke Towers', 'COSAS QUE NO TE DIJE by Saiko', 'QLONA by KAROL G', 'Narcotics (with Bryant Myers) by Dei V & Bryant Myers', 'PUNTO G by Quevedo', 'La Bachata by Manuel Turizo', 'LUCES DE TECNO by Feid', 'BABY HELLO by Rauw Alejandro', 'CORLEONE by Saiko', 'No_Se_Ve.mp3 by Emilia', 'Casanova by Soolking & Lola Indigo & Rvfv', 'LA CAPI by Myke Towers', 'Los del Espacio by LIT killah', 'Como Camarón by Estopa'}",0,0,0.0,2025-01
2025-01-13,"{'El Cielo by Sky Rompiendo & Feid & Myke Towers', 'No Estuviste En Lo Malo - REMIX by Morad & Beny Jr & DELLAFUENTE', 'Manos Rotas by DELLAFUENTE & Morad', 'Si No Estás by iñigo quintero', 'CLASSY 101 by Feid', 'PERRO NEGRO by Bad Bunny', 'LUNA by Feid', 'Lollipop by Darell', 'Young Miko: Bzrp Music Sessions, Vol. 58 by Bizarrap & Young Miko', 'A 300 by JC Reyes & Pedro Calderon & Blacknife', 'Madrid City by Ana Mena', 'El Mambo by Kiko Rivera', 'VAGABUNDO by Sebastian Yatra & Manuel Turizo & Beéle', 'Quien Es Dei V? by Dei V', 'Mi Luz (ft. Rels B) by Rvfv', 'No Te Quieren Conmigo by Gaby Music & Lunay & Luar La L', 'lady madrizZz by céro', 'DONDE SE APRENDE A QUERER? by Mora', 'NO PIENSO LLAMAR by Soge Culebra', 'REINA by Mora', 'DILUVIO by Rauw Alejandro', 'MODELITO by Mora', 'El Merengue by Marshmello', 'Columbia by Quevedo', 'POLARIS - Remix by Saiko & Feid & Quevedo', 'SEYA by GIMS', 'Holanda by Jhayco', 'La_Original.mp3 by Emilia', 'SEDA by Bad Bunny', 'Buenas by Quevedo & Saiko', 'LALA by Myke Towers', 'Extasisssssss by Saiko', 'Arena y Sal by Omar Montes & Saiko & Tunvao', 'OA by Anuel AA & Quevedo & Maluma', 'Una Foto Remix (feat. Emilia) by Mesita & Nicki Nicole & Tiago PZK', 'LA FALDA by Myke Towers', 'COSAS QUE NO TE DIJE by Saiko', 'QLONA by KAROL G', 'Narcotics (with Bryant Myers) by Dei V & Bryant Myers', 'PUNTO G by Quevedo', 'Alucin by Eugenio Esquivel & Grupo Marca Registrada & Sebastian Esquivel', 'La Bachata by Manuel Turizo', 'LUCES DE TECNO by Feid', 'BABY HELLO by Rauw Alejandro', 'CORLEONE by Saiko', 'No_Se_Ve.mp3 by Emilia', 'Casanova by Soolking & Lola Indigo & Rvfv', 'LA CAPI by Myke Towers', 'Los del Espacio by LIT killah', 'Como Camarón by Estopa'}",2,2,0.04,2025-01
2025-01-14,"{'El Cielo by Sky Rompiendo & Feid & Myke Towers', 'No Estuviste En Lo Malo - REMIX by Morad & Beny Jr & DELLAFUENTE', 'Manos Rotas by DELLAFUENTE & Morad', 'Si No Estás by iñigo quintero', 'CLASSY 101 by Feid', 'PERRO NEGRO by Bad Bunny', 'LUNA by Feid', 'Lollipop by Darell', 'Young Miko: Bzrp Music Sessions, Vol. 58 by Bizarrap & Young Miko', 'A 300 by JC Reyes & Pedro Calderon & Blacknife', 'Madrid City by Ana Mena', 'El Mambo by Kiko Rivera', 'VAGABUNDO by Sebastian Yatra & Manuel Turizo & Beéle', 'Quien Es Dei V? by Dei V', 'Mi Luz (ft. Rels B) by Rvfv', 'No Te Quieren Conmigo by Gaby Music & Lunay & Luar La L', 'lady madrizZz by céro', 'DONDE SE APRENDE A QUERER? by Mora', 'NO PIENSO LLAMAR by Soge Culebra', 'REINA by Mora', 'DILUVIO by Rauw Alejandro', 'MODELITO by Mora', 'El Merengue by Marshmello', 'yes, and? by Ariana Grande', 'Columbia by Quevedo', 'POLARIS - Remix by Saiko & Feid & Quevedo', 'SEYA by GIMS', 'Holanda by Jhayco', 'La_Original.mp3 by Emilia', 'SEDA by Bad Bunny', 'Buenas by Quevedo & Saiko', 'LALA by Myke Towers', 'Extasisssssss by Saiko', 'Arena y Sal by Omar Montes & Saiko & Tunvao', 'OA by Anuel AA & Quevedo & Maluma', 'Una Foto Remix (feat. Emilia) by Mesita & Nicki Nicole & Tiago PZK', 'LA FALDA by Myke Towers', 'COSAS QUE NO TE DIJE by Saiko', 'QLONA by KAROL G', 'Narcotics (with Bryant Myers) by Dei V & Bryant Myers', 'Alucin by Eugenio Esquivel & Grupo Marca Registrada & Sebastian Esquivel', 'La Bachata by Manuel Turizo', 'LUCES DE TECNO by Feid', 'BABY HELLO by Rauw Alejandro', 'CORLEONE by Saiko', 'No_Se_Ve.mp3 by Emilia', 'Casanova by Soolking & Lola Indigo & Rvfv', 'LA CAPI by Myke Towers', 'Los del Espacio by LIT killah', 'Como Camarón by Estopa'}",1,1,0.02,2025-01
2025-01-15,"{'El Cielo by Sky Rompiendo & Feid & Myke Towers', 'No Estuviste En Lo Malo - REMIX by Morad & Beny Jr & DELLAFUENTE', 'Manos Rotas by DELLAFUENTE & Morad', 'Si No Estás by iñigo quintero', 'CLASSY 101 by Feid', 'PERRO NEGRO by Bad Bunny', 'LUNA by Feid', 'Lollipop by Darell', 'Young Miko: Bzrp Music Sessions, Vol. 58 by Bizarrap & Young Miko', 'A 300 by JC Reyes & Pedro Calderon & Blacknife', 'Madrid City by Ana Mena', 'El Mambo by Kiko Rivera', 'VAGABUNDO by Sebastian Yatra & Manuel Turizo & Beéle', 'Quien Es Dei V? by Dei V', 'Mi Luz (ft. Rels B) by Rvfv', 'No Te Quieren Conmigo by Gaby Music & Lunay & Luar La L', 'lady madrizZz by céro', 'DONDE SE APRENDE A QUERER? by Mora', 'NO PIENSO LLAMAR by Soge Culebra', 'REINA by Mora', 'DILUVIO by Rauw Alejandro', 'MODELITO by Mora', 'El Merengue by Marshmello', 'yes, and? by Ariana Grande', 'Columbia by Quevedo', 'POLARIS - Remix by Saiko & Feid & Quevedo', 'SEYA by GIMS', 'Holanda by Jhayco', 'La_Original.mp3 by Emilia', 'SEDA by Bad Bunny', 'Buenas by Quevedo & Saiko', 'LALA by Myke Towers', 'Extasisssssss by Saiko', 'Arena y Sal by Omar Montes & Saiko & Tunvao', 'OA by Anuel AA & Quevedo & Maluma', 'Una Foto Remix (feat. Emilia) by Mesita & Nicki Nicole & Tiago PZK', 'LA FALDA by Myke Towers', 'COSAS QUE NO TE DIJE by Saiko', 'QLONA by KAROL G', 'Narcotics (with Bryant Myers) by Dei V & Bryant Myers', 'Alucin by Eugenio Esquivel & Grupo Marca Registrada & Sebastian Esquivel', 'La Bachata by Manuel Turizo', 'LUCES DE TECNO by Feid', 'BABY HELLO by Rauw Alejandro', 'CORLEONE by Saiko', 'No_Se_Ve.mp3 by Emilia', 'Casanova by Soolking & Lola Indigo & Rvfv', 'LA CAPI by Myke Towers', 'Los del Espacio by LIT killah', 'Como Camarón by Estopa'}",0,0,0.0,2025-01
2025-01-16,"{'El Cielo by Sky Rompiendo & Feid & Myke Towers', 'No Estuviste En Lo Malo - REMIX by Morad & Beny Jr & DELLAFUENTE', 'Manos Rotas by DELLAFUENTE & Morad', 'Si No Estás by iñigo quintero', 'CLASSY 101 by Feid', 'PERRO NEGRO by Bad Bunny', 'CHULA by JC Reyes', 'LUNA by Feid', 'Lollipop by Darell', 'Young Miko: Bzrp Music Sessions, Vol. 58 by Bizarrap & Young Miko', 'A 300 by JC Reyes & Pedro Calderon & Blacknife', 'Madrid City by Ana Mena', 'El Mambo by Kiko Rivera', 'VAGABUNDO by Sebastian Yatra & Manuel Turizo & Beéle', 'Quien Es Dei V? by Dei V', 'Mi Luz (ft. Rels B) by Rvfv', 'No Te Quieren Conmigo by Gaby Music & Lunay & Luar La L', 'lady madrizZz by céro', 'DONDE SE APRENDE A QUERER? by Mora', 'NO PIENSO LLAMAR by Soge Culebra', 'REINA by Mora', 'DILUVIO by Rauw Alejandro', 'MODELITO by Mora', 'El Merengue by Marshmello', 'yes, and? by Ariana Grande', 'Columbia by Quevedo', 'POLARIS - Remix by Saiko & Feid & Quevedo', 'SEYA by GIMS', 'Holanda by Jhayco', 'La_Original.mp3 by Emilia', 'SEDA by Bad Bunny', 'Buenas by Quevedo & Saiko', 'LALA by Myke Towers', 'Extasisssssss by Saiko', 'Arena y Sal by Omar Montes & Saiko & Tunvao', 'OA by Anuel AA & Quevedo & Maluma', 'Una Foto Remix (feat. Emilia) by Mesita & Nicki Nicole & Tiago PZK', 'LA FALDA by Myke Towers', 'COSAS QUE NO TE DIJE by Saiko', 'QLONA by KAROL G', 'Narcotics (with Bryant Myers) by Dei V & Bryant Myers', 'Alucin by Eugenio Esquivel & Grupo Marca Registrada & Sebastian Esquivel', 'La Bachata by Manuel Turizo', 'LUCES DE TECNO by Feid', 'BABY HELLO by Rauw Alejandro', 'No_Se_Ve.mp3 by Emilia', 'Casanova by Soolking & Lola Indigo & Rvfv', 'LA CAPI by Myke Towers', 'Los del Espacio by LIT killah', 'Como Camarón by Estopa'}",1,1,0.02,2025-01
2025-01-17,"{'El Cielo by Sky Rompiendo & Feid & Myke Towers', 'No Estuviste En Lo Malo - REMIX by Morad & Beny Jr & DELLAFUENTE', 'Manos Rotas by DELLAFUENTE & Morad', 'Si No Estás by iñigo quintero', 'CLASSY 101 by Feid', 'PERRO NEGRO by Bad Bunny', 'CHULA by JC Reyes', 'LUNA by Feid', 'Lollipop by Darell', 'Young Miko: Bzrp Music Sessions, Vol. 58 by Bizarrap & Young Miko', 'A 300 by JC Reyes & Pedro Calderon & Blacknife', 'Madrid City by Ana Mena', 'El Mambo by Kiko Rivera', 'VAGABUNDO by Sebastian Yatra & Manuel Turizo & Beéle', 'Quien Es Dei V? by Dei V', 'Mi Luz (ft. Rels B) by Rvfv', 'M.A.I by Milo j', 'No Te Quieren Conmigo by Gaby Music & Lunay & Luar La L', 'lady madrizZz by céro', 'DONDE SE APRENDE A QUERER? by Mora', 'NO PIENSO LLAMAR by Soge Culebra', 'REINA by Mora', 'DILUVIO by Rauw Alejandro', 'MODELITO by Mora', 'El Merengue by Marshmello', 'yes, and? by Ariana Grande', 'Columbia by Quevedo', 'POLARIS - Remix by Saiko & Feid & Quevedo', 'SEYA by GIMS', 'Holanda by Jhayco', 'La_Original.mp3 by Emilia', 'SEDA by Bad Bunny', 'Buenas by Quevedo & Saiko', 'LALA by Myke Towers', 'Extasisssssss by Saiko', 'Arena y Sal by Omar Montes & Saiko & Tunvao', 'OA by Anuel AA & Quevedo & Maluma', 'Una Foto Remix (feat. Emilia) by Mesita & Nicki Nicole & Tiago PZK', 'LA FALDA by Myke Towers', 'COSAS QUE NO TE DIJE by Saiko', 'QLONA by KAROL G', 'Narcotics (with Bryant Myers) by Dei V & Bryant Myers', 'Alucin by Eugenio Esquivel & Grupo Marca Registrada & Sebastian Esquivel', 'La Bachata by Manuel Turizo', 'LUCES DE TECNO by Feid', 'BABY HELLO by Rauw Alejandro', 'No_Se_Ve.mp3 by Emilia', 'Casanova by Soolking & Lola Indigo & Rvfv', 'LA CAPI by Myke Towers', 'Los del Espacio by LIT killah'}",1,1,0.02,2025-01
2025-01-18,"{'El Cielo by Sky Rompiendo & Feid & Myke Towers', 'No Estuviste En Lo Malo - REMIX by Morad & Beny Jr & DELLAFUENTE', 'Manos Rotas by DELLAFUENTE & Morad', 'Si No Estás by iñigo quintero', 'PERRO NEGRO by Bad Bunny', 'CHULA by JC Reyes', 'LUNA by Feid', 'Young Miko: Bzrp Music Sessions, Vol. 58 by Bizarrap & Young Miko', 'A 300 by JC Reyes & Pedro Calderon & Blacknife', 'Madrid City by Ana Mena', 'El Mambo by Kiko Rivera', 'VAGABUNDO by Sebastian Yatra & Manuel Turizo & Beéle', 'Quien Es Dei V? by Dei V', 'Mi Luz (ft. Rels B) by Rvfv', 'M.A.I by Milo j', 'No Te Quieren Conmigo by Gaby Music & Lunay & Luar La L', 'lady madrizZz by céro', 'DONDE SE APRENDE A QUERER? by Mora', 'NO PIENSO LLAMAR by Soge Culebra', 'REINA by Mora', 'DILUVIO by Rauw Alejandro', 'MODELITO by Mora', 'El Merengue by Marshmello', 'yes, and? by Ariana Grande', 'Columbia by Quevedo', 'POLARIS - Remix by Saiko & Feid & Quevedo', 'SEYA by GIMS', 'Holanda by Jhayco', 'La_Original.mp3 by Emilia', 'SEDA by Bad Bunny', 'Buenas by Quevedo & Saiko', 'LALA by Myke Towers', 'Extasisssssss by Saiko', 'Arena y Sal by Omar Montes & Saiko & Tunvao', 'OA by Anuel AA & Quevedo & Maluma', 'Una Foto Remix (feat. Emilia) by Mesita & Nicki Nicole & Tiago PZK', 'Japoni (feat. Camin, Moncho Chavea, Jthyago & Samueliyo Baby) by Oscar el Ruso & Samuel G & Omar Montes', 'LA FALDA by Myke Towers', 'Ptazeta: Bzrp Music Sessions, Vol. 45 by Paul Thin & RUSLANA', 'COSAS QUE NO TE DIJE by Saiko', 'QLONA by KAROL G', 'Narcotics (with Bryant Myers) by Dei V & Bryant Myers', 'Alucin by Eugenio Esquivel & Grupo Marca Registrada & Sebastian Esquivel', 'La Bachata by Manuel Turizo', 'LUCES DE TECNO by Feid', 'BABY HELLO by Rauw Alejandro', 'No_Se_Ve.mp3 by Emilia', 'Casanova by Soolking & Lola Indigo & Rvfv', 'LA CAPI by Myke Towers', 'Los del Espacio by LIT killah'}",2,2,0.04,2025-01
2025-01-19,"{'El Cielo by Sky Rompiendo & Feid & Myke Towers', 'No Estuviste En Lo Malo - REMIX by Morad & Beny Jr & DELLAFUENTE', 'Manos Rotas by DELLAFUENTE & Morad', 'Si No Estás by iñigo quintero', 'PERRO NEGRO by Bad Bunny', 'CHULA by JC Reyes', 'LUNA by Feid', 'Young Miko: Bzrp Music Sessions, Vol. 58 by Bizarrap & Young Miko', 'A 300 by JC Reyes & Pedro Calderon & Blacknife', 'Madrid City by Ana Mena', 'El Mambo by Kiko Rivera', 'VAGABUNDO by Sebastian Yatra & Manuel Turizo & Beéle', 'Quien Es Dei V? by Dei V', 'Mi Luz (ft. Rels B) by Rvfv', 'M.A.I by Milo j', 'No Te Quieren Conmigo by Gaby Music & Lunay & Luar La L', 'lady madrizZz by céro', 'DONDE SE APRENDE A QUERER? by Mora', 'NO PIENSO LLAMAR by Soge Culebra', 'REINA by Mora', 'DILUVIO by Rauw Alejandro', 'MODELITO by Mora', 'El Merengue by Marshmello', 'yes, and? by Ariana Grande', 'Columbia by Quevedo', 'POLARIS - Remix by Saiko & Feid & Quevedo', 'SEYA by GIMS', 'Holanda by Jhayco', 'La_Original.mp3 by Emilia', 'SEDA by Bad Bunny', 'Buenas by Quevedo & Saiko', 'LALA by Myke Towers', 'Extasisssssss by Saiko', 'Arena y Sal by Omar Montes & Saiko & Tunvao', 'OA by Anuel AA & Quevedo & Maluma', 'Una Foto Remix (feat. Emilia) by Mesita & Nicki Nicole & Tiago PZK', 'Japoni (feat. Camin, Moncho Chavea, Jthyago & Samueliyo Baby) by Oscar el Ruso & Samuel G & Omar Montes', 'LA FALDA by Myke Towers', 'Ptazeta: Bzrp Music Sessions, Vol. 45 by Paul Thin & RUSLANA', 'COSAS QUE NO TE DIJE by Saiko', 'QLONA by KAROL G', 'Narcotics (with Bryant Myers) by Dei V & Bryant Myers', 'Alucin by Eugenio Esquivel & Grupo Marca Registrada & Sebastian Esquivel', 'La Bachata by Manuel Turizo', 'LUCES DE TECNO by Feid', 'BABY HELLO by Rauw Alejandro', 'No_Se_Ve.mp3 by Emilia', 'Casanova by Soolking & Lola Indigo & Rvfv', 'LA CAPI by Myke Towers', 'Los del Espacio by LIT killah'}",0,0,0.0,2025-01
2025-01-20,"{'El Cielo by Sky Rompiendo & Feid & Myke Towers', 'No Estuviste En Lo Malo - REMIX by Morad & Beny Jr & DELLAFUENTE', 'Manos Rotas by DELLAFUENTE & Morad', 'Si No Estás by iñigo quintero', 'PERRO NEGRO by Bad Bunny', 'CHULA by JC Reyes', 'LUNA by Feid', 'Young Miko: Bzrp Music Sessions, Vol. 58 by Bizarrap & Young Miko', 'A 300 by JC Reyes & Pedro Calderon & Blacknife', 'Madrid City by Ana Mena', 'El Mambo by Kiko Rivera', 'VAGABUNDO by Sebastian Yatra & Manuel Turizo & Beéle', 'Quien Es Dei V? by Dei V', 'Mi Luz (ft. Rels B) by Rvfv', 'M.A.I by Milo j', 'No Te Quieren Conmigo by Gaby Music & Lunay & Luar La L', 'lady madrizZz by céro', 'DONDE SE APRENDE A QUERER? by Mora', 'NO PIENSO LLAMAR by Soge Culebra', 'REINA by Mora', 'DILUVIO by Rauw Alejandro', 'MODELITO by Mora', 'El Merengue by Marshmello', 'yes, and? by Ariana Grande', 'Columbia by Quevedo', 'POLARIS - Remix by Saiko & Feid & Quevedo', 'SEYA by GIMS', 'Holanda by Jhayco', 'La_Original.mp3 by Emilia', 'SEDA by Bad Bunny', 'Buenas by Quevedo & Saiko', 'LALA by Myke Towers', 'Extasisssssss by Saiko', 'Arena y Sal by Omar Montes & Saiko & Tunvao', 'OA by Anuel AA & Quevedo & Maluma', 'Una Foto Remix (feat. Emilia) by Mesita & Nicki Nicole & Tiago PZK', 'ASI ES LA VIDA by Enrique Iglesias & Maria Becerra', 'Japoni (feat. Camin, Moncho Chavea, Jthyago & Samueliyo Baby) by Oscar el Ruso & Samuel G & Omar Montes', 'LA FALDA by Myke Towers', 'COSAS QUE NO TE DIJE by Saiko', 'QLONA by KAROL G', 'Narcotics (with Bryant Myers) by Dei V & Bryant Myers', 'Alucin by Eugenio Esquivel & Grupo Marca Registrada & Sebastian Esquivel', 'La Bachata by Manuel Turizo', 'LUCES DE TECNO by Feid', 'BABY HELLO by Rauw Alejandro', 'No_Se_Ve.mp3 by Emilia', 'Casanova by Soolking & Lola Indigo & Rvfv', 'LA CAPI by Myke Towers', 'Los del Espacio by LIT killah'}",1,1,0.02,2025-01
2025-01-21,"{'Fé, Cojones y Paciencia by Eladio Carrion', 'Manos Rotas by DELLAFUENTE & Morad', 'Si No Estás by iñigo quintero', 'PERRO NEGRO by Bad Bunny', 'LUNA by Feid', 'Young Miko: Bzrp Music Sessions, Vol. 58 by Bizarrap & Young Miko', 'Tanta Droga by Eladio Carrion', 'Hey Lil Mama by Eladio Carrion', 'A 300 by JC Reyes & Pedro Calderon & Blacknife', 'Madrid City by Ana Mena', 'El Mambo by Kiko Rivera', 'Quien Es Dei V? by Dei V', ""Sigo Enamorau' by Eladio Carrion"", 'M.A.I by Milo j', 'No Te Quieren Conmigo by Gaby Music & Lunay & Luar La L', 'TQMQA by Eladio Carrion', 'lady madrizZz by céro', 'Bendecido by Eladio Carrion', ""Mama's Boy by Eladio Carrion"", 'NO PIENSO LLAMAR by Soge Culebra', 'Sonrisa by Eladio Carrion', 'REINA by Mora', 'DILUVIO by Rauw Alejandro', 'MODELITO by Mora', 'Mencionar by Eladio Carrion', 'Columbia by Quevedo', 'POLARIS - Remix by Saiko & Feid & Quevedo', 'SEYA by GIMS', 'Todo Lit by Eladio Carrion', 'La Canción Feliz Del Disco by Eladio Carrion', 'La_Original.mp3 by Emilia', 'Buenas by Quevedo & Saiko', 'LALA by Myke Towers', 'Extasisssssss by Saiko', 'El Malo by Eladio Carrion', 'Luchas Mentales by Eladio Carrion', 'OA by Anuel AA & Quevedo & Maluma', 'Una Foto Remix (feat. Emilia) by Mesita & Nicki Nicole & Tiago PZK', 'LA FALDA by Myke Towers', 'Tranquila Baby by Eladio Carrion', 'COSAS QUE NO TE DIJE by Saiko', 'QLONA by KAROL G', 'Narcotics (with Bryant Myers) by Dei V & Bryant Myers', 'RKO by Eladio Carrion', 'La Bachata by Manuel Turizo', 'LUCES DE TECNO by Feid', 'BABY HELLO by Rauw Alejandro', 'Tu Ritmo by Eladio Carrion', 'Casanova by Soolking & Lola Indigo & Rvfv', 'LA CAPI by Myke Towers'}",16,16,0.32,2025-01
2025-01-22,"{'El Cielo by Sky Rompiendo & Feid & Myke Towers', 'No Estuviste En Lo Malo - REMIX by Morad & Beny Jr & DELLAFUENTE', 'Manos Rotas by DELLAFUENTE & Morad', 'Si No Estás by iñigo quintero', 'PERRO NEGRO by Bad Bunny', 'LUNA by Feid', 'Young Miko: Bzrp Music Sessions, Vol. 58 by Bizarrap & Young Miko', 'Hey Lil Mama by Eladio Carrion', 'A 300 by JC Reyes & Pedro Calderon & Blacknife', 'Madrid City by Ana Mena', 'El Mambo by Kiko Rivera', 'VAGABUNDO by Sebastian Yatra & Manuel Turizo & Beéle', 'Quien Es Dei V? by Dei V', 'M.A.I by Milo j', 'No Te Quieren Conmigo by Gaby Music & Lunay & Luar La L', 'TQMQA by Eladio Carrion', 'lady madrizZz by céro', 'Bendecido by Eladio Carrion', 'NO PIENSO LLAMAR by Soge Culebra', 'REINA by Mora', 'DILUVIO by Rauw Alejandro', 'MODELITO by Mora', 'El Merengue by Marshmello', 'Columbia by Quevedo', 'POLARIS - Remix by Saiko & Feid & Quevedo', 'SEYA by GIMS', 'Holanda by Jhayco', 'La Canción Feliz Del Disco by Eladio Carrion', 'La_Original.mp3 by Emilia', 'SEDA by Bad Bunny', 'Buenas by Quevedo & Saiko', 'LALA by Myke Towers', 'Extasisssssss by Saiko', 'El Malo by Eladio Carrion', 'OA by Anuel AA & Quevedo & Maluma', 'Una Foto Remix (feat. Emilia) by Mesita & Nicki Nicole & Tiago PZK', 'ASI ES LA VIDA by Enrique Iglesias & Maria Becerra', 'Japoni (feat. Camin, Moncho Chavea, Jthyago & Samueliyo Baby) by Oscar el Ruso & Samuel G & Omar Montes', 'LA FALDA by Myke Towers', 'COSAS QUE NO TE DIJE by Saiko', 'QLONA by KAROL G', 'Narcotics (with Bryant Myers) by Dei V & Bryant Myers', 'RKO by Eladio Carrion', 'Alucin by Eugenio Esquivel & Grupo Marca Registrada & Sebastian Esquivel', 'La Bachata by Manuel Turizo', 'LUCES DE TECNO by Feid', 'BABY HELLO by Rauw Alejandro', 'Casanova by Soolking & Lola Indigo & Rvfv', 'LA CAPI by Myke Towers', 'Los del Espacio by LIT killah'}",10,10,0.2,2025-01
2025-01-23,"{'El Cielo by Sky Rompiendo & Feid & Myke Towers', 'No Estuviste En Lo Malo - REMIX by Morad & Beny Jr & DELLAFUENTE', 'Manos Rotas by DELLAFUENTE & Morad', 'Si No Estás by iñigo quintero', 'PERRO NEGRO by Bad Bunny', 'LUNA by Feid', 'Young Miko: Bzrp Music Sessions, Vol. 58 by Bizarrap & Young Miko', 'Hey Lil Mama by Eladio Carrion', 'A 300 by JC Reyes & Pedro Calderon & Blacknife', 'Madrid City by Ana Mena', 'El Mambo by Kiko Rivera', 'VAGABUNDO by Sebastian Yatra & Manuel Turizo & Beéle', 'Quien Es Dei V? by Dei V', 'M.A.I by Milo j', 'No Te Quieren Conmigo by Gaby Music & Lunay & Luar La L', 'TQMQA by Eladio Carrion', 'lady madrizZz by céro', 'Bendecido by Eladio Carrion', 'DONDE SE APRENDE A QUERER? by Mora', 'NO PIENSO LLAMAR by Soge Culebra', 'REINA by Mora', 'DILUVIO by Rauw Alejandro', 'MODELITO by Mora', 'El Merengue by Marshmello', 'Columbia by Quevedo', 'POLARIS - Remix by Saiko & Feid & Quevedo', 'SEYA by GIMS', 'Holanda by Jhayco', 'La Canción Feliz Del Disco by Eladio Carrion', 'La_Original.mp3 by Emilia', 'SEDA by Bad Bunny', 'Buenas by Quevedo & Saiko', 'LALA by Myke Towers', 'Extasisssssss by Saiko', 'El Malo by Eladio Carrion', 'OA by Anuel AA & Quevedo & Maluma', 'Una Foto Remix (feat. Emilia) by Mesita & Nicki Nicole & Tiago PZK', 'Japoni (feat. Camin, Moncho Chavea, Jthyago & Samueliyo Baby) by Oscar el Ruso & Samuel G & Omar Montes', 'LA FALDA by Myke Towers', 'COSAS QUE NO TE DIJE by Saiko', 'QLONA by KAROL G', 'Narcotics (with Bryant Myers) by Dei V & Bryant Myers', 'RKO by Eladio Carrion', 'Alucin by Eugenio Esquivel & Grupo Marca Registrada & Sebastian Esquivel', 'La Bachata by Manuel Turizo', 'LUCES DE TECNO by Feid', 'BABY HELLO by Rauw Alejandro', 'Casanova by Soolking & Lola Indigo & Rvfv', 'LA CAPI by Myke Towers', 'Los del Espacio by LIT killah'}",1,1,0.02,2025-01
2025-01-24,"{'El Cielo by Sky Rompiendo & Feid & Myke Towers', 'No Estuviste En Lo Malo - REMIX by Morad & Beny Jr & DELLAFUENTE', 'Manos Rotas by DELLAFUENTE & Morad', 'Si No Estás by iñigo quintero', 'PERRO NEGRO by Bad Bunny', 'LUNA by Feid', 'Young Miko: Bzrp Music Sessions, Vol. 58 by Bizarrap & Young Miko', 'Hey Lil Mama by Eladio Carrion', 'A 300 by JC Reyes & Pedro Calderon & Blacknife', 'Madrid City by Ana Mena', 'El Mambo by Kiko Rivera', 'VAGABUNDO by Sebastian Yatra & Manuel Turizo & Beéle', 'Quien Es Dei V? by Dei V', 'M.A.I by Milo j', 'No Te Quieren Conmigo by Gaby Music & Lunay & Luar La L', 'TQMQA by Eladio Carrion', 'lady madrizZz by céro', 'Bendecido by Eladio Carrion', 'NO PIENSO LLAMAR by Soge Culebra', 'REINA by Mora', 'DILUVIO by Rauw Alejandro', 'MODELITO by Mora', 'El Merengue by Marshmello', 'Columbia by Quevedo', 'POLARIS - Remix by Saiko & Feid & Quevedo', 'SEYA by GIMS', 'Holanda by Jhayco', 'La Canción Feliz Del Disco by Eladio Carrion', 'La_Original.mp3 by Emilia', 'SEDA by Bad Bunny', 'Buenas by Quevedo & Saiko', 'LALA by Myke Towers', 'Extasisssssss by Saiko', 'El Malo by Eladio Carrion', 'OA by Anuel AA & Quevedo & Maluma', 'Una Foto Remix (feat. Emilia) by Mesita & Nicki Nicole & Tiago PZK', 'ASI ES LA VIDA by Enrique Iglesias & Maria Becerra', 'Japoni (feat. Camin, Moncho Chavea, Jthyago & Samueliyo Baby) by Oscar el Ruso & Samuel G & Omar Montes', 'LA FALDA by Myke Towers', 'COSAS QUE NO TE DIJE by Saiko', 'QLONA by KAROL G', 'Narcotics (with Bryant Myers) by Dei V & Bryant Myers', 'RKO by Eladio Carrion', 'Alucin by Eugenio Esquivel & Grupo Marca Registrada & Sebastian Esquivel', 'La Bachata by Manuel Turizo', 'LUCES DE TECNO by Feid', 'BABY HELLO by Rauw Alejandro', 'Casanova by Soolking & Lola Indigo & Rvfv', 'LA CAPI by Myke Towers', 'Los del Espacio by LIT killah'}",1,1,0.02,2025-01
2025-01-25,"{'El Cielo by Sky Rompiendo & Feid & Myke Towers', 'No Estuviste En Lo Malo - REMIX by Morad & Beny Jr & DELLAFUENTE', 'Manos Rotas by DELLAFUENTE & Morad', 'Si No Estás by iñigo quintero', 'PERRO NEGRO by Bad Bunny', 'LUNA by Feid', 'Young Miko: Bzrp Music Sessions, Vol. 58 by Bizarrap & Young Miko', 'Hey Lil Mama by Eladio Carrion', 'A 300 by JC Reyes & Pedro Calderon & Blacknife', 'Madrid City by Ana Mena', 'El Mambo by Kiko Rivera', 'VAGABUNDO by Sebastian Yatra & Manuel Turizo & Beéle', 'La Gata Bajo La Lluvia by Naiara', 'Quien Es Dei V? by Dei V', 'M.A.I by Milo j', 'No Te Quieren Conmigo by Gaby Music & Lunay & Luar La L', 'TQMQA by Eladio Carrion', 'lady madrizZz by céro', 'Bendecido by Eladio Carrion', 'DONDE SE APRENDE A QUERER? by Mora', 'NO PIENSO LLAMAR by Soge Culebra', 'REINA by Mora', 'DILUVIO by Rauw Alejandro', 'MODELITO by Mora', 'Columbia by Quevedo', 'POLARIS - Remix by Saiko & Feid & Quevedo', 'SEYA by GIMS', 'Holanda by Jhayco', 'La_Original.mp3 by Emilia', 'SEDA by Bad Bunny', 'Buenas by Quevedo & Saiko', 'LALA by Myke Towers', 'Extasisssssss by Saiko', 'El Malo by Eladio Carrion', 'OA by Anuel AA & Quevedo & Maluma', 'Una Foto Remix (feat. Emilia) by Mesita & Nicki Nicole & Tiago PZK', 'Escriurem by Chiara Oliver & Martin Urrutia', 'ASI ES LA VIDA by Enrique Iglesias & Maria Becerra', 'Japoni (feat. Camin, Moncho Chavea, Jthyago & Samueliyo Baby) by Oscar el Ruso & Samuel G & Omar Montes', 'LA FALDA by Myke Towers', 'COSAS QUE NO TE DIJE by Saiko', 'QLONA by KAROL G', 'Narcotics (with Bryant Myers) by Dei V & Bryant Myers', 'Alucin by Eugenio Esquivel & Grupo Marca Registrada & Sebastian Esquivel', 'La Bachata by Manuel Turizo', 'LUCES DE TECNO by Feid', 'BABY HELLO by Rauw Alejandro', 'Casanova by Soolking & Lola Indigo & Rvfv', 'LA CAPI by Myke Towers', 'Los del Espacio by LIT killah'}",3,3,0.06,2025-01
2025-01-26,"{'El Cielo by Sky Rompiendo & Feid & Myke Towers', 'No Estuviste En Lo Malo - REMIX by Morad & Beny Jr & DELLAFUENTE', 'Manos Rotas by DELLAFUENTE & Morad', 'Si No Estás by iñigo quintero', 'PERRO NEGRO by Bad Bunny', 'LUNA by Feid', 'Young Miko: Bzrp Music Sessions, Vol. 58 by Bizarrap & Young Miko', 'Hey Lil Mama by Eladio Carrion', 'A 300 by JC Reyes & Pedro Calderon & Blacknife', 'Madrid City by Ana Mena', 'El Mambo by Kiko Rivera', 'VAGABUNDO by Sebastian Yatra & Manuel Turizo & Beéle', 'Quien Es Dei V? by Dei V', 'Mi Luz (ft. Rels B) by Rvfv', 'M.A.I by Milo j', 'No Te Quieren Conmigo by Gaby Music & Lunay & Luar La L', 'TQMQA by Eladio Carrion', 'lady madrizZz by céro', 'Bendecido by Eladio Carrion', 'DONDE SE APRENDE A QUERER? by Mora', 'NO PIENSO LLAMAR by Soge Culebra', 'REINA by Mora', 'DILUVIO by Rauw Alejandro', 'MODELITO by Mora', 'Columbia by Quevedo', 'POLARIS - Remix by Saiko & Feid & Quevedo', 'SEYA by GIMS', 'Holanda by Jhayco', 'Corazón Roto pt. 3 by Brray & Anuel AA & Chencho Corleone', 'La_Original.mp3 by Emilia', 'SEDA by Bad Bunny', 'Buenas by Quevedo & Saiko', 'LALA by Myke Towers', 'Extasisssssss by Saiko', 'El Malo by Eladio Carrion', 'OA by Anuel AA & Quevedo & Maluma', 'Una Foto Remix (feat. Emilia) by Mesita & Nicki Nicole & Tiago PZK', 'ASI ES LA VIDA by Enrique Iglesias & Maria Becerra', 'Japoni (feat. Camin, Moncho Chavea, Jthyago & Samueliyo Baby) by Oscar el Ruso & Samuel G & Omar Montes', 'LA FALDA by Myke Towers', 'COSAS QUE NO TE DIJE by Saiko', 'QLONA by KAROL G', 'Narcotics (with Bryant Myers) by Dei V & Bryant Myers', 'Alucin by Eugenio Esquivel & Grupo Marca Registrada & Sebastian Esquivel', 'La Bachata by Manuel Turizo', 'LUCES DE TECNO by Feid', 'BABY HELLO by Rauw Alejandro', 'Casanova by Soolking & Lola Indigo & Rvfv', 'LA CAPI by Myke Towers', 'Los del Espacio by LIT killah'}",2,2,0.04,2025-01
2025-01-27,"{'El Cielo by Sky Rompiendo & Feid & Myke Towers', 'No Estuviste En Lo Malo - REMIX by Morad & Beny Jr & DELLAFUENTE', 'Manos Rotas by DELLAFUENTE & Morad', 'Si No Estás by iñigo quintero', 'PERRO NEGRO by Bad Bunny', 'LUNA by Feid', 'Young Miko: Bzrp Music Sessions, Vol. 58 by Bizarrap & Young Miko', 'Hey Lil Mama by Eladio Carrion', 'A 300 by JC Reyes & Pedro Calderon & Blacknife', 'Madrid City by Ana Mena', 'El Mambo by Kiko Rivera', 'VAGABUNDO by Sebastian Yatra & Manuel Turizo & Beéle', 'Quien Es Dei V? by Dei V', 'Mi Luz (ft. Rels B) by Rvfv', 'M.A.I by Milo j', 'No Te Quieren Conmigo by Gaby Music & Lunay & Luar La L', 'lady madrizZz by céro', 'DONDE SE APRENDE A QUERER? by Mora', 'NO PIENSO LLAMAR by Soge Culebra', 'REINA by Mora', 'DILUVIO by Rauw Alejandro', 'MODELITO by Mora', 'El Merengue by Marshmello', 'Columbia by Quevedo', 'POLARIS - Remix by Saiko & Feid & Quevedo', 'SEYA by GIMS', 'Holanda by Jhayco', 'Corazón Roto pt. 3 by Brray & Anuel AA & Chencho Corleone', 'La_Original.mp3 by Emilia', 'SEDA by Bad Bunny', 'Buenas by Quevedo & Saiko', 'LALA by Myke Towers', 'Extasisssssss by Saiko', 'El Malo by Eladio Carrion', 'OA by Anuel AA & Quevedo & Maluma', 'Una Foto Remix (feat. Emilia) by Mesita & Nicki Nicole & Tiago PZK', 'ASI ES LA VIDA by Enrique Iglesias & Maria Becerra', 'Japoni (feat. Camin, Moncho Chavea, Jthyago & Samueliyo Baby) by Oscar el Ruso & Samuel G & Omar Montes', 'LA FALDA by Myke Towers', 'COSAS QUE NO TE DIJE by Saiko', 'QLONA by KAROL G', 'Narcotics (with Bryant Myers) by Dei V & Bryant Myers', 'Alucin by Eugenio Esquivel & Grupo Marca Registrada & Sebastian Esquivel', 'La Bachata by Manuel Turizo', 'LUCES DE TECNO by Feid', 'BABY HELLO by Rauw Alejandro', 'No_Se_Ve.mp3 by Emilia', 'Casanova by Soolking & Lola Indigo & Rvfv', 'LA CAPI by Myke Towers', 'Los del Espacio by LIT killah'}",2,2,0.04,2025-01
2025-01-28,"{'El Cielo by Sky Rompiendo & Feid & Myke Towers', 'Si No Estás by iñigo quintero', 'Manos Rotas by DELLAFUENTE & Morad', 'PERRO NEGRO by Bad Bunny', 'LUNA by Feid', 'Young Miko: Bzrp Music Sessions, Vol. 58 by Bizarrap & Young Miko', 'Hey Lil Mama by Eladio Carrion', 'A 300 by JC Reyes & Pedro Calderon & Blacknife', 'Madrid City by Ana Mena', 'El Mambo by Kiko Rivera', 'VAGABUNDO by Sebastian Yatra & Manuel Turizo & Beéle', 'Quien Es Dei V? by Dei V', 'Mi Luz (ft. Rels B) by Rvfv', 'M.A.I by Milo j', 'No Te Quieren Conmigo by Gaby Music & Lunay & Luar La L', 'lady madrizZz by céro', 'NO PIENSO LLAMAR by Soge Culebra', 'REINA by Mora', 'DILUVIO by Rauw Alejandro', 'MODELITO by Mora', 'El Merengue by Marshmello', 'Columbia by Quevedo', 'POLARIS - Remix by Saiko & Feid & Quevedo', 'SEYA by GIMS', 'Holanda by Jhayco', 'Corazón Roto pt. 3 by Brray & Anuel AA & Chencho Corleone', 'La_Original.mp3 by Emilia', 'SEDA by Bad Bunny', 'Perdió Este Culo by Bad Gyal', 'Buenas by Quevedo & Saiko', 'LALA by Myke Towers', 'Extasisssssss by Saiko', 'El Malo by Eladio Carrion', 'OA by Anuel AA & Quevedo & Maluma', 'Una Foto Remix (feat. Emilia) by Mesita & Nicki Nicole & Tiago PZK', 'ASI ES LA VIDA by Enrique Iglesias & Maria Becerra', 'Japoni (feat. Camin, Moncho Chavea, Jthyago & Samueliyo Baby) by Oscar el Ruso & Samuel G & Omar Montes', 'LA FALDA by Myke Towers', 'COSAS QUE NO TE DIJE by Saiko', 'QLONA by KAROL G', 'SI SABE FERXXO by Blessd', 'Narcotics (with Bryant Myers) by Dei V & Bryant Myers', 'Alucin by Eugenio Esquivel & Grupo Marca Registrada & Sebastian Esquivel', 'La Bachata by Manuel Turizo', 'LUCES DE TECNO by Feid', 'BABY HELLO by Rauw Alejandro', 'No_Se_Ve.mp3 by Emilia', 'Casanova by Soolking & Lola Indigo & Rvfv', 'LA CAPI by Myke Towers', 'Los del Espacio by LIT killah'}",2,2,0.04,2025-01
2025-01-29,"{'El Cielo by Sky Rompiendo & Feid & Myke Towers', 'Si No Estás by iñigo quintero', 'Manos Rotas by DELLAFUENTE & Morad', 'PERRO NEGRO by Bad Bunny', 'LUNA by Feid', 'Young Miko: Bzrp Music Sessions, Vol. 58 by Bizarrap & Young Miko', 'Hey Lil Mama by Eladio Carrion', 'A 300 by JC Reyes & Pedro Calderon & Blacknife', 'Madrid City by Ana Mena', 'El Mambo by Kiko Rivera', 'VAGABUNDO by Sebastian Yatra & Manuel Turizo & Beéle', 'Quien Es Dei V? by Dei V', 'Mi Luz (ft. Rels B) by Rvfv', 'M.A.I by Milo j', 'No Te Quieren Conmigo by Gaby Music & Lunay & Luar La L', 'lady madrizZz by céro', 'NO PIENSO LLAMAR by Soge Culebra', 'REINA by Mora', 'DILUVIO by Rauw Alejandro', 'MODELITO by Mora', 'El Merengue by Marshmello', 'Columbia by Quevedo', 'POLARIS - Remix by Saiko & Feid & Quevedo', 'SEYA by GIMS', 'Holanda by Jhayco', 'Corazón Roto pt. 3 by Brray & Anuel AA & Chencho Corleone', 'La_Original.mp3 by Emilia', 'SEDA by Bad Bunny', 'Perdió Este Culo by Bad Gyal', 'Buenas by Quevedo & Saiko', 'LALA by Myke Towers', 'Extasisssssss by Saiko', 'El Malo by Eladio Carrion', 'OA by Anuel AA & Quevedo & Maluma', 'Una Foto Remix (feat. Emilia) by Mesita & Nicki Nicole & Tiago PZK', 'ASI ES LA VIDA by Enrique Iglesias & Maria Becerra', 'Japoni (feat. Camin, Moncho Chavea, Jthyago & Samueliyo Baby) by Oscar el Ruso & Samuel G & Omar Montes', 'LA FALDA by Myke Towers', 'COSAS QUE NO TE DIJE by Saiko', 'QLONA by KAROL G', 'SI SABE FERXXO by Blessd', 'Narcotics (with Bryant Myers) by Dei V & Bryant Myers', 'Alucin by Eugenio Esquivel & Grupo Marca Registrada & Sebastian Esquivel', 'La Bachata by Manuel Turizo', 'LUCES DE TECNO by Feid', 'BABY HELLO by Rauw Alejandro', 'No_Se_Ve.mp3 by Emilia', 'Casanova by Soolking & Lola Indigo & Rvfv', 'LA CAPI by Myke Towers', 'Los del Espacio by LIT killah'}",0,0,0.0,2025-01
2025-01-30,"{'El Cielo by Sky Rompiendo & Feid & Myke Towers', 'No Estuviste En Lo Malo - REMIX by Morad & Beny Jr & DELLAFUENTE', 'Manos Rotas by DELLAFUENTE & Morad', 'Si No Estás by iñigo quintero', 'PERRO NEGRO by Bad Bunny', 'LUNA by Feid', 'Young Miko: Bzrp Music Sessions, Vol. 58 by Bizarrap & Young Miko', 'Hey Lil Mama by Eladio Carrion', 'A 300 by JC Reyes & Pedro Calderon & Blacknife', 'Madrid City by Ana Mena', 'El Mambo by Kiko Rivera', 'VAGABUNDO by Sebastian Yatra & Manuel Turizo & Beéle', 'Quien Es Dei V? by Dei V', 'Mi Luz (ft. Rels B) by Rvfv', 'M.A.I by Milo j', 'No Te Quieren Conmigo by Gaby Music & Lunay & Luar La L', 'lady madrizZz by céro', 'DONDE SE APRENDE A QUERER? by Mora', 'NO PIENSO LLAMAR by Soge Culebra', 'REINA by Mora', 'DILUVIO by Rauw Alejandro', 'MODELITO by Mora', 'Columbia by Quevedo', 'POLARIS - Remix by Saiko & Feid & Quevedo', 'SEYA by GIMS', 'Holanda by Jhayco', 'Corazón Roto pt. 3 by Brray & Anuel AA & Chencho Corleone', 'La_Original.mp3 by Emilia', 'SEDA by Bad Bunny', 'Perdió Este Culo by Bad Gyal', 'Buenas by Quevedo & Saiko', 'LALA by Myke Towers', 'Extasisssssss by Saiko', 'El Malo by Eladio Carrion', 'OA by Anuel AA & Quevedo & Maluma', 'Una Foto Remix (feat. Emilia) by Mesita & Nicki Nicole & Tiago PZK', 'ASI ES LA VIDA by Enrique Iglesias & Maria Becerra', 'Japoni (feat. Camin, Moncho Chavea, Jthyago & Samueliyo Baby) by Oscar el Ruso & Samuel G & Omar Montes', 'LA FALDA by Myke Towers', 'COSAS QUE NO TE DIJE by Saiko', 'QLONA by KAROL G', 'Narcotics (with Bryant Myers) by Dei V & Bryant Myers', 'Alucin by Eugenio Esquivel & Grupo Marca Registrada & Sebastian Esquivel', 'La Bachata by Manuel Turizo', 'LUCES DE TECNO by Feid', 'BABY HELLO by Rauw Alejandro', 'No_Se_Ve.mp3 by Emilia', 'Casanova by Soolking & Lola Indigo & Rvfv', 'LA CAPI by Myke Towers', 'Los del Espacio by LIT killah'}",2,2,0.04,2025-01
2025-01-31,"{'El Cielo by Sky Rompiendo & Feid & Myke Towers', 'No Estuviste En Lo Malo - REMIX by Morad & Beny Jr & DELLAFUENTE', 'Manos Rotas by DELLAFUENTE & Morad', 'Si No Estás by iñigo quintero', 'PERRO NEGRO by Bad Bunny', 'LUNA by Feid', ""X'CLUSIVO by Gonzy"", 'Young Miko: Bzrp Music Sessions, Vol. 58 by Bizarrap & Young Miko', 'Hey Lil Mama by Eladio Carrion', 'A 300 by JC Reyes & Pedro Calderon & Blacknife', 'Madrid City by Ana Mena', 'El Mambo by Kiko Rivera', 'VAGABUNDO by Sebastian Yatra & Manuel Turizo & Beéle', 'Quien Es Dei V? by Dei V', 'M.A.I by Milo j', 'No Te Quieren Conmigo by Gaby Music & Lunay & Luar La L', 'lady madrizZz by céro', 'NO PIENSO LLAMAR by Soge Culebra', 'REINA by Mora', 'DILUVIO by Rauw Alejandro', 'MODELITO by Mora', 'Columbia by Quevedo', 'POLARIS - Remix by Saiko & Feid & Quevedo', 'SEYA by GIMS', 'Holanda by Jhayco', 'Corazón Roto pt. 3 by Brray & Anuel AA & Chencho Corleone', 'La_Original.mp3 by Emilia', 'SEDA by Bad Bunny', 'Perdió Este Culo by Bad Gyal', 'Buenas by Quevedo & Saiko', 'LALA by Myke Towers', 'Extasisssssss by Saiko', 'El Malo by Eladio Carrion', 'OA by Anuel AA & Quevedo & Maluma', 'Una Foto Remix (feat. Emilia) by Mesita & Nicki Nicole & Tiago PZK', 'ASI ES LA VIDA by Enrique Iglesias & Maria Becerra', 'Japoni (feat. Camin, Moncho Chavea, Jthyago & Samueliyo Baby) by Oscar el Ruso & Samuel G & Omar Montes', 'LA FALDA by Myke Towers', 'COSAS QUE NO TE DIJE by Saiko', 'QLONA by KAROL G', 'SI SABE FERXXO by Blessd', 'Narcotics (with Bryant Myers) by Dei V & Bryant Myers', 'Alucin by Eugenio Esquivel & Grupo Marca Registrada & Sebastian Esquivel', 'La Bachata by Manuel Turizo', 'LUCES DE TECNO by Feid', 'BABY HELLO by Rauw Alejandro', 'No_Se_Ve.mp3 by Emilia', 'Casanova by Soolking & Lola Indigo & Rvfv', 'LA CAPI by Myke Towers', 'Los del Espacio by LIT killah'}",2,2,0.04,2025-01
2025-02-01,"{'El Cielo by Sky Rompiendo & Feid & Myke Towers', 'Si No Estás by iñigo quintero', 'Manos Rotas by DELLAFUENTE & Morad', 'PERRO NEGRO by Bad Bunny', 'LUNA by Feid', ""X'CLUSIVO by Gonzy"", 'Young Miko: Bzrp Music Sessions, Vol. 58 by Bizarrap & Young Miko', 'Falsos Recuerdos by Abraham Mateo & Omar Montes', 'Hey Lil Mama by Eladio Carrion', 'A 300 by JC Reyes & Pedro Calderon & Blacknife', 'Madrid City by Ana Mena', 'El Mambo by Kiko Rivera', 'VAGABUNDO by Sebastian Yatra & Manuel Turizo & Beéle', 'Quien Es Dei V? by Dei V', 'Milo J: Bzrp Music Sessions, Vol. 57 by Paul Thin', 'M.A.I by Milo j', 'No Te Quieren Conmigo by Gaby Music & Lunay & Luar La L', 'lady madrizZz by céro', 'NO PIENSO LLAMAR by Soge Culebra', 'REINA by Mora', 'DILUVIO by Rauw Alejandro', 'MODELITO by Mora', 'Columbia by Quevedo', 'POLARIS - Remix by Saiko & Feid & Quevedo', 'SEYA by GIMS', 'Holanda by Jhayco', 'Corazón Roto pt. 3 by Brray & Anuel AA & Chencho Corleone', 'La_Original.mp3 by Emilia', 'SEDA by Bad Bunny', 'Perdió Este Culo by Bad Gyal', 'Buenas by Quevedo & Saiko', 'LALA by Myke Towers', 'El Malo by Eladio Carrion', 'OA by Anuel AA & Quevedo & Maluma', 'Una Foto Remix (feat. Emilia) by Mesita & Nicki Nicole & Tiago PZK', 'ASI ES LA VIDA by Enrique Iglesias & Maria Becerra', 'Japoni (feat. Camin, Moncho Chavea, Jthyago & Samueliyo Baby) by Oscar el Ruso & Samuel G & Omar Montes', 'LA FALDA by Myke Towers', 'COSAS QUE NO TE DIJE by Saiko', 'QLONA by KAROL G', 'SI SABE FERXXO by Blessd', 'Narcotics (with Bryant Myers) by Dei V & Bryant Myers', 'Alucin by Eugenio Esquivel & Grupo Marca Registrada & Sebastian Esquivel', 'La Bachata by Manuel Turizo', 'LUCES DE TECNO by Feid', 'BABY HELLO by Rauw Alejandro', 'No_Se_Ve.mp3 by Emilia', 'Casanova by Soolking & Lola Indigo & Rvfv', 'LA CAPI by Myke Towers', 'Los del Espacio by LIT killah'}",2,2,0.04,2025-02
2025-02-02,"{'El Cielo by Sky Rompiendo & Feid & Myke Towers', 'Si No Estás by iñigo quintero', 'Manos Rotas by DELLAFUENTE & Morad', 'PERRO NEGRO by Bad Bunny', 'LUNA by Feid', ""X'CLUSIVO by Gonzy"", 'Young Miko: Bzrp Music Sessions, Vol. 58 by Bizarrap & Young Miko', 'Hey Lil Mama by Eladio Carrion', 'A 300 by JC Reyes & Pedro Calderon & Blacknife', 'Madrid City by Ana Mena', 'El Mambo by Kiko Rivera', 'VAGABUNDO by Sebastian Yatra & Manuel Turizo & Beéle', 'Buscando Money by TWENTY SIX & Tayson Kryss', 'Quien Es Dei V? by Dei V', 'Milo J: Bzrp Music Sessions, Vol. 57 by Paul Thin', 'M.A.I by Milo j', 'No Te Quieren Conmigo by Gaby Music & Lunay & Luar La L', 'lady madrizZz by céro', 'NO PIENSO LLAMAR by Soge Culebra', 'REINA by Mora', 'DILUVIO by Rauw Alejandro', 'MODELITO by Mora', 'Columbia by Quevedo', 'POLARIS - Remix by Saiko & Feid & Quevedo', 'SEYA by GIMS', 'Holanda by Jhayco', 'Corazón Roto pt. 3 by Brray & Anuel AA & Chencho Corleone', 'La_Original.mp3 by Emilia', 'SEDA by Bad Bunny', 'Perdió Este Culo by Bad Gyal', 'Buenas by Quevedo & Saiko', 'LALA by Myke Towers', 'El Malo by Eladio Carrion', 'OA by Anuel AA & Quevedo & Maluma', 'Una Foto Remix (feat. Emilia) by Mesita & Nicki Nicole & Tiago PZK', 'ASI ES LA VIDA by Enrique Iglesias & Maria Becerra', 'Japoni (feat. Camin, Moncho Chavea, Jthyago & Samueliyo Baby) by Oscar el Ruso & Samuel G & Omar Montes', 'LA FALDA by Myke Towers', 'COSAS QUE NO TE DIJE by Saiko', 'QLONA by KAROL G', 'SI SABE FERXXO by Blessd', 'Narcotics (with Bryant Myers) by Dei V & Bryant Myers', 'Alucin by Eugenio Esquivel & Grupo Marca Registrada & Sebastian Esquivel', 'La Bachata by Manuel Turizo', 'LUCES DE TECNO by Feid', 'BABY HELLO by Rauw Alejandro', 'No_Se_Ve.mp3 by Emilia', 'Casanova by Soolking & Lola Indigo & Rvfv', 'LA CAPI by Myke Towers', 'Los del Espacio by LIT killah'}",1,1,0.02,2025-02
2025-02-03,"{'El Cielo by Sky Rompiendo & Feid & Myke Towers', 'Si No Estás by iñigo quintero', 'Manos Rotas by DELLAFUENTE & Morad', 'PERRO NEGRO by Bad Bunny', 'LUNA by Feid', ""X'CLUSIVO by Gonzy"", 'Young Miko: Bzrp Music Sessions, Vol. 58 by Bizarrap & Young Miko', 'Falsos Recuerdos by Abraham Mateo & Omar Montes', 'Hey Lil Mama by Eladio Carrion', 'A 300 by JC Reyes & Pedro Calderon & Blacknife', 'Madrid City by Ana Mena', 'El Mambo by Kiko Rivera', 'VAGABUNDO by Sebastian Yatra & Manuel Turizo & Beéle', 'Buscando Money by TWENTY SIX & Tayson Kryss', 'Quien Es Dei V? by Dei V', 'M.A.I by Milo j', 'No Te Quieren Conmigo by Gaby Music & Lunay & Luar La L', 'lady madrizZz by céro', 'NO PIENSO LLAMAR by Soge Culebra', 'REINA by Mora', 'DILUVIO by Rauw Alejandro', 'MODELITO by Mora', 'Columbia by Quevedo', 'POLARIS - Remix by Saiko & Feid & Quevedo', 'SEYA by GIMS', 'Holanda by Jhayco', 'Corazón Roto pt. 3 by Brray & Anuel AA & Chencho Corleone', 'La_Original.mp3 by Emilia', 'SEDA by Bad Bunny', 'Perdió Este Culo by Bad Gyal', 'Buenas by Quevedo & Saiko', 'LALA by Myke Towers', 'El Malo by Eladio Carrion', 'OA by Anuel AA & Quevedo & Maluma', 'Una Foto Remix (feat. Emilia) by Mesita & Nicki Nicole & Tiago PZK', 'ASI ES LA VIDA by Enrique Iglesias & Maria Becerra', 'Japoni (feat. Camin, Moncho Chavea, Jthyago & Samueliyo Baby) by Oscar el Ruso & Samuel G & Omar Montes', 'LA FALDA by Myke Towers', 'COSAS QUE NO TE DIJE by Saiko', 'QLONA by KAROL G', 'SI SABE FERXXO by Blessd', 'Narcotics (with Bryant Myers) by Dei V & Bryant Myers', 'La Bachata by Manuel Turizo', 'LUCES DE TECNO by Feid', 'BABY HELLO by Rauw Alejandro', 'No_Se_Ve.mp3 by Emilia', 'Casanova by Soolking & Lola Indigo & Rvfv', 'LA ÚLTIMA by Quevedo', 'LA CAPI by Myke Towers', 'Los del Espacio by LIT killah'}",2,2,0.04,2025-02
2025-02-04,"{'El Cielo by Sky Rompiendo & Feid & Myke Towers', 'Si No Estás by iñigo quintero', 'Manos Rotas by DELLAFUENTE & Morad', 'PERRO NEGRO by Bad Bunny', 'LUNA by Feid', ""X'CLUSIVO by Gonzy"", 'Young Miko: Bzrp Music Sessions, Vol. 58 by Bizarrap & Young Miko', 'Falsos Recuerdos by Abraham Mateo & Omar Montes', 'Hey Lil Mama by Eladio Carrion', 'A 300 by JC Reyes & Pedro Calderon & Blacknife', 'Madrid City by Ana Mena', 'El Mambo by Kiko Rivera', 'VAGABUNDO by Sebastian Yatra & Manuel Turizo & Beéle', 'Buscando Money by TWENTY SIX & Tayson Kryss', 'Quien Es Dei V? by Dei V', 'UNA BACHATA by Lola Indigo', 'M.A.I by Milo j', 'No Te Quieren Conmigo by Gaby Music & Lunay & Luar La L', 'lady madrizZz by céro', 'NO PIENSO LLAMAR by Soge Culebra', 'REINA by Mora', 'DILUVIO by Rauw Alejandro', 'MODELITO by Mora', 'Columbia by Quevedo', 'POLARIS - Remix by Saiko & Feid & Quevedo', 'Holanda by Jhayco', 'Corazón Roto pt. 3 by Brray & Anuel AA & Chencho Corleone', 'La_Original.mp3 by Emilia', 'SEDA by Bad Bunny', 'Perdió Este Culo by Bad Gyal', 'Milo J: Bzrp Music Sessions, Vol. 57 by Bizarrap & Milo j', 'Buenas by Quevedo & Saiko', 'LALA by Myke Towers', 'El Malo by Eladio Carrion', 'OA by Anuel AA & Quevedo & Maluma', 'Una Foto Remix (feat. Emilia) by Mesita & Nicki Nicole & Tiago PZK', 'ASI ES LA VIDA by Enrique Iglesias & Maria Becerra', 'Japoni (feat. Camin, Moncho Chavea, Jthyago & Samueliyo Baby) by Oscar el Ruso & Samuel G & Omar Montes', 'LA FALDA by Myke Towers', 'COSAS QUE NO TE DIJE by Saiko', 'QLONA by KAROL G', 'SI SABE FERXXO by Blessd', 'Narcotics (with Bryant Myers) by Dei V & Bryant Myers', 'La Bachata by Manuel Turizo', 'BABY HELLO by Rauw Alejandro', 'No_Se_Ve.mp3 by Emilia', 'Casanova by Soolking & Lola Indigo & Rvfv', 'LA ÚLTIMA by Quevedo', 'LA CAPI by Myke Towers', 'Los del Espacio by LIT killah'}",2,2,0.04,2025-02
2025-02-05,"{'El Cielo by Sky Rompiendo & Feid & Myke Towers', 'Si No Estás by iñigo quintero', 'Manos Rotas by DELLAFUENTE & Morad', 'PERRO NEGRO by Bad Bunny', 'LUNA by Feid', 'ZORRA by Nebulossa', ""X'CLUSIVO by Gonzy"", 'Young Miko: Bzrp Music Sessions, Vol. 58 by Bizarrap & Young Miko', 'Falsos Recuerdos by Abraham Mateo & Omar Montes', 'Hey Lil Mama by Eladio Carrion', 'A 300 by JC Reyes & Pedro Calderon & Blacknife', 'Madrid City by Ana Mena', 'El Mambo by Kiko Rivera', 'VAGABUNDO by Sebastian Yatra & Manuel Turizo & Beéle', 'Buscando Money by TWENTY SIX & Tayson Kryss', 'Quien Es Dei V? by Dei V', 'UNA BACHATA by Lola Indigo', 'M.A.I by Milo j', 'No Te Quieren Conmigo by Gaby Music & Lunay & Luar La L', 'lady madrizZz by céro', 'NO PIENSO LLAMAR by Soge Culebra', 'REINA by Mora', 'DILUVIO by Rauw Alejandro', 'MODELITO by Mora', 'Columbia by Quevedo', 'POLARIS - Remix by Saiko & Feid & Quevedo', 'Holanda by Jhayco', 'La_Original.mp3 by Emilia', 'SEDA by Bad Bunny', 'Perdió Este Culo by Bad Gyal', 'Milo J: Bzrp Music Sessions, Vol. 57 by Bizarrap & Milo j', 'Buenas by Quevedo & Saiko', 'LALA by Myke Towers', 'El Malo by Eladio Carrion', 'OA by Anuel AA & Quevedo & Maluma', 'Una Foto Remix (feat. Emilia) by Mesita & Nicki Nicole & Tiago PZK', 'ASI ES LA VIDA by Enrique Iglesias & Maria Becerra', 'Japoni (feat. Camin, Moncho Chavea, Jthyago & Samueliyo Baby) by Oscar el Ruso & Samuel G & Omar Montes', 'LA FALDA by Myke Towers', 'COSAS QUE NO TE DIJE by Saiko', 'QLONA by KAROL G', 'SI SABE FERXXO by Blessd', 'Narcotics (with Bryant Myers) by Dei V & Bryant Myers', 'La Bachata by Manuel Turizo', 'BABY HELLO by Rauw Alejandro', 'No_Se_Ve.mp3 by Emilia', 'Casanova by Soolking & Lola Indigo & Rvfv', 'LA ÚLTIMA by Quevedo', 'LA CAPI by Myke Towers', 'Los del Espacio by LIT killah'}",1,1,0.02,2025-02
2025-02-06,"{'El Cielo by Sky Rompiendo & Feid & Myke Towers', 'Si No Estás by iñigo quintero', 'Manos Rotas by DELLAFUENTE & Morad', 'PERRO NEGRO by Bad Bunny', 'LUNA by Feid', 'ZORRA by Nebulossa', ""X'CLUSIVO by Gonzy"", 'Young Miko: Bzrp Music Sessions, Vol. 58 by Bizarrap & Young Miko', 'Falsos Recuerdos by Abraham Mateo & Omar Montes', 'Hey Lil Mama by Eladio Carrion', 'A 300 by JC Reyes & Pedro Calderon & Blacknife', 'Madrid City by Ana Mena', 'El Mambo by Kiko Rivera', 'VAGABUNDO by Sebastian Yatra & Manuel Turizo & Beéle', 'Buscando Money by TWENTY SIX & Tayson Kryss', 'Quien Es Dei V? by Dei V', 'UNA BACHATA by Lola Indigo', 'M.A.I by Milo j', 'No Te Quieren Conmigo by Gaby Music & Lunay & Luar La L', 'lady madrizZz by céro', 'NO PIENSO LLAMAR by Soge Culebra', 'REINA by Mora', 'DILUVIO by Rauw Alejandro', 'MODELITO by Mora', 'Columbia by Quevedo', 'POLARIS - Remix by Saiko & Feid & Quevedo', 'Holanda by Jhayco', 'La_Original.mp3 by Emilia', 'SEDA by Bad Bunny', 'Perdió Este Culo by Bad Gyal', 'Milo J: Bzrp Music Sessions, Vol. 57 by Bizarrap & Milo j', 'Buenas by Quevedo & Saiko', 'LALA by Myke Towers', 'El Malo by Eladio Carrion', 'OA by Anuel AA & Quevedo & Maluma', 'Una Foto Remix (feat. Emilia) by Mesita & Nicki Nicole & Tiago PZK', 'ASI ES LA VIDA by Enrique Iglesias & Maria Becerra', 'Japoni (feat. Camin, Moncho Chavea, Jthyago & Samueliyo Baby) by Oscar el Ruso & Samuel G & Omar Montes', 'LA FALDA by Myke Towers', 'COSAS QUE NO TE DIJE by Saiko', 'QLONA by KAROL G', 'SI SABE FERXXO by Blessd', 'Narcotics (with Bryant Myers) by Dei V & Bryant Myers', 'La Bachata by Manuel Turizo', 'BABY HELLO by Rauw Alejandro', 'No_Se_Ve.mp3 by Emilia', 'Casanova by Soolking & Lola Indigo & Rvfv', 'LA ÚLTIMA by Quevedo', 'LA CAPI by Myke Towers', 'Los del Espacio by LIT killah'}",0,0,0.0,2025-02
2025-02-07,"{'El Cielo by Sky Rompiendo & Feid & Myke Towers', 'Si No Estás by iñigo quintero', 'Manos Rotas by DELLAFUENTE & Morad', 'PERRO NEGRO by Bad Bunny', 'LUNA by Feid', 'ZORRA by Nebulossa', ""X'CLUSIVO by Gonzy"", 'Young Miko: Bzrp Music Sessions, Vol. 58 by Bizarrap & Young Miko', 'Falsos Recuerdos by Abraham Mateo & Omar Montes', 'Hey Lil Mama by Eladio Carrion', 'A 300 by JC Reyes & Pedro Calderon & Blacknife', 'Madrid City by Ana Mena', 'El Mambo by Kiko Rivera', 'VAGABUNDO by Sebastian Yatra & Manuel Turizo & Beéle', 'Buscando Money by TWENTY SIX & Tayson Kryss', 'Quien Es Dei V? by Dei V', 'UNA BACHATA by Lola Indigo', 'M.A.I by Milo j', 'No Te Quieren Conmigo by Gaby Music & Lunay & Luar La L', 'lady madrizZz by céro', 'NO PIENSO LLAMAR by Soge Culebra', 'REINA by Mora', 'DILUVIO by Rauw Alejandro', 'MODELITO by Mora', 'Columbia by Quevedo', 'POLARIS - Remix by Saiko & Feid & Quevedo', 'Holanda by Jhayco', 'La_Original.mp3 by Emilia', 'SEDA by Bad Bunny', 'Perdió Este Culo by Bad Gyal', 'Milo J: Bzrp Music Sessions, Vol. 57 by Bizarrap & Milo j', 'Buenas by Quevedo & Saiko', 'LALA by Myke Towers', 'El Malo by Eladio Carrion', 'OA by Anuel AA & Quevedo & Maluma', 'Una Foto Remix (feat. Emilia) by Mesita & Nicki Nicole & Tiago PZK', 'ASI ES LA VIDA by Enrique Iglesias & Maria Becerra', 'Japoni (feat. Camin, Moncho Chavea, Jthyago & Samueliyo Baby) by Oscar el Ruso & Samuel G & Omar Montes', 'LA FALDA by Myke Towers', 'COSAS QUE NO TE DIJE by Saiko', 'QLONA by KAROL G', 'SI SABE FERXXO by Blessd', 'Narcotics (with Bryant Myers) by Dei V & Bryant Myers', 'La Bachata by Manuel Turizo', 'BABY HELLO by Rauw Alejandro', 'No_Se_Ve.mp3 by Emilia', 'Casanova by Soolking & Lola Indigo & Rvfv', 'LA ÚLTIMA by Quevedo', 'LA CAPI by Myke Towers', 'Los del Espacio by LIT killah'}",0,0,0.0,2025-02
2025-02-08,"{'El Cielo by Sky Rompiendo & Feid & Myke Towers', 'Si No Estás by iñigo quintero', 'Manos Rotas by DELLAFUENTE & Morad', 'PERRO NEGRO by Bad Bunny', 'LUNA by Feid', 'ZORRA by Nebulossa', ""X'CLUSIVO by Gonzy"", 'Young Miko: Bzrp Music Sessions, Vol. 58 by Bizarrap & Young Miko', 'Falsos Recuerdos by Abraham Mateo & Omar Montes', 'Hey Lil Mama by Eladio Carrion', 'A 300 by JC Reyes & Pedro Calderon & Blacknife', 'Madrid City by Ana Mena', 'El Mambo by Kiko Rivera', 'VAGABUNDO by Sebastian Yatra & Manuel Turizo & Beéle', 'Buscando Money by TWENTY SIX & Tayson Kryss', 'Quien Es Dei V? by Dei V', 'UNA BACHATA by Lola Indigo', 'M.A.I by Milo j', 'No Te Quieren Conmigo by Gaby Music & Lunay & Luar La L', 'lady madrizZz by céro', 'NO PIENSO LLAMAR by Soge Culebra', 'REINA by Mora', 'DILUVIO by Rauw Alejandro', 'MODELITO by Mora', 'Columbia by Quevedo', 'POLARIS - Remix by Saiko & Feid & Quevedo', 'Holanda by Jhayco', 'La_Original.mp3 by Emilia', 'SEDA by Bad Bunny', 'Perdió Este Culo by Bad Gyal', 'Milo J: Bzrp Music Sessions, Vol. 57 by Bizarrap & Milo j', 'Buenas by Quevedo & Saiko', 'LALA by Myke Towers', 'El Malo by Eladio Carrion', 'OA by Anuel AA & Quevedo & Maluma', 'Una Foto Remix (feat. Emilia) by Mesita & Nicki Nicole & Tiago PZK', 'ASI ES LA VIDA by Enrique Iglesias & Maria Becerra', 'Japoni (feat. Camin, Moncho Chavea, Jthyago & Samueliyo Baby) by Oscar el Ruso & Samuel G & Omar Montes', 'LA FALDA by Myke Towers', 'COSAS QUE NO TE DIJE by Saiko', 'QLONA by KAROL G', 'SI SABE FERXXO by Blessd', 'Narcotics (with Bryant Myers) by Dei V & Bryant Myers', 'La Bachata by Manuel Turizo', 'BABY HELLO by Rauw Alejandro', 'No_Se_Ve.mp3 by Emilia', 'Casanova by Soolking & Lola Indigo & Rvfv', 'LA ÚLTIMA by Quevedo', 'LA CAPI by Myke Towers', 'Los del Espacio by LIT killah'}",0,0,0.0,2025-02
2025-02-09,"{'El Cielo by Sky Rompiendo & Feid & Myke Towers', 'Si No Estás by iñigo quintero', 'Manos Rotas by DELLAFUENTE & Morad', 'PERRO NEGRO by Bad Bunny', 'LUNA by Feid', 'ZORRA by Nebulossa', ""X'CLUSIVO by Gonzy"", 'Young Miko: Bzrp Music Sessions, Vol. 58 by Bizarrap & Young Miko', 'Falsos Recuerdos by Abraham Mateo & Omar Montes', 'Hey Lil Mama by Eladio Carrion', 'A 300 by JC Reyes & Pedro Calderon & Blacknife', 'Madrid City by Ana Mena', 'El Mambo by Kiko Rivera', 'VAGABUNDO by Sebastian Yatra & Manuel Turizo & Beéle', 'Buscando Money by TWENTY SIX & Tayson Kryss', 'Quien Es Dei V? by Dei V', 'UNA BACHATA by Lola Indigo', 'M.A.I by Milo j', 'No Te Quieren Conmigo by Gaby Music & Lunay & Luar La L', 'lady madrizZz by céro', 'NO PIENSO LLAMAR by Soge Culebra', 'REINA by Mora', 'DILUVIO by Rauw Alejandro', 'MODELITO by Mora', 'Columbia by Quevedo', 'POLARIS - Remix by Saiko & Feid & Quevedo', 'Holanda by Jhayco', 'La_Original.mp3 by Emilia', 'SEDA by Bad Bunny', 'Perdió Este Culo by Bad Gyal', 'Milo J: Bzrp Music Sessions, Vol. 57 by Bizarrap & Milo j', 'Buenas by Quevedo & Saiko', 'LALA by Myke Towers', 'El Malo by Eladio Carrion', 'OA by Anuel AA & Quevedo & Maluma', 'Una Foto Remix (feat. Emilia) by Mesita & Nicki Nicole & Tiago PZK', 'ASI ES LA VIDA by Enrique Iglesias & Maria Becerra', 'Japoni (feat. Camin, Moncho Chavea, Jthyago & Samueliyo Baby) by Oscar el Ruso & Samuel G & Omar Montes', 'LA FALDA by Myke Towers', 'COSAS QUE NO TE DIJE by Saiko', 'QLONA by KAROL G', 'SI SABE FERXXO by Blessd', 'Narcotics (with Bryant Myers) by Dei V & Bryant Myers', 'La Bachata by Manuel Turizo', 'BABY HELLO by Rauw Alejandro', 'No_Se_Ve.mp3 by Emilia', 'Casanova by Soolking & Lola Indigo & Rvfv', 'LA ÚLTIMA by Quevedo', 'LA CAPI by Myke Towers', 'Los del Espacio by LIT killah'}",0,0,0.0,2025-02
2025-02-10,"{'El Cielo by Sky Rompiendo & Feid & Myke Towers', 'Si No Estás by iñigo quintero', 'Manos Rotas by DELLAFUENTE & Morad', 'PERRO NEGRO by Bad Bunny', 'LUNA by Feid', 'ZORRA by Nebulossa', ""X'CLUSIVO by Gonzy"", 'Young Miko: Bzrp Music Sessions, Vol. 58 by Bizarrap & Young Miko', 'Falsos Recuerdos by Abraham Mateo & Omar Montes', 'Hey Lil Mama by Eladio Carrion', 'A 300 by JC Reyes & Pedro Calderon & Blacknife', 'Madrid City by Ana Mena', 'El Mambo by Kiko Rivera', 'VAGABUNDO by Sebastian Yatra & Manuel Turizo & Beéle', 'Buscando Money by TWENTY SIX & Tayson Kryss', 'Quien Es Dei V? by Dei V', 'UNA BACHATA by Lola Indigo', 'M.A.I by Milo j', 'No Te Quieren Conmigo by Gaby Music & Lunay & Luar La L', 'lady madrizZz by céro', 'DONDE SE APRENDE A QUERER? by Mora', 'NO PIENSO LLAMAR by Soge Culebra', 'REINA by Mora', 'DILUVIO by Rauw Alejandro', 'MODELITO by Mora', 'Columbia by Quevedo', 'POLARIS - Remix by Saiko & Feid & Quevedo', 'Holanda by Jhayco', 'La_Original.mp3 by Emilia', 'SEDA by Bad Bunny', 'Perdió Este Culo by Bad Gyal', 'Milo J: Bzrp Music Sessions, Vol. 57 by Bizarrap & Milo j', 'Buenas by Quevedo & Saiko', 'LALA by Myke Towers', 'El Malo by Eladio Carrion', 'OA by Anuel AA & Quevedo & Maluma', 'Una Foto Remix (feat. Emilia) by Mesita & Nicki Nicole & Tiago PZK', 'ASI ES LA VIDA by Enrique Iglesias & Maria Becerra', 'Japoni (feat. Camin, Moncho Chavea, Jthyago & Samueliyo Baby) by Oscar el Ruso & Samuel G & Omar Montes', 'LA FALDA by Myke Towers', 'COSAS QUE NO TE DIJE by Saiko', 'QLONA by KAROL G', 'SI SABE FERXXO by Blessd', 'Narcotics (with Bryant Myers) by Dei V & Bryant Myers', 'La Bachata by Manuel Turizo', 'BABY HELLO by Rauw Alejandro', 'Casanova by Soolking & Lola Indigo & Rvfv', 'LA ÚLTIMA by Quevedo', 'LA CAPI by Myke Towers', 'Los del Espacio by LIT killah'}",1,1,0.02,2025-02
2025-02-11,"{'El Cielo by Sky Rompiendo & Feid & Myke Towers', 'Si No Estás by iñigo quintero', 'Manos Rotas by DELLAFUENTE & Morad', 'PERRO NEGRO by Bad Bunny', 'LUNA by Feid', 'ZORRA by Nebulossa', ""X'CLUSIVO by Gonzy"", 'Young Miko: Bzrp Music Sessions, Vol. 58 by Bizarrap & Young Miko', 'Falsos Recuerdos by Abraham Mateo & Omar Montes', 'Hey Lil Mama by Eladio Carrion', 'A 300 by JC Reyes & Pedro Calderon & Blacknife', 'Madrid City by Ana Mena', 'El Mambo by Kiko Rivera', 'VAGABUNDO by Sebastian Yatra & Manuel Turizo & Beéle', 'Buscando Money by TWENTY SIX & Tayson Kryss', 'Quien Es Dei V? by Dei V', 'UNA BACHATA by Lola Indigo', 'M.A.I by Milo j', 'No Te Quieren Conmigo by Gaby Music & Lunay & Luar La L', 'lady madrizZz by céro', 'DONDE SE APRENDE A QUERER? by Mora', 'NO PIENSO LLAMAR by Soge Culebra', 'REINA by Mora', 'DILUVIO by Rauw Alejandro', 'MODELITO by Mora', 'Columbia by Quevedo', 'Mal de amores by Natos y Waor & Israel B', 'POLARIS - Remix by Saiko & Feid & Quevedo', 'Holanda by Jhayco', 'La_Original.mp3 by Emilia', 'SEDA by Bad Bunny', 'BAD BOY by Chris Jedi & Gaby Music & Dei V', 'Perdió Este Culo by Bad Gyal', 'Buenas by Quevedo & Saiko', 'LALA by Myke Towers', 'OA by Anuel AA & Quevedo & Maluma', 'Una Foto Remix (feat. Emilia) by Mesita & Nicki Nicole & Tiago PZK', 'ASI ES LA VIDA by Enrique Iglesias & Maria Becerra', 'Japoni (feat. Camin, Moncho Chavea, Jthyago & Samueliyo Baby) by Oscar el Ruso & Samuel G & Omar Montes', 'LA FALDA by Myke Towers', 'COSAS QUE NO TE DIJE by Saiko', 'QLONA by KAROL G', 'SI SABE FERXXO by Blessd', 'Narcotics (with Bryant Myers) by Dei V & Bryant Myers', 'La Bachata by Manuel Turizo', 'BABY HELLO by Rauw Alejandro', 'Casanova by Soolking & Lola Indigo & Rvfv', 'LA ÚLTIMA by Quevedo', 'LA CAPI by Myke Towers', 'Los del Espacio by LIT killah'}",2,2,0.04,2025-02
2025-02-12,"{'El Cielo by Sky Rompiendo & Feid & Myke Towers', 'Si No Estás by iñigo quintero', 'Manos Rotas by DELLAFUENTE & Morad', 'PERRO NEGRO by Bad Bunny', 'LUNA by Feid', 'ZORRA by Nebulossa', ""X'CLUSIVO by Gonzy"", 'Young Miko: Bzrp Music Sessions, Vol. 58 by Bizarrap & Young Miko', 'Falsos Recuerdos by Abraham Mateo & Omar Montes', 'Hey Lil Mama by Eladio Carrion', 'A 300 by JC Reyes & Pedro Calderon & Blacknife', 'Madrid City by Ana Mena', 'El Mambo by Kiko Rivera', 'VAGABUNDO by Sebastian Yatra & Manuel Turizo & Beéle', 'Buscando Money by TWENTY SIX & Tayson Kryss', 'Quien Es Dei V? by Dei V', 'UNA BACHATA by Lola Indigo', 'M.A.I by Milo j', 'No Te Quieren Conmigo by Gaby Music & Lunay & Luar La L', 'lady madrizZz by céro', 'DONDE SE APRENDE A QUERER? by Mora', 'NO PIENSO LLAMAR by Soge Culebra', 'REINA by Mora', 'DILUVIO by Rauw Alejandro', 'MODELITO by Mora', 'Columbia by Quevedo', 'POLARIS - Remix by Saiko & Feid & Quevedo', 'Holanda by Jhayco', 'La_Original.mp3 by Emilia', 'SEDA by Bad Bunny', 'BAD BOY by Chris Jedi & Gaby Music & Dei V', 'Perdió Este Culo by Bad Gyal', 'Buenas by Quevedo & Saiko', 'LALA by Myke Towers', 'El Malo by Eladio Carrion', 'OA by Anuel AA & Quevedo & Maluma', 'Una Foto Remix (feat. Emilia) by Mesita & Nicki Nicole & Tiago PZK', 'ASI ES LA VIDA by Enrique Iglesias & Maria Becerra', 'Japoni (feat. Camin, Moncho Chavea, Jthyago & Samueliyo Baby) by Oscar el Ruso & Samuel G & Omar Montes', 'LA FALDA by Myke Towers', 'COSAS QUE NO TE DIJE by Saiko', 'QLONA by KAROL G', 'SI SABE FERXXO by Blessd', 'Narcotics (with Bryant Myers) by Dei V & Bryant Myers', 'La Bachata by Manuel Turizo', 'BABY HELLO by Rauw Alejandro', 'Casanova by Soolking & Lola Indigo & Rvfv', 'LA ÚLTIMA by Quevedo', 'LA CAPI by Myke Towers', 'Los del Espacio by LIT killah'}",1,1,0.02,2025-02
2025-02-13,"{'El Cielo by Sky Rompiendo & Feid & Myke Towers', 'Si No Estás by iñigo quintero', 'Manos Rotas by DELLAFUENTE & Morad', 'PERRO NEGRO by Bad Bunny', 'LUNA by Feid', 'ZORRA by Nebulossa', ""X'CLUSIVO by Gonzy"", 'Young Miko: Bzrp Music Sessions, Vol. 58 by Bizarrap & Young Miko', 'Falsos Recuerdos by Abraham Mateo & Omar Montes', 'Hey Lil Mama by Eladio Carrion', 'A 300 by JC Reyes & Pedro Calderon & Blacknife', 'Madrid City by Ana Mena', 'El Mambo by Kiko Rivera', 'VAGABUNDO by Sebastian Yatra & Manuel Turizo & Beéle', 'Buscando Money by TWENTY SIX & Tayson Kryss', 'Quien Es Dei V? by Dei V', 'UNA BACHATA by Lola Indigo', 'M.A.I by Milo j', 'No Te Quieren Conmigo by Gaby Music & Lunay & Luar La L', 'lady madrizZz by céro', 'DONDE SE APRENDE A QUERER? by Mora', 'NO PIENSO LLAMAR by Soge Culebra', 'REINA by Mora', 'DILUVIO by Rauw Alejandro', 'MODELITO by Mora', 'Columbia by Quevedo', 'POLARIS - Remix by Saiko & Feid & Quevedo', 'Holanda by Jhayco', 'La_Original.mp3 by Emilia', 'SEDA by Bad Bunny', 'BAD BOY by Chris Jedi & Gaby Music & Dei V', 'Perdió Este Culo by Bad Gyal', 'Buenas by Quevedo & Saiko', 'LALA by Myke Towers', 'El Malo by Eladio Carrion', 'OA by Anuel AA & Quevedo & Maluma', 'Una Foto Remix (feat. Emilia) by Mesita & Nicki Nicole & Tiago PZK', 'ASI ES LA VIDA by Enrique Iglesias & Maria Becerra', 'Japoni (feat. Camin, Moncho Chavea, Jthyago & Samueliyo Baby) by Oscar el Ruso & Samuel G & Omar Montes', 'LA FALDA by Myke Towers', 'COSAS QUE NO TE DIJE by Saiko', 'QLONA by KAROL G', 'SI SABE FERXXO by Blessd', 'Narcotics (with Bryant Myers) by Dei V & Bryant Myers', 'La Bachata by Manuel Turizo', 'BABY HELLO by Rauw Alejandro', 'Casanova by Soolking & Lola Indigo & Rvfv', 'LA ÚLTIMA by Quevedo', 'LA CAPI by Myke Towers', 'Los del Espacio by LIT killah'}",0,0,0.0,2025-02
2025-02-14,"{'El Cielo by Sky Rompiendo & Feid & Myke Towers', 'Si No Estás by iñigo quintero', 'Manos Rotas by DELLAFUENTE & Morad', 'PERRO NEGRO by Bad Bunny', 'LUNA by Feid', 'ZORRA by Nebulossa', ""X'CLUSIVO by Gonzy"", 'Young Miko: Bzrp Music Sessions, Vol. 58 by Bizarrap & Young Miko', 'Falsos Recuerdos by Abraham Mateo & Omar Montes', 'Hey Lil Mama by Eladio Carrion', 'A 300 by JC Reyes & Pedro Calderon & Blacknife', 'Madrid City by Ana Mena', 'El Mambo by Kiko Rivera', 'VAGABUNDO by Sebastian Yatra & Manuel Turizo & Beéle', 'Buscando Money by TWENTY SIX & Tayson Kryss', 'Quien Es Dei V? by Dei V', 'UNA BACHATA by Lola Indigo', 'M.A.I by Milo j', 'No Te Quieren Conmigo by Gaby Music & Lunay & Luar La L', 'lady madrizZz by céro', 'DONDE SE APRENDE A QUERER? by Mora', 'NO PIENSO LLAMAR by Soge Culebra', 'REINA by Mora', 'DILUVIO by Rauw Alejandro', 'MODELITO by Mora', 'Columbia by Quevedo', 'POLARIS - Remix by Saiko & Feid & Quevedo', 'SEYA by GIMS', 'Holanda by Jhayco', 'La_Original.mp3 by Emilia', 'BAD BOY by Chris Jedi & Gaby Music & Dei V', 'Perdió Este Culo by Bad Gyal', 'Buenas by Quevedo & Saiko', 'LALA by Myke Towers', 'El Malo by Eladio Carrion', 'OA by Anuel AA & Quevedo & Maluma', 'Una Foto Remix (feat. Emilia) by Mesita & Nicki Nicole & Tiago PZK', 'ASI ES LA VIDA by Enrique Iglesias & Maria Becerra', 'Japoni (feat. Camin, Moncho Chavea, Jthyago & Samueliyo Baby) by Oscar el Ruso & Samuel G & Omar Montes', 'LA FALDA by Myke Towers', 'COSAS QUE NO TE DIJE by Saiko', 'QLONA by KAROL G', 'SI SABE FERXXO by Blessd', 'Narcotics (with Bryant Myers) by Dei V & Bryant Myers', 'La Bachata by Manuel Turizo', 'BABY HELLO by Rauw Alejandro', 'Casanova by Soolking & Lola Indigo & Rvfv', 'LA ÚLTIMA by Quevedo', 'LA CAPI by Myke Towers', 'Los del Espacio by LIT killah'}",1,1,0.02,2025-02
2025-02-15,"{'El Cielo by Sky Rompiendo & Feid & Myke Towers', 'Si No Estás by iñigo quintero', 'Manos Rotas by DELLAFUENTE & Morad', 'PERRO NEGRO by Bad Bunny', 'LUNA by Feid', 'ZORRA by Nebulossa', ""X'CLUSIVO by Gonzy"", 'Young Miko: Bzrp Music Sessions, Vol. 58 by Bizarrap & Young Miko', 'Falsos Recuerdos by Abraham Mateo & Omar Montes', 'Hey Lil Mama by Eladio Carrion', 'A 300 by JC Reyes & Pedro Calderon & Blacknife', 'Madrid City by Ana Mena', 'El Mambo by Kiko Rivera', 'VAGABUNDO by Sebastian Yatra & Manuel Turizo & Beéle', 'Buscando Money by TWENTY SIX & Tayson Kryss', 'Quien Es Dei V? by Dei V', 'UNA BACHATA by Lola Indigo', 'M.A.I by Milo j', 'No Te Quieren Conmigo by Gaby Music & Lunay & Luar La L', 'lady madrizZz by céro', 'DONDE SE APRENDE A QUERER? by Mora', 'NO PIENSO LLAMAR by Soge Culebra', 'REINA by Mora', 'DILUVIO by Rauw Alejandro', 'MODELITO by Mora', 'Columbia by Quevedo', 'Mal de amores by Natos y Waor & Israel B', 'POLARIS - Remix by Saiko & Feid & Quevedo', 'Holanda by Jhayco', 'La_Original.mp3 by Emilia', 'BAD BOY by Chris Jedi & Gaby Music & Dei V', 'Perdió Este Culo by Bad Gyal', 'Buenas by Quevedo & Saiko', 'LALA by Myke Towers', 'El Malo by Eladio Carrion', 'OA by Anuel AA & Quevedo & Maluma', 'Una Foto Remix (feat. Emilia) by Mesita & Nicki Nicole & Tiago PZK', 'ASI ES LA VIDA by Enrique Iglesias & Maria Becerra', 'Japoni (feat. Camin, Moncho Chavea, Jthyago & Samueliyo Baby) by Oscar el Ruso & Samuel G & Omar Montes', 'LA FALDA by Myke Towers', 'COSAS QUE NO TE DIJE by Saiko', 'QLONA by KAROL G', 'SI SABE FERXXO by Blessd', 'Narcotics (with Bryant Myers) by Dei V & Bryant Myers', 'La Bachata by Manuel Turizo', 'BABY HELLO by Rauw Alejandro', 'Casanova by Soolking & Lola Indigo & Rvfv', 'LA ÚLTIMA by Quevedo', 'LA CAPI by Myke Towers', 'Los del Espacio by LIT killah'}",1,1,0.02,2025-02
2025-02-16,"{'El Cielo by Sky Rompiendo & Feid & Myke Towers', 'Si No Estás by iñigo quintero', 'Manos Rotas by DELLAFUENTE & Morad', 'PERRO NEGRO by Bad Bunny', 'LUNA by Feid', 'ZORRA by Nebulossa', ""X'CLUSIVO by Gonzy"", 'Young Miko: Bzrp Music Sessions, Vol. 58 by Bizarrap & Young Miko', 'Falsos Recuerdos by Abraham Mateo & Omar Montes', 'Hey Lil Mama by Eladio Carrion', 'A 300 by JC Reyes & Pedro Calderon & Blacknife', 'Madrid City by Ana Mena', 'El Mambo by Kiko Rivera', 'VAGABUNDO by Sebastian Yatra & Manuel Turizo & Beéle', 'Buscando Money by TWENTY SIX & Tayson Kryss', 'Quien Es Dei V? by Dei V', 'UNA BACHATA by Lola Indigo', 'M.A.I by Milo j', 'No Te Quieren Conmigo by Gaby Music & Lunay & Luar La L', 'lady madrizZz by céro', 'DONDE SE APRENDE A QUERER? by Mora', 'NO PIENSO LLAMAR by Soge Culebra', 'REINA by Mora', 'DILUVIO by Rauw Alejandro', 'MODELITO by Mora', 'Columbia by Quevedo', 'Mal de amores by Natos y Waor & Israel B', 'POLARIS - Remix by Saiko & Feid & Quevedo', 'Holanda by Jhayco', 'La_Original.mp3 by Emilia', 'BAD BOY by Chris Jedi & Gaby Music & Dei V', 'Perdió Este Culo by Bad Gyal', 'Buenas by Quevedo & Saiko', 'LALA by Myke Towers', 'El Malo by Eladio Carrion', 'OA by Anuel AA & Quevedo & Maluma', 'Una Foto Remix (feat. Emilia) by Mesita & Nicki Nicole & Tiago PZK', 'ASI ES LA VIDA by Enrique Iglesias & Maria Becerra', 'Japoni (feat. Camin, Moncho Chavea, Jthyago & Samueliyo Baby) by Oscar el Ruso & Samuel G & Omar Montes', 'LA FALDA by Myke Towers', 'COSAS QUE NO TE DIJE by Saiko', 'QLONA by KAROL G', 'SI SABE FERXXO by Blessd', 'Narcotics (with Bryant Myers) by Dei V & Bryant Myers', 'La Bachata by Manuel Turizo', 'BABY HELLO by Rauw Alejandro', 'Casanova by Soolking & Lola Indigo & Rvfv', 'LA ÚLTIMA by Quevedo', 'LA CAPI by Myke Towers', 'Los del Espacio by LIT killah'}",0,0,0.0,2025-02
2025-02-17,"{'El Cielo by Sky Rompiendo & Feid & Myke Towers', 'Si No Estás by iñigo quintero', 'Manos Rotas by DELLAFUENTE & Morad', 'PERRO NEGRO by Bad Bunny', 'LUNA by Feid', 'ZORRA by Nebulossa', ""X'CLUSIVO by Gonzy"", 'Young Miko: Bzrp Music Sessions, Vol. 58 by Bizarrap & Young Miko', 'Falsos Recuerdos by Abraham Mateo & Omar Montes', 'Hey Lil Mama by Eladio Carrion', 'A 300 by JC Reyes & Pedro Calderon & Blacknife', 'Madrid City by Ana Mena', 'El Mambo by Kiko Rivera', 'VAGABUNDO by Sebastian Yatra & Manuel Turizo & Beéle', 'Buscando Money by TWENTY SIX & Tayson Kryss', 'Quien Es Dei V? by Dei V', 'UNA BACHATA by Lola Indigo', 'M.A.I by Milo j', 'No Te Quieren Conmigo by Gaby Music & Lunay & Luar La L', 'lady madrizZz by céro', 'DONDE SE APRENDE A QUERER? by Mora', 'NO PIENSO LLAMAR by Soge Culebra', 'REINA by Mora', 'DILUVIO by Rauw Alejandro', 'MODELITO by Mora', 'Columbia by Quevedo', 'Mal de amores by Natos y Waor & Israel B', 'CONTIGO (with Tiësto) by KAROL G & Tiësto', 'Holanda by Jhayco', 'POLARIS - Remix by Saiko & Feid & Quevedo', 'La_Original.mp3 by Emilia', 'BAD BOY by Chris Jedi & Gaby Music & Dei V', 'Perdió Este Culo by Bad Gyal', 'Buenas by Quevedo & Saiko', 'LALA by Myke Towers', 'El Malo by Eladio Carrion', 'OA by Anuel AA & Quevedo & Maluma', 'Una Foto Remix (feat. Emilia) by Mesita & Nicki Nicole & Tiago PZK', 'ASI ES LA VIDA by Enrique Iglesias & Maria Becerra', 'Japoni (feat. Camin, Moncho Chavea, Jthyago & Samueliyo Baby) by Oscar el Ruso & Samuel G & Omar Montes', 'LA FALDA by Myke Towers', 'COSAS QUE NO TE DIJE by Saiko', 'QLONA by KAROL G', 'SI SABE FERXXO by Blessd', 'Narcotics (with Bryant Myers) by Dei V & Bryant Myers', 'La Bachata by Manuel Turizo', 'BABY HELLO by Rauw Alejandro', 'Casanova by Soolking & Lola Indigo & Rvfv', 'LA ÚLTIMA by Quevedo', 'LA CAPI by Myke Towers'}",1,1,0.02,2025-02
2025-02-18,"{'El Cielo by Sky Rompiendo & Feid & Myke Towers', 'Si No Estás by iñigo quintero', 'Manos Rotas by DELLAFUENTE & Morad', 'PERRO NEGRO by Bad Bunny', 'LUNA by Feid', 'ZORRA by Nebulossa', ""X'CLUSIVO by Gonzy"", 'Young Miko: Bzrp Music Sessions, Vol. 58 by Bizarrap & Young Miko', 'Falsos Recuerdos by Abraham Mateo & Omar Montes', 'Hey Lil Mama by Eladio Carrion', 'A 300 by JC Reyes & Pedro Calderon & Blacknife', 'Madrid City by Ana Mena', 'El Mambo by Kiko Rivera', 'VAGABUNDO by Sebastian Yatra & Manuel Turizo & Beéle', 'Buscando Money by TWENTY SIX & Tayson Kryss', 'Quien Es Dei V? by Dei V', 'UNA BACHATA by Lola Indigo', 'M.A.I by Milo j', 'No Te Quieren Conmigo by Gaby Music & Lunay & Luar La L', 'lady madrizZz by céro', 'NO PIENSO LLAMAR by Soge Culebra', 'REINA by Mora', 'DILUVIO by Rauw Alejandro', 'MODELITO by Mora', 'Columbia by Quevedo', 'POLARIS - Remix by Saiko & Feid & Quevedo', 'CONTIGO (with Tiësto) by KAROL G & Tiësto', 'Holanda by Jhayco', 'La_Original.mp3 by Emilia', 'BAD BOY by Chris Jedi & Gaby Music & Dei V', 'Perdió Este Culo by Bad Gyal', 'Buenas by Quevedo & Saiko', 'LALA by Myke Towers', 'FARDOS by JC Reyes & De La Ghetto', 'OA by Anuel AA & Quevedo & Maluma', 'Una Foto Remix (feat. Emilia) by Mesita & Nicki Nicole & Tiago PZK', 'ASI ES LA VIDA by Enrique Iglesias & Maria Becerra', 'Japoni (feat. Camin, Moncho Chavea, Jthyago & Samueliyo Baby) by Oscar el Ruso & Samuel G & Omar Montes', 'LA FALDA by Myke Towers', 'COSAS QUE NO TE DIJE by Saiko', 'QLONA by KAROL G', 'SI SABE FERXXO by Blessd', 'Narcotics (with Bryant Myers) by Dei V & Bryant Myers', 'La Bachata by Manuel Turizo', 'BABY HELLO by Rauw Alejandro', 'Tacos Gucci by Anuel AA', 'Casanova by Soolking & Lola Indigo & Rvfv', 'LA ÚLTIMA by Quevedo', 'LA CAPI by Myke Towers', 'Mamichula - con Nicki Nicole by Trueno'}",3,3,0.06,2025-02
2025-02-19,"{'El Cielo by Sky Rompiendo & Feid & Myke Towers', 'Si No Estás by iñigo quintero', 'Manos Rotas by DELLAFUENTE & Morad', 'PERRO NEGRO by Bad Bunny', 'LUNA by Feid', 'ZORRA by Nebulossa', ""X'CLUSIVO by Gonzy"", 'Young Miko: Bzrp Music Sessions, Vol. 58 by Bizarrap & Young Miko', 'Falsos Recuerdos by Abraham Mateo & Omar Montes', 'Hey Lil Mama by Eladio Carrion', 'A 300 by JC Reyes & Pedro Calderon & Blacknife', 'Madrid City by Ana Mena', 'El Mambo by Kiko Rivera', 'VAGABUNDO by Sebastian Yatra & Manuel Turizo & Beéle', 'Buscando Money by TWENTY SIX & Tayson Kryss', 'Quien Es Dei V? by Dei V', 'UNA BACHATA by Lola Indigo', 'M.A.I by Milo j', 'No Te Quieren Conmigo by Gaby Music & Lunay & Luar La L', 'lady madrizZz by céro', 'NO PIENSO LLAMAR by Soge Culebra', 'REINA by Mora', 'DILUVIO by Rauw Alejandro', 'MODELITO by Mora', 'Columbia by Quevedo', 'POLARIS - Remix by Saiko & Feid & Quevedo', 'CONTIGO (with Tiësto) by KAROL G & Tiësto', 'Holanda by Jhayco', 'La_Original.mp3 by Emilia', 'BAD BOY by Chris Jedi & Gaby Music & Dei V', 'Perdió Este Culo by Bad Gyal', 'Buenas by Quevedo & Saiko', 'LALA by Myke Towers', 'FARDOS by JC Reyes & De La Ghetto', 'OA by Anuel AA & Quevedo & Maluma', 'Una Foto Remix (feat. Emilia) by Mesita & Nicki Nicole & Tiago PZK', 'ASI ES LA VIDA by Enrique Iglesias & Maria Becerra', 'Japoni (feat. Camin, Moncho Chavea, Jthyago & Samueliyo Baby) by Oscar el Ruso & Samuel G & Omar Montes', 'LA FALDA by Myke Towers', 'COSAS QUE NO TE DIJE by Saiko', 'QLONA by KAROL G', 'SI SABE FERXXO by Blessd', 'Narcotics (with Bryant Myers) by Dei V & Bryant Myers', 'La Bachata by Manuel Turizo', 'BABY HELLO by Rauw Alejandro', 'Tacos Gucci by Anuel AA', 'Casanova by Soolking & Lola Indigo & Rvfv', 'LA ÚLTIMA by Quevedo', 'LA CAPI by Myke Towers', 'Mamichula - con Nicki Nicole by Trueno'}",0,0,0.0,2025-02
2025-02-20,"{'El Cielo by Sky Rompiendo & Feid & Myke Towers', 'Si No Estás by iñigo quintero', 'Manos Rotas by DELLAFUENTE & Morad', 'PERRO NEGRO by Bad Bunny', 'LUNA by Feid', ""X'CLUSIVO by Gonzy"", 'Young Miko: Bzrp Music Sessions, Vol. 58 by Bizarrap & Young Miko', 'Falsos Recuerdos by Abraham Mateo & Omar Montes', 'Hey Lil Mama by Eladio Carrion', 'A 300 by JC Reyes & Pedro Calderon & Blacknife', 'Madrid City by Ana Mena', 'El Mambo by Kiko Rivera', 'VAGABUNDO by Sebastian Yatra & Manuel Turizo & Beéle', 'Buscando Money by TWENTY SIX & Tayson Kryss', 'Quien Es Dei V? by Dei V', 'UNA BACHATA by Lola Indigo', 'M.A.I by Milo j', 'No Te Quieren Conmigo by Gaby Music & Lunay & Luar La L', 'lady madrizZz by céro', 'NO PIENSO LLAMAR by Soge Culebra', 'REINA by Mora', 'DILUVIO by Rauw Alejandro', 'MODELITO by Mora', 'Columbia by Quevedo', 'POLARIS - Remix by Saiko & Feid & Quevedo', 'CONTIGO (with Tiësto) by KAROL G & Tiësto', 'Holanda by Jhayco', 'La_Original.mp3 by Emilia', 'BAD BOY by Chris Jedi & Gaby Music & Dei V', 'Perdió Este Culo by Bad Gyal', 'Buenas by Quevedo & Saiko', 'LALA by Myke Towers', 'FARDOS by JC Reyes & De La Ghetto', 'OA by Anuel AA & Quevedo & Maluma', 'Una Foto Remix (feat. Emilia) by Mesita & Nicki Nicole & Tiago PZK', 'ASI ES LA VIDA by Enrique Iglesias & Maria Becerra', 'Japoni (feat. Camin, Moncho Chavea, Jthyago & Samueliyo Baby) by Oscar el Ruso & Samuel G & Omar Montes', 'LA FALDA by Myke Towers', 'COSAS QUE NO TE DIJE by Saiko', 'QLONA by KAROL G', 'SI SABE FERXXO by Blessd', 'Narcotics (with Bryant Myers) by Dei V & Bryant Myers', 'La Bachata by Manuel Turizo', 'BABY HELLO by Rauw Alejandro', 'Tacos Gucci by Anuel AA', 'Casanova by Soolking & Lola Indigo & Rvfv', 'LA ÚLTIMA by Quevedo', 'LA CAPI by Myke Towers', 'Mamichula - con Nicki Nicole by Trueno', 'Como Camarón by Estopa'}",1,1,0.02,2025-02
2025-02-21,"{'El Cielo by Sky Rompiendo & Feid & Myke Towers', 'Si No Estás by iñigo quintero', 'Manos Rotas by DELLAFUENTE & Morad', 'PERRO NEGRO by Bad Bunny', 'LUNA by Feid', ""X'CLUSIVO by Gonzy"", 'Young Miko: Bzrp Music Sessions, Vol. 58 by Bizarrap & Young Miko', 'Falsos Recuerdos by Abraham Mateo & Omar Montes', 'Hey Lil Mama by Eladio Carrion', 'A 300 by JC Reyes & Pedro Calderon & Blacknife', 'Madrid City by Ana Mena', 'El Mambo by Kiko Rivera', 'VAGABUNDO by Sebastian Yatra & Manuel Turizo & Beéle', 'Buscando Money by TWENTY SIX & Tayson Kryss', 'Quien Es Dei V? by Dei V', 'UNA BACHATA by Lola Indigo', 'M.A.I by Milo j', 'No Te Quieren Conmigo by Gaby Music & Lunay & Luar La L', 'lady madrizZz by céro', 'NO PIENSO LLAMAR by Soge Culebra', 'REINA by Mora', 'DILUVIO by Rauw Alejandro', 'MODELITO by Mora', 'Columbia by Quevedo', 'POLARIS - Remix by Saiko & Feid & Quevedo', 'CONTIGO (with Tiësto) by KAROL G & Tiësto', 'Holanda by Jhayco', 'La_Original.mp3 by Emilia', 'BAD BOY by Chris Jedi & Gaby Music & Dei V', 'Perdió Este Culo by Bad Gyal', 'Buenas by Quevedo & Saiko', 'LALA by Myke Towers', 'FARDOS by JC Reyes & De La Ghetto', 'OA by Anuel AA & Quevedo & Maluma', 'Una Foto Remix (feat. Emilia) by Mesita & Nicki Nicole & Tiago PZK', 'ASI ES LA VIDA by Enrique Iglesias & Maria Becerra', 'Japoni (feat. Camin, Moncho Chavea, Jthyago & Samueliyo Baby) by Oscar el Ruso & Samuel G & Omar Montes', 'LA FALDA by Myke Towers', 'COSAS QUE NO TE DIJE by Saiko', 'QLONA by KAROL G', 'SI SABE FERXXO by Blessd', 'Narcotics (with Bryant Myers) by Dei V & Bryant Myers', 'La Bachata by Manuel Turizo', 'BABY HELLO by Rauw Alejandro', 'Tacos Gucci by Anuel AA', 'Casanova by Soolking & Lola Indigo & Rvfv', 'LA ÚLTIMA by Quevedo', 'LA CAPI by Myke Towers', 'Mamichula - con Nicki Nicole by Trueno', 'Como Camarón by Estopa'}",0,0,0.0,2025-02
2025-02-22,"{'El Cielo by Sky Rompiendo & Feid & Myke Towers', 'Si No Estás by iñigo quintero', 'Manos Rotas by DELLAFUENTE & Morad', 'PERRO NEGRO by Bad Bunny', 'LUNA by Feid', ""X'CLUSIVO by Gonzy"", 'Young Miko: Bzrp Music Sessions, Vol. 58 by Bizarrap & Young Miko', 'Falsos Recuerdos by Abraham Mateo & Omar Montes', 'Hey Lil Mama by Eladio Carrion', 'A 300 by JC Reyes & Pedro Calderon & Blacknife', 'Madrid City by Ana Mena', 'VAGABUNDO by Sebastian Yatra & Manuel Turizo & Beéle', 'Buscando Money by TWENTY SIX & Tayson Kryss', 'Quien Es Dei V? by Dei V', 'UNA BACHATA by Lola Indigo', 'M.A.I by Milo j', 'No Te Quieren Conmigo by Gaby Music & Lunay & Luar La L', 'El Patio by Pepe y Vizio & Delaossa & KIDDO', 'lady madrizZz by céro', 'NO PIENSO LLAMAR by Soge Culebra', 'REINA by Mora', 'DILUVIO by Rauw Alejandro', 'MODELITO by Mora', 'Columbia by Quevedo', 'POLARIS - Remix by Saiko & Feid & Quevedo', 'CONTIGO (with Tiësto) by KAROL G & Tiësto', 'Holanda by Jhayco', 'La_Original.mp3 by Emilia', 'Historias Por Contar by Operación Triunfo 2023', 'BAD BOY by Chris Jedi & Gaby Music & Dei V', 'Perdió Este Culo by Bad Gyal', 'Buenas by Quevedo & Saiko', 'LALA by Myke Towers', 'FARDOS by JC Reyes & De La Ghetto', 'OA by Anuel AA & Quevedo & Maluma', 'Una Foto Remix (feat. Emilia) by Mesita & Nicki Nicole & Tiago PZK', 'ASI ES LA VIDA by Enrique Iglesias & Maria Becerra', 'Japoni (feat. Camin, Moncho Chavea, Jthyago & Samueliyo Baby) by Oscar el Ruso & Samuel G & Omar Montes', 'LA FALDA by Myke Towers', 'COSAS QUE NO TE DIJE by Saiko', 'QLONA by KAROL G', 'SI SABE FERXXO by Blessd', 'Narcotics (with Bryant Myers) by Dei V & Bryant Myers', 'La Bachata by Manuel Turizo', 'BABY HELLO by Rauw Alejandro', 'Tacos Gucci by Anuel AA', 'Casanova by Soolking & Lola Indigo & Rvfv', 'LA ÚLTIMA by Quevedo', 'LA CAPI by Myke Towers', 'Mamichula - con Nicki Nicole by Trueno'}",2,2,0.04,2025-02
2025-02-23,"{'El Cielo by Sky Rompiendo & Feid & Myke Towers', 'Si No Estás by iñigo quintero', 'Manos Rotas by DELLAFUENTE & Morad', 'PERRO NEGRO by Bad Bunny', 'LUNA by Feid', ""X'CLUSIVO by Gonzy"", 'Young Miko: Bzrp Music Sessions, Vol. 58 by Bizarrap & Young Miko', 'Falsos Recuerdos by Abraham Mateo & Omar Montes', 'Hey Lil Mama by Eladio Carrion', 'A 300 by JC Reyes & Pedro Calderon & Blacknife', 'Madrid City by Ana Mena', 'VAGABUNDO by Sebastian Yatra & Manuel Turizo & Beéle', 'Buscando Money by TWENTY SIX & Tayson Kryss', 'Quien Es Dei V? by Dei V', 'UNA BACHATA by Lola Indigo', 'M.A.I by Milo j', 'No Te Quieren Conmigo by Gaby Music & Lunay & Luar La L', 'El Patio by Pepe y Vizio & Delaossa & KIDDO', 'lady madrizZz by céro', 'NO PIENSO LLAMAR by Soge Culebra', 'REINA by Mora', 'DILUVIO by Rauw Alejandro', 'MODELITO by Mora', 'Columbia by Quevedo', 'POLARIS - Remix by Saiko & Feid & Quevedo', 'CONTIGO (with Tiësto) by KAROL G & Tiësto', 'Holanda by Jhayco', 'La_Original.mp3 by Emilia', 'Historias Por Contar by Operación Triunfo 2023', 'BAD BOY by Chris Jedi & Gaby Music & Dei V', 'Perdió Este Culo by Bad Gyal', 'Buenas by Quevedo & Saiko', 'LALA by Myke Towers', 'FARDOS by JC Reyes & De La Ghetto', 'OA by Anuel AA & Quevedo & Maluma', 'Una Foto Remix (feat. Emilia) by Mesita & Nicki Nicole & Tiago PZK', 'ASI ES LA VIDA by Enrique Iglesias & Maria Becerra', 'Japoni (feat. Camin, Moncho Chavea, Jthyago & Samueliyo Baby) by Oscar el Ruso & Samuel G & Omar Montes', 'LA FALDA by Myke Towers', 'COSAS QUE NO TE DIJE by Saiko', 'QLONA by KAROL G', 'SI SABE FERXXO by Blessd', 'Narcotics (with Bryant Myers) by Dei V & Bryant Myers', 'La Bachata by Manuel Turizo', 'BABY HELLO by Rauw Alejandro', 'Tacos Gucci by Anuel AA', 'Casanova by Soolking & Lola Indigo & Rvfv', 'LA ÚLTIMA by Quevedo', 'LA CAPI by Myke Towers', 'Mamichula - con Nicki Nicole by Trueno'}",0,0,0.0,2025-02
2025-02-24,"{'El Cielo by Sky Rompiendo & Feid & Myke Towers', 'Mamichula - con Nicki Nicole by Trueno', 'Manos Rotas by DELLAFUENTE & Morad', 'Si No Estás by iñigo quintero', 'PERRO NEGRO by Bad Bunny', 'LUNA by Feid', ""X'CLUSIVO by Gonzy"", 'Young Miko: Bzrp Music Sessions, Vol. 58 by Bizarrap & Young Miko', 'Falsos Recuerdos by Abraham Mateo & Omar Montes', 'Hey Lil Mama by Eladio Carrion', 'A 300 by JC Reyes & Pedro Calderon & Blacknife', 'Madrid City by Ana Mena', 'VAGABUNDO by Sebastian Yatra & Manuel Turizo & Beéle', 'Buscando Money by TWENTY SIX & Tayson Kryss', 'Quien Es Dei V? by Dei V', 'UNA BACHATA by Lola Indigo', 'M.A.I by Milo j', 'No Te Quieren Conmigo by Gaby Music & Lunay & Luar La L', 'El Patio by Pepe y Vizio & Delaossa & KIDDO', 'lady madrizZz by céro', 'NO PIENSO LLAMAR by Soge Culebra', 'REINA by Mora', 'DILUVIO by Rauw Alejandro', 'MODELITO by Mora', 'Columbia by Quevedo', 'POLARIS - Remix by Saiko & Feid & Quevedo', 'CONTIGO (with Tiësto) by KAROL G & Tiësto', 'Holanda by Jhayco', 'La_Original.mp3 by Emilia', 'Historias Por Contar by Operación Triunfo 2023', 'BAD BOY by Chris Jedi & Gaby Music & Dei V', 'Perdió Este Culo by Bad Gyal', 'Buenas by Quevedo & Saiko', 'LALA by Myke Towers', 'FARDOS by JC Reyes & De La Ghetto', 'OA by Anuel AA & Quevedo & Maluma', 'Una Foto Remix (feat. Emilia) by Mesita & Nicki Nicole & Tiago PZK', 'ASI ES LA VIDA by Enrique Iglesias & Maria Becerra', 'Japoni (feat. Camin, Moncho Chavea, Jthyago & Samueliyo Baby) by Oscar el Ruso & Samuel G & Omar Montes', 'LA FALDA by Myke Towers', 'COSAS QUE NO TE DIJE by Saiko', 'QLONA by KAROL G', 'SI SABE FERXXO by Blessd', 'Narcotics (with Bryant Myers) by Dei V & Bryant Myers', 'La Bachata by Manuel Turizo', 'BABY HELLO by Rauw Alejandro', 'Casanova by Soolking & Lola Indigo & Rvfv', 'LA ÚLTIMA by Quevedo', 'LA CAPI by Myke Towers', 'Gata Only by FloyyMenor & Cris Mj'}",1,1,0.02,2025-02
2025-02-25,"{'El Cielo by Sky Rompiendo & Feid & Myke Towers', 'Mamichula - con Nicki Nicole by Trueno', 'Manos Rotas by DELLAFUENTE & Morad', 'Si No Estás by iñigo quintero', 'PERRO NEGRO by Bad Bunny', 'LUNA by Feid', ""X'CLUSIVO by Gonzy"", 'Young Miko: Bzrp Music Sessions, Vol. 58 by Bizarrap & Young Miko', 'Falsos Recuerdos by Abraham Mateo & Omar Montes', 'Hey Lil Mama by Eladio Carrion', 'A 300 by JC Reyes & Pedro Calderon & Blacknife', 'Madrid City by Ana Mena', 'VAGABUNDO by Sebastian Yatra & Manuel Turizo & Beéle', 'Buscando Money by TWENTY SIX & Tayson Kryss', 'Quien Es Dei V? by Dei V', 'EMPELOTICA by Lenny Tavárez & Feid', 'UNA BACHATA by Lola Indigo', 'M.A.I by Milo j', 'No Te Quieren Conmigo by Gaby Music & Lunay & Luar La L', 'El Patio by Pepe y Vizio & Delaossa & KIDDO', 'lady madrizZz by céro', 'NO PIENSO LLAMAR by Soge Culebra', 'REINA by Mora', 'DILUVIO by Rauw Alejandro', 'MODELITO by Mora', 'Columbia by Quevedo', 'POLARIS - Remix by Saiko & Feid & Quevedo', 'CONTIGO (with Tiësto) by KAROL G & Tiësto', 'Holanda by Jhayco', 'La_Original.mp3 by Emilia', 'BAD BOY by Chris Jedi & Gaby Music & Dei V', 'Buenas by Quevedo & Saiko', 'LALA by Myke Towers', 'FARDOS by JC Reyes & De La Ghetto', 'OA by Anuel AA & Quevedo & Maluma', 'Una Foto Remix (feat. Emilia) by Mesita & Nicki Nicole & Tiago PZK', 'ASI ES LA VIDA by Enrique Iglesias & Maria Becerra', 'Japoni (feat. Camin, Moncho Chavea, Jthyago & Samueliyo Baby) by Oscar el Ruso & Samuel G & Omar Montes', 'LA FALDA by Myke Towers', 'COSAS QUE NO TE DIJE by Saiko', 'QLONA by KAROL G', 'SI SABE FERXXO by Blessd', 'Narcotics (with Bryant Myers) by Dei V & Bryant Myers', 'La Bachata by Manuel Turizo', 'BABY HELLO by Rauw Alejandro', 'Tacos Gucci by Anuel AA', 'Casanova by Soolking & Lola Indigo & Rvfv', 'LA ÚLTIMA by Quevedo', 'LA CAPI by Myke Towers', 'Gata Only by FloyyMenor & Cris Mj'}",2,2,0.04,2025-02
2025-02-26,"{'El Cielo by Sky Rompiendo & Feid & Myke Towers', 'Mamichula - con Nicki Nicole by Trueno', 'Manos Rotas by DELLAFUENTE & Morad', 'Si No Estás by iñigo quintero', 'PERRO NEGRO by Bad Bunny', 'LUNA by Feid', ""X'CLUSIVO by Gonzy"", 'Young Miko: Bzrp Music Sessions, Vol. 58 by Bizarrap & Young Miko', 'Hey Lil Mama by Eladio Carrion', 'A 300 by JC Reyes & Pedro Calderon & Blacknife', 'Madrid City by Ana Mena', 'El Mambo by Kiko Rivera', 'VAGABUNDO by Sebastian Yatra & Manuel Turizo & Beéle', 'Buscando Money by TWENTY SIX & Tayson Kryss', 'Quien Es Dei V? by Dei V', 'UNA BACHATA by Lola Indigo', 'M.A.I by Milo j', 'No Te Quieren Conmigo by Gaby Music & Lunay & Luar La L', 'El Patio by Pepe y Vizio & Delaossa & KIDDO', 'lady madrizZz by céro', 'NO PIENSO LLAMAR by Soge Culebra', 'REINA by Mora', 'DILUVIO by Rauw Alejandro', 'MODELITO by Mora', 'Columbia by Quevedo', 'POLARIS - Remix by Saiko & Feid & Quevedo', 'CONTIGO (with Tiësto) by KAROL G & Tiësto', 'Holanda by Jhayco', 'SEYA by GIMS', 'La_Original.mp3 by Emilia', 'BAD BOY by Chris Jedi & Gaby Music & Dei V', 'Buenas by Quevedo & Saiko', 'LALA by Myke Towers', 'FARDOS by JC Reyes & De La Ghetto', 'OA by Anuel AA & Quevedo & Maluma', 'Una Foto Remix (feat. Emilia) by Mesita & Nicki Nicole & Tiago PZK', 'ASI ES LA VIDA by Enrique Iglesias & Maria Becerra', 'Japoni (feat. Camin, Moncho Chavea, Jthyago & Samueliyo Baby) by Oscar el Ruso & Samuel G & Omar Montes', 'LA FALDA by Myke Towers', 'COSAS QUE NO TE DIJE by Saiko', 'QLONA by KAROL G', 'SI SABE FERXXO by Blessd', 'Narcotics (with Bryant Myers) by Dei V & Bryant Myers', 'La Bachata by Manuel Turizo', 'BABY HELLO by Rauw Alejandro', 'Tacos Gucci by Anuel AA', 'Casanova by Soolking & Lola Indigo & Rvfv', 'LA ÚLTIMA by Quevedo', 'LA CAPI by Myke Towers', 'Gata Only by FloyyMenor & Cris Mj'}",2,2,0.04,2025-02
2025-02-27,"{'El Cielo by Sky Rompiendo & Feid & Myke Towers', 'Mamichula - con Nicki Nicole by Trueno', 'Manos Rotas by DELLAFUENTE & Morad', 'Si No Estás by iñigo quintero', 'PERRO NEGRO by Bad Bunny', 'LUNA by Feid', ""X'CLUSIVO by Gonzy"", 'Young Miko: Bzrp Music Sessions, Vol. 58 by Bizarrap & Young Miko', 'Hey Lil Mama by Eladio Carrion', 'A 300 by JC Reyes & Pedro Calderon & Blacknife', 'Madrid City by Ana Mena', 'El Mambo by Kiko Rivera', 'VAGABUNDO by Sebastian Yatra & Manuel Turizo & Beéle', 'Buscando Money by TWENTY SIX & Tayson Kryss', 'Quien Es Dei V? by Dei V', 'UNA BACHATA by Lola Indigo', 'M.A.I by Milo j', 'No Te Quieren Conmigo by Gaby Music & Lunay & Luar La L', 'El Patio by Pepe y Vizio & Delaossa & KIDDO', 'lady madrizZz by céro', 'NO PIENSO LLAMAR by Soge Culebra', 'REINA by Mora', 'DILUVIO by Rauw Alejandro', 'MODELITO by Mora', 'Columbia by Quevedo', 'POLARIS - Remix by Saiko & Feid & Quevedo', 'CONTIGO (with Tiësto) by KAROL G & Tiësto', 'Holanda by Jhayco', 'SEYA by GIMS', 'La_Original.mp3 by Emilia', 'BAD BOY by Chris Jedi & Gaby Music & Dei V', 'Buenas by Quevedo & Saiko', 'LALA by Myke Towers', 'FARDOS by JC Reyes & De La Ghetto', 'OA by Anuel AA & Quevedo & Maluma', 'Una Foto Remix (feat. Emilia) by Mesita & Nicki Nicole & Tiago PZK', 'ASI ES LA VIDA by Enrique Iglesias & Maria Becerra', 'Japoni (feat. Camin, Moncho Chavea, Jthyago & Samueliyo Baby) by Oscar el Ruso & Samuel G & Omar Montes', 'LA FALDA by Myke Towers', 'COSAS QUE NO TE DIJE by Saiko', 'QLONA by KAROL G', 'SI SABE FERXXO by Blessd', 'Narcotics (with Bryant Myers) by Dei V & Bryant Myers', 'La Bachata by Manuel Turizo', 'BABY HELLO by Rauw Alejandro', 'Tacos Gucci by Anuel AA', 'Casanova by Soolking & Lola Indigo & Rvfv', 'LA ÚLTIMA by Quevedo', 'LA CAPI by Myke Towers', 'Gata Only by FloyyMenor & Cris Mj'}",0,0,0.0,2025-02
2025-02-28,"{'El Cielo by Sky Rompiendo & Feid & Myke Towers', 'Mamichula - con Nicki Nicole by Trueno', 'Manos Rotas by DELLAFUENTE & Morad', 'Si No Estás by iñigo quintero', 'PERRO NEGRO by Bad Bunny', 'LUNA by Feid', ""X'CLUSIVO by Gonzy"", 'Young Miko: Bzrp Music Sessions, Vol. 58 by Bizarrap & Young Miko', 'Hey Lil Mama by Eladio Carrion', 'A 300 by JC Reyes & Pedro Calderon & Blacknife', 'Madrid City by Ana Mena', 'El Mambo by Kiko Rivera', 'VAGABUNDO by Sebastian Yatra & Manuel Turizo & Beéle', 'Buscando Money by TWENTY SIX & Tayson Kryss', 'Quien Es Dei V? by Dei V', 'EMPELOTICA by Lenny Tavárez & Feid', 'UNA BACHATA by Lola Indigo', 'M.A.I by Milo j', 'No Te Quieren Conmigo by Gaby Music & Lunay & Luar La L', 'El Patio by Pepe y Vizio & Delaossa & KIDDO', 'lady madrizZz by céro', 'NO PIENSO LLAMAR by Soge Culebra', 'REINA by Mora', 'DILUVIO by Rauw Alejandro', 'MODELITO by Mora', 'Columbia by Quevedo', 'POLARIS - Remix by Saiko & Feid & Quevedo', 'CONTIGO (with Tiësto) by KAROL G & Tiësto', 'Holanda by Jhayco', 'La_Original.mp3 by Emilia', 'BAD BOY by Chris Jedi & Gaby Music & Dei V', 'Buenas by Quevedo & Saiko', 'LALA by Myke Towers', 'FARDOS by JC Reyes & De La Ghetto', 'OA by Anuel AA & Quevedo & Maluma', 'Una Foto Remix (feat. Emilia) by Mesita & Nicki Nicole & Tiago PZK', 'ASI ES LA VIDA by Enrique Iglesias & Maria Becerra', 'Japoni (feat. Camin, Moncho Chavea, Jthyago & Samueliyo Baby) by Oscar el Ruso & Samuel G & Omar Montes', 'LA FALDA by Myke Towers', 'COSAS QUE NO TE DIJE by Saiko', 'QLONA by KAROL G', 'SI SABE FERXXO by Blessd', 'Narcotics (with Bryant Myers) by Dei V & Bryant Myers', 'La Bachata by Manuel Turizo', 'BABY HELLO by Rauw Alejandro', 'Tacos Gucci by Anuel AA', 'Casanova by Soolking & Lola Indigo & Rvfv', 'LA ÚLTIMA by Quevedo', 'LA CAPI by Myke Towers', 'Gata Only by FloyyMenor & Cris Mj'}",1,1,0.02,2025-02
2025-03-01,"{'El Cielo by Sky Rompiendo & Feid & Myke Towers', 'Mamichula - con Nicki Nicole by Trueno', 'Manos Rotas by DELLAFUENTE & Morad', 'Si No Estás by iñigo quintero', 'PERRO NEGRO by Bad Bunny', 'LUNA by Feid', ""X'CLUSIVO by Gonzy"", 'Young Miko: Bzrp Music Sessions, Vol. 58 by Bizarrap & Young Miko', 'Hey Lil Mama by Eladio Carrion', 'A 300 by JC Reyes & Pedro Calderon & Blacknife', 'Madrid City by Ana Mena', 'El Mambo by Kiko Rivera', 'VAGABUNDO by Sebastian Yatra & Manuel Turizo & Beéle', 'TU$$I (with Dei V) by YOVNGCHIMI', 'Buscando Money by TWENTY SIX & Tayson Kryss', 'Quien Es Dei V? by Dei V', 'EMPELOTICA by Lenny Tavárez & Feid', 'UNA BACHATA by Lola Indigo', 'M.A.I by Milo j', 'No Te Quieren Conmigo by Gaby Music & Lunay & Luar La L', 'El Patio by Pepe y Vizio & Delaossa & KIDDO', 'lady madrizZz by céro', 'NO PIENSO LLAMAR by Soge Culebra', 'REINA by Mora', 'DILUVIO by Rauw Alejandro', 'MODELITO by Mora', 'Columbia by Quevedo', 'POLARIS - Remix by Saiko & Feid & Quevedo', 'CONTIGO (with Tiësto) by KAROL G & Tiësto', 'Holanda by Jhayco', 'La_Original.mp3 by Emilia', 'BAD BOY by Chris Jedi & Gaby Music & Dei V', 'Buenas by Quevedo & Saiko', 'LALA by Myke Towers', 'FARDOS by JC Reyes & De La Ghetto', 'OA by Anuel AA & Quevedo & Maluma', 'Una Foto Remix (feat. Emilia) by Mesita & Nicki Nicole & Tiago PZK', 'ASI ES LA VIDA by Enrique Iglesias & Maria Becerra', 'Japoni (feat. Camin, Moncho Chavea, Jthyago & Samueliyo Baby) by Oscar el Ruso & Samuel G & Omar Montes', 'LA FALDA by Myke Towers', 'COSAS QUE NO TE DIJE by Saiko', 'QLONA by KAROL G', 'Narcotics (with Bryant Myers) by Dei V & Bryant Myers', 'La Bachata by Manuel Turizo', 'BABY HELLO by Rauw Alejandro', 'Tacos Gucci by Anuel AA', 'Casanova by Soolking & Lola Indigo & Rvfv', 'LA ÚLTIMA by Quevedo', 'LA CAPI by Myke Towers', 'Gata Only by FloyyMenor & Cris Mj'}",1,1,0.02,2025-03
2025-03-02,"{'El Cielo by Sky Rompiendo & Feid & Myke Towers', 'Mamichula - con Nicki Nicole by Trueno', 'Manos Rotas by DELLAFUENTE & Morad', 'Si No Estás by iñigo quintero', 'PERRO NEGRO by Bad Bunny', 'LUNA by Feid', ""X'CLUSIVO by Gonzy"", 'Young Miko: Bzrp Music Sessions, Vol. 58 by Bizarrap & Young Miko', 'Hey Lil Mama by Eladio Carrion', 'A 300 by JC Reyes & Pedro Calderon & Blacknife', 'Madrid City by Ana Mena', 'VAGABUNDO by Sebastian Yatra & Manuel Turizo & Beéle', 'TU$$I (with Dei V) by YOVNGCHIMI', 'Buscando Money by TWENTY SIX & Tayson Kryss', 'Quien Es Dei V? by Dei V', 'EMPELOTICA by Lenny Tavárez & Feid', 'UNA BACHATA by Lola Indigo', 'M.A.I by Milo j', 'No Te Quieren Conmigo by Gaby Music & Lunay & Luar La L', 'El Patio by Pepe y Vizio & Delaossa & KIDDO', 'lady madrizZz by céro', 'NO PIENSO LLAMAR by Soge Culebra', 'Cómo Te Atreves by Morat', 'REINA by Mora', 'DILUVIO by Rauw Alejandro', 'MODELITO by Mora', 'Columbia by Quevedo', 'CONTIGO (with Tiësto) by KAROL G & Tiësto', 'Holanda by Jhayco', 'La_Original.mp3 by Emilia', 'BAD BOY by Chris Jedi & Gaby Music & Dei V', 'LALA by Myke Towers', 'FARDOS by JC Reyes & De La Ghetto', 'OA by Anuel AA & Quevedo & Maluma', 'Una Foto Remix (feat. Emilia) by Mesita & Nicki Nicole & Tiago PZK', 'ASI ES LA VIDA by Enrique Iglesias & Maria Becerra', 'PERREO LENTO by Chris Jedi & Gaby Music & Dei V', 'COSAS QUE NO TE DIJE by SAIKO', 'Japoni (feat. Camin, Moncho Chavea, Jthyago & Samueliyo Baby) by Oscar el Ruso & Samuel G & Omar Montes', 'LA FALDA by Myke Towers', 'QLONA by KAROL G', 'Narcotics (with Bryant Myers) by Dei V & Bryant Myers', 'Buenas by Quevedo & SAIKO', 'La Bachata by Manuel Turizo', 'BABY HELLO by Rauw Alejandro', 'POLARIS - Remix by SAIKO & Feid & Quevedo', 'Casanova by Soolking & Lola Indigo & Rvfv', 'LA ÚLTIMA by Quevedo', 'LA CAPI by Myke Towers', 'Gata Only by FloyyMenor & Cris Mj'}",5,5,0.1,2025-03
2025-03-03,"{'El Cielo by Sky Rompiendo & Feid & Myke Towers', 'Mamichula - con Nicki Nicole by Trueno', 'Manos Rotas by DELLAFUENTE & Morad', 'Si No Estás by iñigo quintero', 'PERRO NEGRO by Bad Bunny', 'LUNA by Feid', ""X'CLUSIVO by Gonzy"", 'Young Miko: Bzrp Music Sessions, Vol. 58 by Bizarrap & Young Miko', 'Hey Lil Mama by Eladio Carrion', 'A 300 by JC Reyes & Pedro Calderon & Blacknife', 'Madrid City by Ana Mena', 'Trending Remix (with Myke Towers) by Dei V', 'VAGABUNDO by Sebastian Yatra & Manuel Turizo & Beéle', 'TU$$I (with Dei V) by YOVNGCHIMI', 'Buscando Money by TWENTY SIX & Tayson Kryss', 'Quien Es Dei V? by Dei V', 'EMPELOTICA by Lenny Tavárez & Feid', 'UNA BACHATA by Lola Indigo', 'M.A.I by Milo j', 'No Te Quieren Conmigo by Gaby Music & Lunay & Luar La L', 'El Patio by Pepe y Vizio & Delaossa & KIDDO', 'REINA by Mora', 'DILUVIO by Rauw Alejandro', 'MODELITO by Mora', 'El Merengue by Marshmello', 'Columbia by Quevedo', 'CONTIGO (with Tiësto) by KAROL G & Tiësto', 'Holanda by Jhayco', 'La_Original.mp3 by Emilia', 'BAD BOY by Chris Jedi & Gaby Music & Dei V', 'LALA by Myke Towers', 'FARDOS by JC Reyes & De La Ghetto', ""X'CLUSIVO - REMIX by Gonzy & SAIKO & Arcángel"", 'OA by Anuel AA & Quevedo & Maluma', 'Una Foto Remix (feat. Emilia) by Mesita & Nicki Nicole & Tiago PZK', 'ASI ES LA VIDA by Enrique Iglesias & Maria Becerra', 'PERREO LENTO by Chris Jedi & Gaby Music & Dei V', 'COSAS QUE NO TE DIJE by SAIKO', 'Japoni (feat. Camin, Moncho Chavea, Jthyago & Samueliyo Baby) by Oscar el Ruso & Samuel G & Omar Montes', 'LA FALDA by Myke Towers', 'QLONA by KAROL G', 'Narcotics (with Bryant Myers) by Dei V & Bryant Myers', 'Buenas by Quevedo & SAIKO', 'La Bachata by Manuel Turizo', 'BABY HELLO by Rauw Alejandro', 'POLARIS - Remix by SAIKO & Feid & Quevedo', 'Casanova by Soolking & Lola Indigo & Rvfv', 'LA ÚLTIMA by Quevedo', 'LA CAPI by Myke Towers', 'Gata Only by FloyyMenor & Cris Mj'}",3,3,0.06,2025-03
2025-03-04,"{'Mamichula - con Nicki Nicole by Trueno', 'Manos Rotas by DELLAFUENTE & Morad', 'Si No Estás by iñigo quintero', 'PERRO NEGRO by Bad Bunny', 'LUNA by Feid', ""X'CLUSIVO by Gonzy"", 'Young Miko: Bzrp Music Sessions, Vol. 58 by Bizarrap & Young Miko', 'Hey Lil Mama by Eladio Carrion', 'A 300 by JC Reyes & Pedro Calderon & Blacknife', 'Madrid City by Ana Mena', 'Trending Remix (with Myke Towers) by Dei V', 'VAGABUNDO by Sebastian Yatra & Manuel Turizo & Beéle', 'TU$$I (with Dei V) by YOVNGCHIMI', 'Buscando Money by TWENTY SIX & Tayson Kryss', 'Quien Es Dei V? by Dei V', 'EMPELOTICA by Lenny Tavárez & Feid', 'UNA BACHATA by Lola Indigo', 'M.A.I by Milo j', 'No Te Quieren Conmigo by Gaby Music & Lunay & Luar La L', 'El Patio by Pepe y Vizio & Delaossa & KIDDO', 'REINA by Mora', 'DILUVIO by Rauw Alejandro', 'MODELITO by Mora', 'Columbia by Quevedo', 'CONTIGO (with Tiësto) by KAROL G & Tiësto', 'Holanda by Jhayco', 'La_Original.mp3 by Emilia', 'BAD BOY by Chris Jedi & Gaby Music & Dei V', 'LALA by Myke Towers', 'FARDOS by JC Reyes & De La Ghetto', ""X'CLUSIVO - REMIX by Gonzy & SAIKO & Arcángel"", 'OA by Anuel AA & Quevedo & Maluma', 'Una Foto Remix (feat. Emilia) by Mesita & Nicki Nicole & Tiago PZK', 'ASI ES LA VIDA by Enrique Iglesias & Maria Becerra', 'PERREO LENTO by Chris Jedi & Gaby Music & Dei V', 'COSAS QUE NO TE DIJE by SAIKO', 'Japoni (feat. Camin, Moncho Chavea, Jthyago & Samueliyo Baby) by Oscar el Ruso & Samuel G & Omar Montes', 'LA FALDA by Myke Towers', 'QLONA by KAROL G', 'Narcotics (with Bryant Myers) by Dei V & Bryant Myers', 'Buenas by Quevedo & SAIKO', 'Alucin by Eugenio Esquivel & Grupo Marca Registrada & Sebastian Esquivel', 'La Bachata by Manuel Turizo', 'BABY HELLO by Rauw Alejandro', 'POLARIS - Remix by SAIKO & Feid & Quevedo', 'Tacos Gucci by Anuel AA', 'Casanova by Soolking & Lola Indigo & Rvfv', 'LA ÚLTIMA by Quevedo', 'LA CAPI by Myke Towers', 'Gata Only by FloyyMenor & Cris Mj'}",2,2,0.04,2025-03
2025-03-05,"{'Mamichula - con Nicki Nicole by Trueno', 'Manos Rotas by DELLAFUENTE & Morad', 'Si No Estás by iñigo quintero', 'PERRO NEGRO by Bad Bunny', 'LUNA by Feid', ""X'CLUSIVO by Gonzy"", 'Young Miko: Bzrp Music Sessions, Vol. 58 by Bizarrap & Young Miko', 'Hey Lil Mama by Eladio Carrion', 'A 300 by JC Reyes & Pedro Calderon & Blacknife', 'Madrid City by Ana Mena', 'Trending Remix (with Myke Towers) by Dei V', 'VAGABUNDO by Sebastian Yatra & Manuel Turizo & Beéle', 'TU$$I (with Dei V) by YOVNGCHIMI', 'Buscando Money by TWENTY SIX & Tayson Kryss', 'Quien Es Dei V? by Dei V', 'EMPELOTICA by Lenny Tavárez & Feid', 'UNA BACHATA by Lola Indigo', 'M.A.I by Milo j', 'No Te Quieren Conmigo by Gaby Music & Lunay & Luar La L', 'El Patio by Pepe y Vizio & Delaossa & KIDDO', 'REINA by Mora', 'DILUVIO by Rauw Alejandro', 'MODELITO by Mora', 'Columbia by Quevedo', 'CONTIGO (with Tiësto) by KAROL G & Tiësto', 'Holanda by Jhayco', 'La_Original.mp3 by Emilia', 'BAD BOY by Chris Jedi & Gaby Music & Dei V', 'LALA by Myke Towers', 'FARDOS by JC Reyes & De La Ghetto', ""X'CLUSIVO - REMIX by Gonzy & SAIKO & Arcángel"", 'OA by Anuel AA & Quevedo & Maluma', 'Una Foto Remix (feat. Emilia) by Mesita & Nicki Nicole & Tiago PZK', 'ASI ES LA VIDA by Enrique Iglesias & Maria Becerra', 'PERREO LENTO by Chris Jedi & Gaby Music & Dei V', 'COSAS QUE NO TE DIJE by SAIKO', 'Japoni (feat. Camin, Moncho Chavea, Jthyago & Samueliyo Baby) by Oscar el Ruso & Samuel G & Omar Montes', 'LA FALDA by Myke Towers', 'QLONA by KAROL G', 'Narcotics (with Bryant Myers) by Dei V & Bryant Myers', 'Buenas by Quevedo & SAIKO', 'Alucin by Eugenio Esquivel & Grupo Marca Registrada & Sebastian Esquivel', 'La Bachata by Manuel Turizo', 'BABY HELLO by Rauw Alejandro', 'POLARIS - Remix by SAIKO & Feid & Quevedo', 'Tacos Gucci by Anuel AA', 'Casanova by Soolking & Lola Indigo & Rvfv', 'LA ÚLTIMA by Quevedo', 'LA CAPI by Myke Towers', 'Gata Only by FloyyMenor & Cris Mj'}",0,0,0.0,2025-03
2025-03-06,"{'El Cielo by Sky Rompiendo & Feid & Myke Towers', 'Mamichula - con Nicki Nicole by Trueno', 'Manos Rotas by DELLAFUENTE & Morad', 'Si No Estás by iñigo quintero', 'PERRO NEGRO by Bad Bunny', 'LUNA by Feid', ""X'CLUSIVO by Gonzy"", 'Young Miko: Bzrp Music Sessions, Vol. 58 by Bizarrap & Young Miko', 'Hey Lil Mama by Eladio Carrion', 'A 300 by JC Reyes & Pedro Calderon & Blacknife', 'Madrid City by Ana Mena', 'Trending Remix (with Myke Towers) by Dei V', 'VAGABUNDO by Sebastian Yatra & Manuel Turizo & Beéle', 'TU$$I (with Dei V) by YOVNGCHIMI', 'Buscando Money by TWENTY SIX & Tayson Kryss', 'Quien Es Dei V? by Dei V', 'EMPELOTICA by Lenny Tavárez & Feid', 'UNA BACHATA by Lola Indigo', 'M.A.I by Milo j', 'No Te Quieren Conmigo by Gaby Music & Lunay & Luar La L', 'El Patio by Pepe y Vizio & Delaossa & KIDDO', 'REINA by Mora', 'DILUVIO by Rauw Alejandro', 'MODELITO by Mora', 'Columbia by Quevedo', 'CONTIGO (with Tiësto) by KAROL G & Tiësto', 'Holanda by Jhayco', 'La_Original.mp3 by Emilia', 'BAD BOY by Chris Jedi & Gaby Music & Dei V', 'LALA by Myke Towers', 'FARDOS by JC Reyes & De La Ghetto', ""X'CLUSIVO - REMIX by Gonzy & SAIKO & Arcángel"", 'OA by Anuel AA & Quevedo & Maluma', 'Una Foto Remix (feat. Emilia) by Mesita & Nicki Nicole & Tiago PZK', 'ASI ES LA VIDA by Enrique Iglesias & Maria Becerra', 'PERREO LENTO by Chris Jedi & Gaby Music & Dei V', 'COSAS QUE NO TE DIJE by SAIKO', 'Japoni (feat. Camin, Moncho Chavea, Jthyago & Samueliyo Baby) by Oscar el Ruso & Samuel G & Omar Montes', 'LA FALDA by Myke Towers', 'QLONA by KAROL G', 'Narcotics (with Bryant Myers) by Dei V & Bryant Myers', 'Buenas by Quevedo & SAIKO', 'Alucin by Eugenio Esquivel & Grupo Marca Registrada & Sebastian Esquivel', 'La Bachata by Manuel Turizo', 'BABY HELLO by Rauw Alejandro', 'POLARIS - Remix by SAIKO & Feid & Quevedo', 'Casanova by Soolking & Lola Indigo & Rvfv', 'LA ÚLTIMA by Quevedo', 'LA CAPI by Myke Towers', 'Gata Only by FloyyMenor & Cris Mj'}",1,1,0.02,2025-03
2025-03-07,"{'Mamichula - con Nicki Nicole by Trueno', 'Manos Rotas by DELLAFUENTE & Morad', 'Si No Estás by iñigo quintero', 'PERRO NEGRO by Bad Bunny', 'LUNA by Feid', ""X'CLUSIVO by Gonzy"", 'Young Miko: Bzrp Music Sessions, Vol. 58 by Bizarrap & Young Miko', 'Hey Lil Mama by Eladio Carrion', 'A 300 by JC Reyes & Pedro Calderon & Blacknife', 'Madrid City by Ana Mena', 'Trending Remix (with Myke Towers) by Dei V', 'VAGABUNDO by Sebastian Yatra & Manuel Turizo & Beéle', 'TU$$I (with Dei V) by YOVNGCHIMI', 'Buscando Money by TWENTY SIX & Tayson Kryss', 'Quien Es Dei V? by Dei V', 'EMPELOTICA by Lenny Tavárez & Feid', 'UNA BACHATA by Lola Indigo', 'M.A.I by Milo j', 'No Te Quieren Conmigo by Gaby Music & Lunay & Luar La L', 'El Patio by Pepe y Vizio & Delaossa & KIDDO', 'REINA by Mora', 'DILUVIO by Rauw Alejandro', 'MODELITO by Mora', 'Columbia by Quevedo', 'CONTIGO (with Tiësto) by KAROL G & Tiësto', 'Holanda by Jhayco', 'La_Original.mp3 by Emilia', 'BAD BOY by Chris Jedi & Gaby Music & Dei V', 'LALA by Myke Towers', 'FARDOS by JC Reyes & De La Ghetto', ""X'CLUSIVO - REMIX by Gonzy & SAIKO & Arcángel"", 'OA by Anuel AA & Quevedo & Maluma', 'Una Foto Remix (feat. Emilia) by Mesita & Nicki Nicole & Tiago PZK', 'ASI ES LA VIDA by Enrique Iglesias & Maria Becerra', 'PERREO LENTO by Chris Jedi & Gaby Music & Dei V', 'Probemas Mentales by JZAEB & Eix', 'COSAS QUE NO TE DIJE by SAIKO', 'Japoni (feat. Camin, Moncho Chavea, Jthyago & Samueliyo Baby) by Oscar el Ruso & Samuel G & Omar Montes', 'LA FALDA by Myke Towers', 'QLONA by KAROL G', 'Narcotics (with Bryant Myers) by Dei V & Bryant Myers', 'Buenas by Quevedo & SAIKO', 'Alucin by Eugenio Esquivel & Grupo Marca Registrada & Sebastian Esquivel', 'La Bachata by Manuel Turizo', 'BABY HELLO by Rauw Alejandro', 'POLARIS - Remix by SAIKO & Feid & Quevedo', 'Casanova by Soolking & Lola Indigo & Rvfv', 'LA ÚLTIMA by Quevedo', 'LA CAPI by Myke Towers', 'Gata Only by FloyyMenor & Cris Mj'}",1,1,0.02,2025-03
2025-03-08,"{'Mamichula - con Nicki Nicole by Trueno', 'Manos Rotas by DELLAFUENTE & Morad', 'Si No Estás by iñigo quintero', 'PERRO NEGRO by Bad Bunny', 'LUNA by Feid', ""X'CLUSIVO by Gonzy"", 'Young Miko: Bzrp Music Sessions, Vol. 58 by Bizarrap & Young Miko', 'Hey Lil Mama by Eladio Carrion', 'A 300 by JC Reyes & Pedro Calderon & Blacknife', 'Madrid City by Ana Mena', 'Trending Remix (with Myke Towers) by Dei V', 'VAGABUNDO by Sebastian Yatra & Manuel Turizo & Beéle', 'TU$$I (with Dei V) by YOVNGCHIMI', 'Buscando Money by TWENTY SIX & Tayson Kryss', 'Quien Es Dei V? by Dei V', 'EMPELOTICA by Lenny Tavárez & Feid', 'UNA BACHATA by Lola Indigo', 'M.A.I by Milo j', 'No Te Quieren Conmigo by Gaby Music & Lunay & Luar La L', 'El Patio by Pepe y Vizio & Delaossa & KIDDO', 'REINA by Mora', 'DILUVIO by Rauw Alejandro', 'MODELITO by Mora', 'El Merengue by Marshmello', 'Columbia by Quevedo', 'CONTIGO (with Tiësto) by KAROL G & Tiësto', 'Holanda by Jhayco', 'La_Original.mp3 by Emilia', 'BAD BOY by Chris Jedi & Gaby Music & Dei V', 'LALA by Myke Towers', 'FARDOS by JC Reyes & De La Ghetto', ""X'CLUSIVO - REMIX by Gonzy & SAIKO & Arcángel"", 'OA by Anuel AA & Quevedo & Maluma', 'Una Foto Remix (feat. Emilia) by Mesita & Nicki Nicole & Tiago PZK', 'ASI ES LA VIDA by Enrique Iglesias & Maria Becerra', 'PERREO LENTO by Chris Jedi & Gaby Music & Dei V', 'COSAS QUE NO TE DIJE by SAIKO', 'Japoni (feat. Camin, Moncho Chavea, Jthyago & Samueliyo Baby) by Oscar el Ruso & Samuel G & Omar Montes', 'LA FALDA by Myke Towers', 'QLONA by KAROL G', 'Narcotics (with Bryant Myers) by Dei V & Bryant Myers', 'Buenas by Quevedo & SAIKO', 'Alucin by Eugenio Esquivel & Grupo Marca Registrada & Sebastian Esquivel', 'La Bachata by Manuel Turizo', 'BABY HELLO by Rauw Alejandro', 'POLARIS - Remix by SAIKO & Feid & Quevedo', 'Casanova by Soolking & Lola Indigo & Rvfv', 'LA ÚLTIMA by Quevedo', 'LA CAPI by Myke Towers', 'Gata Only by FloyyMenor & Cris Mj'}",1,1,0.02,2025-03
2025-03-09,"{'El Cielo by Sky Rompiendo & Feid & Myke Towers', 'Mamichula - con Nicki Nicole by Trueno', 'Manos Rotas by DELLAFUENTE & Morad', 'Si No Estás by iñigo quintero', 'PERRO NEGRO by Bad Bunny', 'LUNA by Feid', ""X'CLUSIVO by Gonzy"", 'Young Miko: Bzrp Music Sessions, Vol. 58 by Bizarrap & Young Miko', 'Hey Lil Mama by Eladio Carrion', 'A 300 by JC Reyes & Pedro Calderon & Blacknife', 'Madrid City by Ana Mena', 'Trending Remix (with Myke Towers) by Dei V', 'VAGABUNDO by Sebastian Yatra & Manuel Turizo & Beéle', 'TU$$I (with Dei V) by YOVNGCHIMI', 'Buscando Money by TWENTY SIX & Tayson Kryss', 'Quien Es Dei V? by Dei V', 'EMPELOTICA by Lenny Tavárez & Feid', 'UNA BACHATA by Lola Indigo', 'M.A.I by Milo j', 'No Te Quieren Conmigo by Gaby Music & Lunay & Luar La L', 'El Patio by Pepe y Vizio & Delaossa & KIDDO', 'REINA by Mora', 'DILUVIO by Rauw Alejandro', 'MODELITO by Mora', 'El Merengue by Marshmello', 'Columbia by Quevedo', 'CONTIGO (with Tiësto) by KAROL G & Tiësto', 'Holanda by Jhayco', 'La_Original.mp3 by Emilia', 'BAD BOY by Chris Jedi & Gaby Music & Dei V', 'LALA by Myke Towers', 'FARDOS by JC Reyes & De La Ghetto', ""X'CLUSIVO - REMIX by Gonzy & SAIKO & Arcángel"", 'OA by Anuel AA & Quevedo & Maluma', 'Una Foto Remix (feat. Emilia) by Mesita & Nicki Nicole & Tiago PZK', 'ASI ES LA VIDA by Enrique Iglesias & Maria Becerra', 'PERREO LENTO by Chris Jedi & Gaby Music & Dei V', 'COSAS QUE NO TE DIJE by SAIKO', 'Japoni (feat. Camin, Moncho Chavea, Jthyago & Samueliyo Baby) by Oscar el Ruso & Samuel G & Omar Montes', 'LA FALDA by Myke Towers', 'QLONA by KAROL G', 'Narcotics (with Bryant Myers) by Dei V & Bryant Myers', 'Buenas by Quevedo & SAIKO', 'La Bachata by Manuel Turizo', 'BABY HELLO by Rauw Alejandro', 'POLARIS - Remix by SAIKO & Feid & Quevedo', 'Casanova by Soolking & Lola Indigo & Rvfv', 'LA ÚLTIMA by Quevedo', 'LA CAPI by Myke Towers', 'Gata Only by FloyyMenor & Cris Mj'}",1,1,0.02,2025-03
2025-03-10,"{'Mamichula - con Nicki Nicole by Trueno', 'Manos Rotas by DELLAFUENTE & Morad', 'Si No Estás by iñigo quintero', 'PERRO NEGRO by Bad Bunny', 'LUNA by Feid', 'Young Miko: Bzrp Music Sessions, Vol. 58 by Bizarrap & Young Miko', '1000COSAS by Lola Indigo & Manuel Turizo', 'Hey Lil Mama by Eladio Carrion', 'A 300 by JC Reyes & Pedro Calderon & Blacknife', 'Madrid City by Ana Mena', 'Trending Remix (with Myke Towers) by Dei V', 'VAGABUNDO by Sebastian Yatra & Manuel Turizo & Beéle', 'TU$$I (with Dei V) by YOVNGCHIMI', 'Buscando Money by TWENTY SIX & Tayson Kryss', 'Lo Que Tiene by Morad & Beny Jr & Rvfv', 'Quien Es Dei V? by Dei V', 'Caserio by Yandel & SAIKO', 'EMPELOTICA by Lenny Tavárez & Feid', 'UNA BACHATA by Lola Indigo', 'M.A.I by Milo j', 'No Te Quieren Conmigo by Gaby Music & Lunay & Luar La L', 'El Patio by Pepe y Vizio & Delaossa & KIDDO', 'REINA by Mora', 'DILUVIO by Rauw Alejandro', 'MODELITO by Mora', 'El Merengue by Marshmello', 'Columbia by Quevedo', 'CONTIGO (with Tiësto) by KAROL G & Tiësto', 'La_Original.mp3 by Emilia', 'BAD BOY by Chris Jedi & Gaby Music & Dei V', 'LALA by Myke Towers', 'FARDOS by JC Reyes & De La Ghetto', ""X'CLUSIVO - REMIX by Gonzy & SAIKO & Arcángel"", 'OA by Anuel AA & Quevedo & Maluma', 'Una Foto Remix (feat. Emilia) by Mesita & Nicki Nicole & Tiago PZK', 'ASI ES LA VIDA by Enrique Iglesias & Maria Becerra', 'PERREO LENTO by Chris Jedi & Gaby Music & Dei V', 'COSAS QUE NO TE DIJE by SAIKO', 'Japoni (feat. Camin, Moncho Chavea, Jthyago & Samueliyo Baby) by Oscar el Ruso & Samuel G & Omar Montes', 'LA FALDA by Myke Towers', 'QLONA by KAROL G', 'Narcotics (with Bryant Myers) by Dei V & Bryant Myers', 'Buenas by Quevedo & SAIKO', 'La Bachata by Manuel Turizo', 'BABY HELLO by Rauw Alejandro', 'POLARIS - Remix by SAIKO & Feid & Quevedo', 'Casanova by Soolking & Lola Indigo & Rvfv', 'LA ÚLTIMA by Quevedo', 'LA CAPI by Myke Towers', 'Gata Only by FloyyMenor & Cris Mj'}",3,3,0.06,2025-03
2025-03-11,"{'Mamichula - con Nicki Nicole by Trueno', 'Manos Rotas by DELLAFUENTE & Morad', 'Si No Estás by iñigo quintero', 'PERRO NEGRO by Bad Bunny', 'LUNA by Feid', 'Young Miko: Bzrp Music Sessions, Vol. 58 by Bizarrap & Young Miko', '1000COSAS by Lola Indigo & Manuel Turizo', 'Hey Lil Mama by Eladio Carrion', 'A 300 by JC Reyes & Pedro Calderon & Blacknife', 'Madrid City by Ana Mena', 'Trending Remix (with Myke Towers) by Dei V', 'VAGABUNDO by Sebastian Yatra & Manuel Turizo & Beéle', 'TU$$I (with Dei V) by YOVNGCHIMI', ""we can't be friends (wait for your love) by Ariana Grande"", 'Buscando Money by TWENTY SIX & Tayson Kryss', 'Lo Que Tiene by Morad & Beny Jr & Rvfv', 'Quien Es Dei V? by Dei V', 'EMPELOTICA by Lenny Tavárez & Feid', 'UNA BACHATA by Lola Indigo', 'M.A.I by Milo j', 'No Te Quieren Conmigo by Gaby Music & Lunay & Luar La L', 'El Patio by Pepe y Vizio & Delaossa & KIDDO', 'REINA by Mora', 'DILUVIO by Rauw Alejandro', 'MODELITO by Mora', 'Columbia by Quevedo', 'CONTIGO (with Tiësto) by KAROL G & Tiësto', 'Holanda by Jhayco', 'La_Original.mp3 by Emilia', 'LALA by Myke Towers', 'FARDOS by JC Reyes & De La Ghetto', ""X'CLUSIVO - REMIX by Gonzy & SAIKO & Arcángel"", 'OA by Anuel AA & Quevedo & Maluma', 'Una Foto Remix (feat. Emilia) by Mesita & Nicki Nicole & Tiago PZK', 'ASI ES LA VIDA by Enrique Iglesias & Maria Becerra', 'PERREO LENTO by Chris Jedi & Gaby Music & Dei V', 'COSAS QUE NO TE DIJE by SAIKO', 'Japoni (feat. Camin, Moncho Chavea, Jthyago & Samueliyo Baby) by Oscar el Ruso & Samuel G & Omar Montes', 'LA FALDA by Myke Towers', 'QLONA by KAROL G', 'Narcotics (with Bryant Myers) by Dei V & Bryant Myers', 'Buenas by Quevedo & SAIKO', 'Alucin by Eugenio Esquivel & Grupo Marca Registrada & Sebastian Esquivel', 'La Bachata by Manuel Turizo', 'BABY HELLO by Rauw Alejandro', 'POLARIS - Remix by SAIKO & Feid & Quevedo', 'Casanova by Soolking & Lola Indigo & Rvfv', 'LA ÚLTIMA by Quevedo', 'LA CAPI by Myke Towers', 'Gata Only by FloyyMenor & Cris Mj'}",3,3,0.06,2025-03
2025-03-12,"{'Mamichula - con Nicki Nicole by Trueno', 'Manos Rotas by DELLAFUENTE & Morad', 'Si No Estás by iñigo quintero', 'PERRO NEGRO by Bad Bunny', 'LUNA by Feid', 'Young Miko: Bzrp Music Sessions, Vol. 58 by Bizarrap & Young Miko', '1000COSAS by Lola Indigo & Manuel Turizo', 'Hey Lil Mama by Eladio Carrion', 'A 300 by JC Reyes & Pedro Calderon & Blacknife', 'Madrid City by Ana Mena', 'Trending Remix (with Myke Towers) by Dei V', 'VAGABUNDO by Sebastian Yatra & Manuel Turizo & Beéle', 'TU$$I (with Dei V) by YOVNGCHIMI', ""we can't be friends (wait for your love) by Ariana Grande"", 'Buscando Money by TWENTY SIX & Tayson Kryss', 'Lo Que Tiene by Morad & Beny Jr & Rvfv', 'Quien Es Dei V? by Dei V', 'EMPELOTICA by Lenny Tavárez & Feid', 'UNA BACHATA by Lola Indigo', 'M.A.I by Milo j', 'No Te Quieren Conmigo by Gaby Music & Lunay & Luar La L', 'El Patio by Pepe y Vizio & Delaossa & KIDDO', 'REINA by Mora', 'DILUVIO by Rauw Alejandro', 'MODELITO by Mora', 'Columbia by Quevedo', 'CONTIGO (with Tiësto) by KAROL G & Tiësto', 'Holanda by Jhayco', 'La_Original.mp3 by Emilia', 'LALA by Myke Towers', 'FARDOS by JC Reyes & De La Ghetto', ""X'CLUSIVO - REMIX by Gonzy & SAIKO & Arcángel"", 'OA by Anuel AA & Quevedo & Maluma', 'Una Foto Remix (feat. Emilia) by Mesita & Nicki Nicole & Tiago PZK', 'ASI ES LA VIDA by Enrique Iglesias & Maria Becerra', 'PERREO LENTO by Chris Jedi & Gaby Music & Dei V', 'COSAS QUE NO TE DIJE by SAIKO', 'Japoni (feat. Camin, Moncho Chavea, Jthyago & Samueliyo Baby) by Oscar el Ruso & Samuel G & Omar Montes', 'LA FALDA by Myke Towers', 'QLONA by KAROL G', 'Narcotics (with Bryant Myers) by Dei V & Bryant Myers', 'Buenas by Quevedo & SAIKO', 'Alucin by Eugenio Esquivel & Grupo Marca Registrada & Sebastian Esquivel', 'La Bachata by Manuel Turizo', 'BABY HELLO by Rauw Alejandro', 'POLARIS - Remix by SAIKO & Feid & Quevedo', 'Casanova by Soolking & Lola Indigo & Rvfv', 'LA ÚLTIMA by Quevedo', 'LA CAPI by Myke Towers', 'Gata Only by FloyyMenor & Cris Mj'}",0,0,0.0,2025-03
2025-03-13,"{'Mamichula - con Nicki Nicole by Trueno', 'Manos Rotas by DELLAFUENTE & Morad', 'Si No Estás by iñigo quintero', 'PERRO NEGRO by Bad Bunny', 'LUNA by Feid', 'Young Miko: Bzrp Music Sessions, Vol. 58 by Bizarrap & Young Miko', '1000COSAS by Lola Indigo & Manuel Turizo', 'Hey Lil Mama by Eladio Carrion', 'A 300 by JC Reyes & Pedro Calderon & Blacknife', 'Madrid City by Ana Mena', 'Trending Remix (with Myke Towers) by Dei V', 'VAGABUNDO by Sebastian Yatra & Manuel Turizo & Beéle', 'TU$$I (with Dei V) by YOVNGCHIMI', 'Beautiful Things by Benson Boone', ""we can't be friends (wait for your love) by Ariana Grande"", 'Buscando Money by TWENTY SIX & Tayson Kryss', 'Lo Que Tiene by Morad & Beny Jr & Rvfv', 'Quien Es Dei V? by Dei V', 'EMPELOTICA by Lenny Tavárez & Feid', 'UNA BACHATA by Lola Indigo', 'M.A.I by Milo j', 'No Te Quieren Conmigo by Gaby Music & Lunay & Luar La L', 'El Patio by Pepe y Vizio & Delaossa & KIDDO', 'REINA by Mora', 'DILUVIO by Rauw Alejandro', 'MODELITO by Mora', 'El Merengue by Marshmello', 'Columbia by Quevedo', 'CONTIGO (with Tiësto) by KAROL G & Tiësto', 'Diabólica by Cris Mj', 'La_Original.mp3 by Emilia', 'LALA by Myke Towers', 'FARDOS by JC Reyes & De La Ghetto', ""X'CLUSIVO - REMIX by Gonzy & SAIKO & Arcángel"", 'OA by Anuel AA & Quevedo & Maluma', 'Una Foto Remix (feat. Emilia) by Mesita & Nicki Nicole & Tiago PZK', 'ASI ES LA VIDA by Enrique Iglesias & Maria Becerra', 'PERREO LENTO by Chris Jedi & Gaby Music & Dei V', 'COSAS QUE NO TE DIJE by SAIKO', 'Japoni (feat. Camin, Moncho Chavea, Jthyago & Samueliyo Baby) by Oscar el Ruso & Samuel G & Omar Montes', 'LA FALDA by Myke Towers', 'QLONA by KAROL G', 'Narcotics (with Bryant Myers) by Dei V & Bryant Myers', 'La Bachata by Manuel Turizo', 'BABY HELLO by Rauw Alejandro', 'POLARIS - Remix by SAIKO & Feid & Quevedo', 'Casanova by Soolking & Lola Indigo & Rvfv', 'LA ÚLTIMA by Quevedo', 'LA CAPI by Myke Towers', 'Gata Only by FloyyMenor & Cris Mj'}",3,3,0.06,2025-03
2025-03-15,"{'Mamichula - con Nicki Nicole by Trueno', 'Manos Rotas by DELLAFUENTE & Morad', 'Si No Estás by iñigo quintero', 'PERRO NEGRO by Bad Bunny', 'Thalía by Cyril Kamer', 'LUNA by Feid', 'Young Miko: Bzrp Music Sessions, Vol. 58 by Bizarrap & Young Miko', '1000COSAS by Lola Indigo & Manuel Turizo', 'Hey Lil Mama by Eladio Carrion', 'A 300 by JC Reyes & Pedro Calderon & Blacknife', 'Madrid City by Ana Mena', 'Trending Remix (with Myke Towers) by Dei V', 'VAGABUNDO by Sebastian Yatra & Manuel Turizo & Beéle', 'TU$$I (with Dei V) by YOVNGCHIMI', 'Beautiful Things by Benson Boone', ""we can't be friends (wait for your love) by Ariana Grande"", 'Buscando Money by TWENTY SIX & Tayson Kryss', 'Lo Que Tiene by Morad & Beny Jr & Rvfv', 'Quien Es Dei V? by Dei V', 'EMPELOTICA by Lenny Tavárez & Feid', 'UNA BACHATA by Lola Indigo', 'M.A.I by Milo j', 'No Te Quieren Conmigo by Gaby Music & Lunay & Luar La L', 'El Patio by Pepe y Vizio & Delaossa & KIDDO', 'REINA by Mora', 'DILUVIO by Rauw Alejandro', 'MODELITO by Mora', 'Mamasota by Manuel Turizo & Yandel', 'Columbia by Quevedo', 'CONTIGO (with Tiësto) by KAROL G & Tiësto', 'Diabólica by Cris Mj', 'La_Original.mp3 by Emilia', 'FARDOS by JC Reyes & De La Ghetto', ""X'CLUSIVO - REMIX by Gonzy & SAIKO & Arcángel"", 'OA by Anuel AA & Quevedo & Maluma', 'Una Foto Remix (feat. Emilia) by Mesita & Nicki Nicole & Tiago PZK', 'ASI ES LA VIDA by Enrique Iglesias & Maria Becerra', 'PERREO LENTO by Chris Jedi & Gaby Music & Dei V', 'COSAS QUE NO TE DIJE by SAIKO', 'Japoni (feat. Camin, Moncho Chavea, Jthyago & Samueliyo Baby) by Oscar el Ruso & Samuel G & Omar Montes', 'LA FALDA by Myke Towers', 'QLONA by KAROL G', 'Narcotics (with Bryant Myers) by Dei V & Bryant Myers', 'La Bachata by Manuel Turizo', 'BABY HELLO by Rauw Alejandro', 'POLARIS - Remix by SAIKO & Feid & Quevedo', 'Casanova by Soolking & Lola Indigo & Rvfv', 'LA ÚLTIMA by Quevedo', 'LA CAPI by Myke Towers', 'Gata Only by FloyyMenor & Cris Mj'}",2,2,0.04,2025-03
2025-03-16,"{'Mamichula - con Nicki Nicole by Trueno', 'Manos Rotas by DELLAFUENTE & Morad', 'Si No Estás by iñigo quintero', 'PERRO NEGRO by Bad Bunny', 'Thalía by Cyril Kamer', 'LUNA by Feid', 'Young Miko: Bzrp Music Sessions, Vol. 58 by Bizarrap & Young Miko', '1000COSAS by Lola Indigo & Manuel Turizo', 'Hey Lil Mama by Eladio Carrion', 'A 300 by JC Reyes & Pedro Calderon & Blacknife', 'Madrid City by Ana Mena', 'Trending Remix (with Myke Towers) by Dei V', 'VAGABUNDO by Sebastian Yatra & Manuel Turizo & Beéle', 'TU$$I (with Dei V) by YOVNGCHIMI', 'Beautiful Things by Benson Boone', ""we can't be friends (wait for your love) by Ariana Grande"", 'Buscando Money by TWENTY SIX & Tayson Kryss', 'Lo Que Tiene by Morad & Beny Jr & Rvfv', 'Quien Es Dei V? by Dei V', 'EMPELOTICA by Lenny Tavárez & Feid', 'UNA BACHATA by Lola Indigo', 'M.A.I by Milo j', 'No Te Quieren Conmigo by Gaby Music & Lunay & Luar La L', 'El Patio by Pepe y Vizio & Delaossa & KIDDO', 'REINA by Mora', 'DILUVIO by Rauw Alejandro', 'MODELITO by Mora', 'El Merengue by Marshmello', 'Columbia by Quevedo', 'CONTIGO (with Tiësto) by KAROL G & Tiësto', 'Diabólica by Cris Mj', 'La_Original.mp3 by Emilia', 'FARDOS by JC Reyes & De La Ghetto', ""X'CLUSIVO - REMIX by Gonzy & SAIKO & Arcángel"", 'OA by Anuel AA & Quevedo & Maluma', 'Una Foto Remix (feat. Emilia) by Mesita & Nicki Nicole & Tiago PZK', 'ASI ES LA VIDA by Enrique Iglesias & Maria Becerra', 'PERREO LENTO by Chris Jedi & Gaby Music & Dei V', 'COSAS QUE NO TE DIJE by SAIKO', 'Japoni (feat. Camin, Moncho Chavea, Jthyago & Samueliyo Baby) by Oscar el Ruso & Samuel G & Omar Montes', 'LA FALDA by Myke Towers', 'QLONA by KAROL G', 'Narcotics (with Bryant Myers) by Dei V & Bryant Myers', 'La Bachata by Manuel Turizo', 'BABY HELLO by Rauw Alejandro', 'POLARIS - Remix by SAIKO & Feid & Quevedo', 'Casanova by Soolking & Lola Indigo & Rvfv', 'LA ÚLTIMA by Quevedo', 'LA CAPI by Myke Towers', 'Gata Only by FloyyMenor & Cris Mj'}",1,1,0.02,2025-03
2025-03-17,"{'Mamichula - con Nicki Nicole by Trueno', 'Manos Rotas by DELLAFUENTE & Morad', 'PERRO NEGRO by Bad Bunny', 'Thalía by Cyril Kamer', 'LUNA by Feid', 'Young Miko: Bzrp Music Sessions, Vol. 58 by Bizarrap & Young Miko', '1000COSAS by Lola Indigo & Manuel Turizo', 'Hey Lil Mama by Eladio Carrion', 'A 300 by JC Reyes & Pedro Calderon & Blacknife', 'Madrid City by Ana Mena', 'Trending Remix (with Myke Towers) by Dei V', 'VAGABUNDO by Sebastian Yatra & Manuel Turizo & Beéle', 'TU$$I (with Dei V) by YOVNGCHIMI', 'Beautiful Things by Benson Boone', ""we can't be friends (wait for your love) by Ariana Grande"", 'Buscando Money by TWENTY SIX & Tayson Kryss', 'Lo Que Tiene by Morad & Beny Jr & Rvfv', 'Quien Es Dei V? by Dei V', 'EMPELOTICA by Lenny Tavárez & Feid', 'UNA BACHATA by Lola Indigo', 'M.A.I by Milo j', 'No Te Quieren Conmigo by Gaby Music & Lunay & Luar La L', 'El Patio by Pepe y Vizio & Delaossa & KIDDO', 'VVS Switch (feat. Hades66, Luar La L & CDobleta) - Remix by Pressure 9X19 & Anuel AA & YOVNGCHIMI', 'REINA by Mora', 'DILUVIO by Rauw Alejandro', 'MODELITO by Mora', 'Columbia by Quevedo', 'CONTIGO (with Tiësto) by KAROL G & Tiësto', 'Diabólica by Cris Mj', 'La_Original.mp3 by Emilia', 'FARDOS by JC Reyes & De La Ghetto', ""X'CLUSIVO - REMIX by Gonzy & SAIKO & Arcángel"", 'OA by Anuel AA & Quevedo & Maluma', 'Una Foto Remix (feat. Emilia) by Mesita & Nicki Nicole & Tiago PZK', 'ASI ES LA VIDA by Enrique Iglesias & Maria Becerra', 'PERREO LENTO by Chris Jedi & Gaby Music & Dei V', 'COSAS QUE NO TE DIJE by SAIKO', 'Japoni (feat. Camin, Moncho Chavea, Jthyago & Samueliyo Baby) by Oscar el Ruso & Samuel G & Omar Montes', 'LA FALDA by Myke Towers', 'QLONA by KAROL G', 'Narcotics (with Bryant Myers) by Dei V & Bryant Myers', 'DESATAAA by Ovy On The Drums & Myke Towers & SAIKO', 'La Bachata by Manuel Turizo', 'BABY HELLO by Rauw Alejandro', 'POLARIS - Remix by SAIKO & Feid & Quevedo', 'Casanova by Soolking & Lola Indigo & Rvfv', 'LA ÚLTIMA by Quevedo', 'LA CAPI by Myke Towers', 'Gata Only by FloyyMenor & Cris Mj'}",2,2,0.04,2025-03
2025-03-18,"{'Mamichula - con Nicki Nicole by Trueno', 'Manos Rotas by DELLAFUENTE & Morad', 'PERRO NEGRO by Bad Bunny', 'Thalía by Cyril Kamer', 'LUNA by Feid', 'Young Miko: Bzrp Music Sessions, Vol. 58 by Bizarrap & Young Miko', '1000COSAS by Lola Indigo & Manuel Turizo', 'Hey Lil Mama by Eladio Carrion', 'A 300 by JC Reyes & Pedro Calderon & Blacknife', 'Madrid City by Ana Mena', 'Trending Remix (with Myke Towers) by Dei V', 'VAGABUNDO by Sebastian Yatra & Manuel Turizo & Beéle', 'TU$$I (with Dei V) by YOVNGCHIMI', 'Beautiful Things by Benson Boone', 'Buscando Money by TWENTY SIX & Tayson Kryss', 'Lo Que Tiene by Morad & Beny Jr & Rvfv', 'Quien Es Dei V? by Dei V', 'EMPELOTICA by Lenny Tavárez & Feid', 'UNA BACHATA by Lola Indigo', 'M.A.I by Milo j', 'No Te Quieren Conmigo by Gaby Music & Lunay & Luar La L', 'El Patio by Pepe y Vizio & Delaossa & KIDDO', 'VVS Switch (feat. Hades66, Luar La L & CDobleta) - Remix by Pressure 9X19 & Anuel AA & YOVNGCHIMI', 'REINA by Mora', 'DILUVIO by Rauw Alejandro', 'MODELITO by Mora', 'El Merengue by Marshmello', 'Columbia by Quevedo', 'CONTIGO (with Tiësto) by KAROL G & Tiësto', 'Diabólica by Cris Mj', 'La_Original.mp3 by Emilia', 'FARDOS by JC Reyes & De La Ghetto', ""X'CLUSIVO - REMIX by Gonzy & SAIKO & Arcángel"", 'OA by Anuel AA & Quevedo & Maluma', 'Una Foto Remix (feat. Emilia) by Mesita & Nicki Nicole & Tiago PZK', 'ASI ES LA VIDA by Enrique Iglesias & Maria Becerra', 'PERREO LENTO by Chris Jedi & Gaby Music & Dei V', 'COSAS QUE NO TE DIJE by SAIKO', 'Japoni (feat. Camin, Moncho Chavea, Jthyago & Samueliyo Baby) by Oscar el Ruso & Samuel G & Omar Montes', 'LA FALDA by Myke Towers', 'QLONA by KAROL G', 'Narcotics (with Bryant Myers) by Dei V & Bryant Myers', 'DESATAAA by Ovy On The Drums & Myke Towers & SAIKO', 'La Bachata by Manuel Turizo', 'BABY HELLO by Rauw Alejandro', 'POLARIS - Remix by SAIKO & Feid & Quevedo', 'Casanova by Soolking & Lola Indigo & Rvfv', 'LA ÚLTIMA by Quevedo', 'LA CAPI by Myke Towers', 'Gata Only by FloyyMenor & Cris Mj'}",1,1,0.02,2025-03
2025-03-19,"{'Mamichula - con Nicki Nicole by Trueno', 'Manos Rotas by DELLAFUENTE & Morad', 'Si No Estás by iñigo quintero', 'PERRO NEGRO by Bad Bunny', 'Thalía by Cyril Kamer', 'LUNA by Feid', 'Young Miko: Bzrp Music Sessions, Vol. 58 by Bizarrap & Young Miko', '1000COSAS by Lola Indigo & Manuel Turizo', 'Hey Lil Mama by Eladio Carrion', 'A 300 by JC Reyes & Pedro Calderon & Blacknife', 'Madrid City by Ana Mena', 'Trending Remix (with Myke Towers) by Dei V', 'TU$$I (with Dei V) by YOVNGCHIMI', 'Beautiful Things by Benson Boone', ""we can't be friends (wait for your love) by Ariana Grande"", 'Buscando Money by TWENTY SIX & Tayson Kryss', 'Lo Que Tiene by Morad & Beny Jr & Rvfv', 'Quien Es Dei V? by Dei V', 'EMPELOTICA by Lenny Tavárez & Feid', 'UNA BACHATA by Lola Indigo', 'M.A.I by Milo j', 'No Te Quieren Conmigo by Gaby Music & Lunay & Luar La L', 'El Patio by Pepe y Vizio & Delaossa & KIDDO', 'VVS Switch (feat. Hades66, Luar La L & CDobleta) - Remix by Pressure 9X19 & Anuel AA & YOVNGCHIMI', 'REINA by Mora', 'DILUVIO by Rauw Alejandro', 'MODELITO by Mora', 'El Merengue by Marshmello', 'Columbia by Quevedo', 'CONTIGO (with Tiësto) by KAROL G & Tiësto', 'Diabólica by Cris Mj', 'La_Original.mp3 by Emilia', 'FARDOS by JC Reyes & De La Ghetto', ""X'CLUSIVO - REMIX by Gonzy & SAIKO & Arcángel"", 'OA by Anuel AA & Quevedo & Maluma', 'Una Foto Remix (feat. Emilia) by Mesita & Nicki Nicole & Tiago PZK', 'PERREO LENTO by Chris Jedi & Gaby Music & Dei V', 'COSAS QUE NO TE DIJE by SAIKO', 'Japoni (feat. Camin, Moncho Chavea, Jthyago & Samueliyo Baby) by Oscar el Ruso & Samuel G & Omar Montes', 'LA FALDA by Myke Towers', 'QLONA by KAROL G', 'Narcotics (with Bryant Myers) by Dei V & Bryant Myers', 'DESATAAA by Ovy On The Drums & Myke Towers & SAIKO', 'La Bachata by Manuel Turizo', 'BABY HELLO by Rauw Alejandro', 'POLARIS - Remix by SAIKO & Feid & Quevedo', 'Casanova by Soolking & Lola Indigo & Rvfv', 'LA ÚLTIMA by Quevedo', 'LA CAPI by Myke Towers', 'Gata Only by FloyyMenor & Cris Mj'}",2,2,0.04,2025-03
2025-03-20,"{'Mamichula - con Nicki Nicole by Trueno', 'Manos Rotas by DELLAFUENTE & Morad', 'PERRO NEGRO by Bad Bunny', 'Thalía by Cyril Kamer', 'LUNA by Feid', 'Young Miko: Bzrp Music Sessions, Vol. 58 by Bizarrap & Young Miko', '1000COSAS by Lola Indigo & Manuel Turizo', 'Hey Lil Mama by Eladio Carrion', 'A 300 by JC Reyes & Pedro Calderon & Blacknife', 'Madrid City by Ana Mena', 'Trending Remix (with Myke Towers) by Dei V', 'TU$$I (with Dei V) by YOVNGCHIMI', 'Beautiful Things by Benson Boone', ""we can't be friends (wait for your love) by Ariana Grande"", 'Buscando Money by TWENTY SIX & Tayson Kryss', 'Lo Que Tiene by Morad & Beny Jr & Rvfv', 'Quien Es Dei V? by Dei V', 'EMPELOTICA by Lenny Tavárez & Feid', 'UNA BACHATA by Lola Indigo', 'M.A.I by Milo j', 'No Te Quieren Conmigo by Gaby Music & Lunay & Luar La L', 'El Patio by Pepe y Vizio & Delaossa & KIDDO', 'VVS Switch (feat. Hades66, Luar La L & CDobleta) - Remix by Pressure 9X19 & Anuel AA & YOVNGCHIMI', 'REINA by Mora', 'DILUVIO by Rauw Alejandro', 'MODELITO by Mora', 'Columbia by Quevedo', 'CONTIGO (with Tiësto) by KAROL G & Tiësto', 'Diabólica by Cris Mj', 'La_Original.mp3 by Emilia', 'FARDOS by JC Reyes & De La Ghetto', ""X'CLUSIVO - REMIX by Gonzy & SAIKO & Arcángel"", 'OA by Anuel AA & Quevedo & Maluma', 'Una Foto Remix (feat. Emilia) by Mesita & Nicki Nicole & Tiago PZK', 'PERREO LENTO by Chris Jedi & Gaby Music & Dei V', 'COSAS QUE NO TE DIJE by SAIKO', 'Japoni (feat. Camin, Moncho Chavea, Jthyago & Samueliyo Baby) by Oscar el Ruso & Samuel G & Omar Montes', 'LA FALDA by Myke Towers', 'QLONA by KAROL G', 'Narcotics (with Bryant Myers) by Dei V & Bryant Myers', 'DESATAAA by Ovy On The Drums & Myke Towers & SAIKO', 'Alucin by Eugenio Esquivel & Grupo Marca Registrada & Sebastian Esquivel', 'La Bachata by Manuel Turizo', 'Problemas Mentales by JZAEB & Eix', 'BABY HELLO by Rauw Alejandro', 'POLARIS - Remix by SAIKO & Feid & Quevedo', 'Casanova by Soolking & Lola Indigo & Rvfv', 'LA ÚLTIMA by Quevedo', 'LA CAPI by Myke Towers', 'Gata Only by FloyyMenor & Cris Mj'}",2,2,0.04,2025-03
2025-03-21,"{'Mamichula - con Nicki Nicole by Trueno', 'Manos Rotas by DELLAFUENTE & Morad', 'Si No Estás by iñigo quintero', 'PERRO NEGRO by Bad Bunny', 'Thalía by Cyril Kamer', 'LUNA by Feid', 'Young Miko: Bzrp Music Sessions, Vol. 58 by Bizarrap & Young Miko', '1000COSAS by Lola Indigo & Manuel Turizo', 'Hey Lil Mama by Eladio Carrion', 'A 300 by JC Reyes & Pedro Calderon & Blacknife', 'Madrid City by Ana Mena', 'Trending Remix (with Myke Towers) by Dei V', 'TU$$I (with Dei V) by YOVNGCHIMI', 'Beautiful Things by Benson Boone', 'Buscando Money by TWENTY SIX & Tayson Kryss', 'Lo Que Tiene by Morad & Beny Jr & Rvfv', 'Quien Es Dei V? by Dei V', 'EMPELOTICA by Lenny Tavárez & Feid', 'UNA BACHATA by Lola Indigo', 'M.A.I by Milo j', 'No Te Quieren Conmigo by Gaby Music & Lunay & Luar La L', 'El Patio by Pepe y Vizio & Delaossa & KIDDO', 'VVS Switch (feat. Hades66, Luar La L & CDobleta) - Remix by Pressure 9X19 & Anuel AA & YOVNGCHIMI', 'REINA by Mora', 'DILUVIO by Rauw Alejandro', 'MODELITO by Mora', 'El Merengue by Marshmello', 'Columbia by Quevedo', 'CONTIGO (with Tiësto) by KAROL G & Tiësto', 'Diabólica by Cris Mj', 'La_Original.mp3 by Emilia', 'FARDOS by JC Reyes & De La Ghetto', 'Maquillaje by Renn & Yexel', ""X'CLUSIVO - REMIX by Gonzy & SAIKO & Arcángel"", 'OA by Anuel AA & Quevedo & Maluma', 'Una Foto Remix (feat. Emilia) by Mesita & Nicki Nicole & Tiago PZK', 'ASI ES LA VIDA by Enrique Iglesias & Maria Becerra', 'PERREO LENTO by Chris Jedi & Gaby Music & Dei V', 'COSAS QUE NO TE DIJE by SAIKO', 'LA FALDA by Myke Towers', 'QLONA by KAROL G', 'Narcotics (with Bryant Myers) by Dei V & Bryant Myers', 'DESATAAA by Ovy On The Drums & Myke Towers & SAIKO', 'La Bachata by Manuel Turizo', 'BABY HELLO by Rauw Alejandro', 'POLARIS - Remix by SAIKO & Feid & Quevedo', 'Casanova by Soolking & Lola Indigo & Rvfv', 'LA ÚLTIMA by Quevedo', 'LA CAPI by Myke Towers', 'Gata Only by FloyyMenor & Cris Mj'}",4,4,0.08,2025-03
2025-03-22,"{'Mamichula - con Nicki Nicole by Trueno', 'Manos Rotas by DELLAFUENTE & Morad', 'PERRO NEGRO by Bad Bunny', 'Thalía by Cyril Kamer', 'LUNA by Feid', 'Young Miko: Bzrp Music Sessions, Vol. 58 by Bizarrap & Young Miko', '1000COSAS by Lola Indigo & Manuel Turizo', 'Hey Lil Mama by Eladio Carrion', 'A 300 by JC Reyes & Pedro Calderon & Blacknife', 'Madrid City by Ana Mena', 'Trending Remix (with Myke Towers) by Dei V', 'TU$$I (with Dei V) by YOVNGCHIMI', 'Beautiful Things by Benson Boone', 'Buscando Money by TWENTY SIX & Tayson Kryss', 'Lo Que Tiene by Morad & Beny Jr & Rvfv', 'Quien Es Dei V? by Dei V', 'EMPELOTICA by Lenny Tavárez & Feid', 'UNA BACHATA by Lola Indigo', 'M.A.I by Milo j', 'No Te Quieren Conmigo by Gaby Music & Lunay & Luar La L', 'El Patio by Pepe y Vizio & Delaossa & KIDDO', 'VVS Switch (feat. Hades66, Luar La L & CDobleta) - Remix by Pressure 9X19 & Anuel AA & YOVNGCHIMI', 'REINA by Mora', 'DILUVIO by Rauw Alejandro', 'MODELITO by Mora', 'Columbia by Quevedo', 'CONTIGO (with Tiësto) by KAROL G & Tiësto', 'Diabólica by Cris Mj', 'La_Original.mp3 by Emilia', 'FARDOS by JC Reyes & De La Ghetto', 'Maquillaje by Renn & Yexel', ""X'CLUSIVO - REMIX by Gonzy & SAIKO & Arcángel"", 'OA by Anuel AA & Quevedo & Maluma', 'Una Foto Remix (feat. Emilia) by Mesita & Nicki Nicole & Tiago PZK', 'ASI ES LA VIDA by Enrique Iglesias & Maria Becerra', 'PERREO LENTO by Chris Jedi & Gaby Music & Dei V', 'COSAS QUE NO TE DIJE by SAIKO', 'LA FALDA by Myke Towers', 'QLONA by KAROL G', 'Narcotics (with Bryant Myers) by Dei V & Bryant Myers', 'DESATAAA by Ovy On The Drums & Myke Towers & SAIKO', 'Alucin by Eugenio Esquivel & Grupo Marca Registrada & Sebastian Esquivel', 'La Bachata by Manuel Turizo', 'Problemas Mentales by JZAEB & Eix', 'BABY HELLO by Rauw Alejandro', 'POLARIS - Remix by SAIKO & Feid & Quevedo', 'Casanova by Soolking & Lola Indigo & Rvfv', 'LA ÚLTIMA by Quevedo', 'LA CAPI by Myke Towers', 'Gata Only by FloyyMenor & Cris Mj'}",2,2,0.04,2025-03
2025-03-23,"{'Mamichula - con Nicki Nicole by Trueno', 'Manos Rotas by DELLAFUENTE & Morad', 'Si No Estás by iñigo quintero', 'PERRO NEGRO by Bad Bunny', 'Thalía by Cyril Kamer', 'LUNA by Feid', 'Young Miko: Bzrp Music Sessions, Vol. 58 by Bizarrap & Young Miko', '1000COSAS by Lola Indigo & Manuel Turizo', 'Hey Lil Mama by Eladio Carrion', 'A 300 by JC Reyes & Pedro Calderon & Blacknife', 'Madrid City by Ana Mena', 'Trending Remix (with Myke Towers) by Dei V', 'TU$$I (with Dei V) by YOVNGCHIMI', 'Beautiful Things by Benson Boone', 'Buscando Money by TWENTY SIX & Tayson Kryss', 'Lo Que Tiene by Morad & Beny Jr & Rvfv', 'Quien Es Dei V? by Dei V', 'EMPELOTICA by Lenny Tavárez & Feid', 'UNA BACHATA by Lola Indigo', 'M.A.I by Milo j', 'No Te Quieren Conmigo by Gaby Music & Lunay & Luar La L', 'El Patio by Pepe y Vizio & Delaossa & KIDDO', 'VVS Switch (feat. Hades66, Luar La L & CDobleta) - Remix by Pressure 9X19 & Anuel AA & YOVNGCHIMI', 'REINA by Mora', 'DILUVIO by Rauw Alejandro', 'MODELITO by Mora', 'El Merengue by Marshmello', 'Columbia by Quevedo', 'CONTIGO (with Tiësto) by KAROL G & Tiësto', 'Diabólica by Cris Mj', 'La_Original.mp3 by Emilia', 'FARDOS by JC Reyes & De La Ghetto', 'Maquillaje by Renn & Yexel', ""X'CLUSIVO - REMIX by Gonzy & SAIKO & Arcángel"", 'OA by Anuel AA & Quevedo & Maluma', 'Una Foto Remix (feat. Emilia) by Mesita & Nicki Nicole & Tiago PZK', 'ASI ES LA VIDA by Enrique Iglesias & Maria Becerra', 'PERREO LENTO by Chris Jedi & Gaby Music & Dei V', 'COSAS QUE NO TE DIJE by SAIKO', 'LA FALDA by Myke Towers', 'QLONA by KAROL G', 'Narcotics (with Bryant Myers) by Dei V & Bryant Myers', 'DESATAAA by Ovy On The Drums & Myke Towers & SAIKO', 'La Bachata by Manuel Turizo', 'BABY HELLO by Rauw Alejandro', 'POLARIS - Remix by SAIKO & Feid & Quevedo', 'Casanova by Soolking & Lola Indigo & Rvfv', 'LA ÚLTIMA by Quevedo', 'LA CAPI by Myke Towers', 'Gata Only by FloyyMenor & Cris Mj'}",2,2,0.04,2025-03
2025-03-24,"{'Mamichula - con Nicki Nicole by Trueno', 'Manos Rotas by DELLAFUENTE & Morad', 'PERRO NEGRO by Bad Bunny', 'Thalía by Cyril Kamer', 'LUNA by Feid', 'Young Miko: Bzrp Music Sessions, Vol. 58 by Bizarrap & Young Miko', '1000COSAS by Lola Indigo & Manuel Turizo', 'Hey Lil Mama by Eladio Carrion', 'A 300 by JC Reyes & Pedro Calderon & Blacknife', 'Madrid City by Ana Mena', 'Trending Remix (with Myke Towers) by Dei V', 'TU$$I (with Dei V) by YOVNGCHIMI', 'Beautiful Things by Benson Boone', 'Buscando Money by TWENTY SIX & Tayson Kryss', 'Lo Que Tiene by Morad & Beny Jr & Rvfv', 'Quien Es Dei V? by Dei V', 'EMPELOTICA by Lenny Tavárez & Feid', 'UNA BACHATA by Lola Indigo', 'M.A.I by Milo j', 'No Te Quieren Conmigo by Gaby Music & Lunay & Luar La L', 'El Patio by Pepe y Vizio & Delaossa & KIDDO', 'Cohete by Shakira', 'VVS Switch (feat. Hades66, Luar La L & CDobleta) - Remix by Pressure 9X19 & Anuel AA & YOVNGCHIMI', 'REINA by Mora', 'DILUVIO by Rauw Alejandro', 'MODELITO by Mora', 'El Merengue by Marshmello', 'Columbia by Quevedo', 'CONTIGO (with Tiësto) by KAROL G & Tiësto', 'Diabólica by Cris Mj', 'La_Original.mp3 by Emilia', 'FARDOS by JC Reyes & De La Ghetto', 'Maquillaje by Renn & Yexel', ""X'CLUSIVO - REMIX by Gonzy & SAIKO & Arcángel"", 'OA by Anuel AA & Quevedo & Maluma', 'Una Foto Remix (feat. Emilia) by Mesita & Nicki Nicole & Tiago PZK', 'PERREO LENTO by Chris Jedi & Gaby Music & Dei V', 'COSAS QUE NO TE DIJE by SAIKO', 'LA FALDA by Myke Towers', 'QLONA by KAROL G', 'Narcotics (with Bryant Myers) by Dei V & Bryant Myers', 'DESATAAA by Ovy On The Drums & Myke Towers & SAIKO', 'La Bachata by Manuel Turizo', 'KTM by Jhayco & Bryant Myers & Luar La L', 'BABY HELLO by Rauw Alejandro', 'POLARIS - Remix by SAIKO & Feid & Quevedo', 'Casanova by Soolking & Lola Indigo & Rvfv', 'LA CAPI by Myke Towers', 'Gata Only by FloyyMenor & Cris Mj', 'El Conjuntito by El Bobe & Omar Montes'}",3,3,0.06,2025-03
2025-03-26,"{'Mamichula - con Nicki Nicole by Trueno', 'Manos Rotas by DELLAFUENTE & Morad', 'Si No Estás by iñigo quintero', 'PERRO NEGRO by Bad Bunny', 'Thalía by Cyril Kamer', 'LUNA by Feid', 'Young Miko: Bzrp Music Sessions, Vol. 58 by Bizarrap & Young Miko', '1000COSAS by Lola Indigo & Manuel Turizo', 'Hey Lil Mama by Eladio Carrion', 'A 300 by JC Reyes & Pedro Calderon & Blacknife', 'Madrid City by Ana Mena', 'Trending Remix (with Myke Towers) by Dei V', 'TU$$I (with Dei V) by YOVNGCHIMI', 'Beautiful Things by Benson Boone', 'Buscando Money by TWENTY SIX & Tayson Kryss', 'Lo Que Tiene by Morad & Beny Jr & Rvfv', 'Quien Es Dei V? by Dei V', 'EMPELOTICA by Lenny Tavárez & Feid', 'UNA BACHATA by Lola Indigo', 'M.A.I by Milo j', 'No Te Quieren Conmigo by Gaby Music & Lunay & Luar La L', 'El Patio by Pepe y Vizio & Delaossa & KIDDO', 'Cohete by Shakira', 'VVS Switch (feat. Hades66, Luar La L & CDobleta) - Remix by Pressure 9X19 & Anuel AA & YOVNGCHIMI', 'REINA by Mora', 'DILUVIO by Rauw Alejandro', 'MODELITO by Mora', 'El Merengue by Marshmello', 'Columbia by Quevedo', 'Diabólica by Cris Mj', 'La_Original.mp3 by Emilia', 'FARDOS by JC Reyes & De La Ghetto', 'Maquillaje by Renn & Yexel', ""X'CLUSIVO - REMIX by Gonzy & SAIKO & Arcángel"", 'OA by Anuel AA & Quevedo & Maluma', 'Una Foto Remix (feat. Emilia) by Mesita & Nicki Nicole & Tiago PZK', 'PERREO LENTO by Chris Jedi & Gaby Music & Dei V', 'COSAS QUE NO TE DIJE by SAIKO', 'LA FALDA by Myke Towers', 'QLONA by KAROL G', 'Narcotics (with Bryant Myers) by Dei V & Bryant Myers', 'DESATAAA by Ovy On The Drums & Myke Towers & SAIKO', 'La Bachata by Manuel Turizo', 'KTM by Jhayco & Bryant Myers & Luar La L', 'BABY HELLO by Rauw Alejandro', 'POLARIS - Remix by SAIKO & Feid & Quevedo', 'Casanova by Soolking & Lola Indigo & Rvfv', 'LA CAPI by Myke Towers', 'Gata Only by FloyyMenor & Cris Mj', 'El Conjuntito by El Bobe & Omar Montes'}",1,1,0.02,2025-03
2025-03-27,"{'Mamichula - con Nicki Nicole by Trueno', 'Manos Rotas by DELLAFUENTE & Morad', 'Si No Estás by iñigo quintero', 'PERRO NEGRO by Bad Bunny', 'Thalía by Cyril Kamer', 'LUNA by Feid', 'Young Miko: Bzrp Music Sessions, Vol. 58 by Bizarrap & Young Miko', '1000COSAS by Lola Indigo & Manuel Turizo', 'Hey Lil Mama by Eladio Carrion', 'A 300 by JC Reyes & Pedro Calderon & Blacknife', 'Madrid City by Ana Mena', 'Trending Remix (with Myke Towers) by Dei V', 'TU$$I (with Dei V) by YOVNGCHIMI', 'Beautiful Things by Benson Boone', 'Buscando Money by TWENTY SIX & Tayson Kryss', 'Lo Que Tiene by Morad & Beny Jr & Rvfv', 'Quien Es Dei V? by Dei V', 'EMPELOTICA by Lenny Tavárez & Feid', 'UNA BACHATA by Lola Indigo', 'M.A.I by Milo j', 'No Te Quieren Conmigo by Gaby Music & Lunay & Luar La L', 'El Patio by Pepe y Vizio & Delaossa & KIDDO', 'Cohete by Shakira', 'VVS Switch (feat. Hades66, Luar La L & CDobleta) - Remix by Pressure 9X19 & Anuel AA & YOVNGCHIMI', 'REINA by Mora', 'DILUVIO by Rauw Alejandro', 'MODELITO by Mora', 'El Merengue by Marshmello', 'Columbia by Quevedo', 'Diabólica by Cris Mj', 'La_Original.mp3 by Emilia', 'FARDOS by JC Reyes & De La Ghetto', 'Maquillaje by Renn & Yexel', ""X'CLUSIVO - REMIX by Gonzy & SAIKO & Arcángel"", 'OA by Anuel AA & Quevedo & Maluma', 'Una Foto Remix (feat. Emilia) by Mesita & Nicki Nicole & Tiago PZK', 'PERREO LENTO by Chris Jedi & Gaby Music & Dei V', 'COSAS QUE NO TE DIJE by SAIKO', 'LA FALDA by Myke Towers', 'QLONA by KAROL G', 'Narcotics (with Bryant Myers) by Dei V & Bryant Myers', 'DESATAAA by Ovy On The Drums & Myke Towers & SAIKO', 'La Bachata by Manuel Turizo', 'KTM by Jhayco & Bryant Myers & Luar La L', 'BABY HELLO by Rauw Alejandro', 'POLARIS - Remix by SAIKO & Feid & Quevedo', 'Casanova by Soolking & Lola Indigo & Rvfv', 'LA CAPI by Myke Towers', 'Gata Only by FloyyMenor & Cris Mj', 'El Conjuntito by El Bobe & Omar Montes'}",0,0,0.0,2025-03
2025-03-28,"{'Mamichula - con Nicki Nicole by Trueno', 'Manos Rotas by DELLAFUENTE & Morad', 'Si No Estás by iñigo quintero', 'PERRO NEGRO by Bad Bunny', 'Thalía by Cyril Kamer', 'LUNA by Feid', 'Young Miko: Bzrp Music Sessions, Vol. 58 by Bizarrap & Young Miko', '1000COSAS by Lola Indigo & Manuel Turizo', 'Hey Lil Mama by Eladio Carrion', 'A 300 by JC Reyes & Pedro Calderon & Blacknife', 'Madrid City by Ana Mena', 'Trending Remix (with Myke Towers) by Dei V', 'TU$$I (with Dei V) by YOVNGCHIMI', 'Beautiful Things by Benson Boone', 'Buscando Money by TWENTY SIX & Tayson Kryss', 'Lo Que Tiene by Morad & Beny Jr & Rvfv', 'Quien Es Dei V? by Dei V', 'EMPELOTICA by Lenny Tavárez & Feid', 'UNA BACHATA by Lola Indigo', 'M.A.I by Milo j', 'No Te Quieren Conmigo by Gaby Music & Lunay & Luar La L', 'El Patio by Pepe y Vizio & Delaossa & KIDDO', 'Cohete by Shakira', 'VVS Switch (feat. Hades66, Luar La L & CDobleta) - Remix by Pressure 9X19 & Anuel AA & YOVNGCHIMI', 'REINA by Mora', 'DILUVIO by Rauw Alejandro', 'MODELITO by Mora', 'El Merengue by Marshmello', 'Columbia by Quevedo', 'Diabólica by Cris Mj', 'La_Original.mp3 by Emilia', 'FARDOS by JC Reyes & De La Ghetto', 'Maquillaje by Renn & Yexel', ""X'CLUSIVO - REMIX by Gonzy & SAIKO & Arcángel"", 'OA by Anuel AA & Quevedo & Maluma', 'Una Foto Remix (feat. Emilia) by Mesita & Nicki Nicole & Tiago PZK', 'PERREO LENTO by Chris Jedi & Gaby Music & Dei V', 'COSAS QUE NO TE DIJE by SAIKO', 'LA FALDA by Myke Towers', 'QLONA by KAROL G', 'Narcotics (with Bryant Myers) by Dei V & Bryant Myers', 'DESATAAA by Ovy On The Drums & Myke Towers & SAIKO', 'La Bachata by Manuel Turizo', 'KTM by Jhayco & Bryant Myers & Luar La L', 'BABY HELLO by Rauw Alejandro', 'POLARIS - Remix by SAIKO & Feid & Quevedo', 'Casanova by Soolking & Lola Indigo & Rvfv', 'LA CAPI by Myke Towers', 'Gata Only by FloyyMenor & Cris Mj', 'El Conjuntito by El Bobe & Omar Montes'}",0,0,0.0,2025-03
2025-03-29,"{'Mamichula - con Nicki Nicole by Trueno', 'Manos Rotas by DELLAFUENTE & Morad', 'Si No Estás by iñigo quintero', 'PERRO NEGRO by Bad Bunny', 'Thalía by Cyril Kamer', 'LUNA by Feid', 'Young Miko: Bzrp Music Sessions, Vol. 58 by Bizarrap & Young Miko', '1000COSAS by Lola Indigo & Manuel Turizo', 'Hey Lil Mama by Eladio Carrion', 'A 300 by JC Reyes & Pedro Calderon & Blacknife', 'Madrid City by Ana Mena', 'Trending Remix (with Myke Towers) by Dei V', 'VAGABUNDO by Sebastian Yatra & Manuel Turizo & Beéle', 'TU$$I (with Dei V) by YOVNGCHIMI', 'Beautiful Things by Benson Boone', 'Buscando Money by TWENTY SIX & Tayson Kryss', 'Lo Que Tiene by Morad & Beny Jr & Rvfv', 'Quien Es Dei V? by Dei V', 'EMPELOTICA by Lenny Tavárez & Feid', 'UNA BACHATA by Lola Indigo', 'M.A.I by Milo j', 'No Te Quieren Conmigo by Gaby Music & Lunay & Luar La L', 'El Patio by Pepe y Vizio & Delaossa & KIDDO', 'Cohete by Shakira', 'VVS Switch (feat. Hades66, Luar La L & CDobleta) - Remix by Pressure 9X19 & Anuel AA & YOVNGCHIMI', 'REINA by Mora', 'DILUVIO by Rauw Alejandro', 'MODELITO by Mora', 'El Merengue by Marshmello', 'Columbia by Quevedo', 'Diabólica by Cris Mj', 'La_Original.mp3 by Emilia', 'FARDOS by JC Reyes & De La Ghetto', 'Maquillaje by Renn & Yexel', ""X'CLUSIVO - REMIX by Gonzy & SAIKO & Arcángel"", 'OA by Anuel AA & Quevedo & Maluma', 'Una Foto Remix (feat. Emilia) by Mesita & Nicki Nicole & Tiago PZK', 'PERREO LENTO by Chris Jedi & Gaby Music & Dei V', 'COSAS QUE NO TE DIJE by SAIKO', 'LA FALDA by Myke Towers', 'QLONA by KAROL G', 'Narcotics (with Bryant Myers) by Dei V & Bryant Myers', 'DESATAAA by Ovy On The Drums & Myke Towers & SAIKO', 'La Bachata by Manuel Turizo', 'BABY HELLO by Rauw Alejandro', 'POLARIS - Remix by SAIKO & Feid & Quevedo', 'Casanova by Soolking & Lola Indigo & Rvfv', 'LA CAPI by Myke Towers', 'Gata Only by FloyyMenor & Cris Mj', 'El Conjuntito by El Bobe & Omar Montes'}",1,1,0.02,2025-03
2025-03-30,"{'Mamichula - con Nicki Nicole by Trueno', 'Manos Rotas by DELLAFUENTE & Morad', 'Si No Estás by iñigo quintero', 'PERRO NEGRO by Bad Bunny', 'Thalía by Cyril Kamer', 'LUNA by Feid', 'Young Miko: Bzrp Music Sessions, Vol. 58 by Bizarrap & Young Miko', '1000COSAS by Lola Indigo & Manuel Turizo', 'Hey Lil Mama by Eladio Carrion', 'A 300 by JC Reyes & Pedro Calderon & Blacknife', 'Madrid City by Ana Mena', 'Trending Remix (with Myke Towers) by Dei V', 'VAGABUNDO by Sebastian Yatra & Manuel Turizo & Beéle', 'TU$$I (with Dei V) by YOVNGCHIMI', 'Beautiful Things by Benson Boone', 'Buscando Money by TWENTY SIX & Tayson Kryss', 'Lo Que Tiene by Morad & Beny Jr & Rvfv', 'Quien Es Dei V? by Dei V', 'UNA BACHATA by Lola Indigo', 'M.A.I by Milo j', 'No Te Quieren Conmigo by Gaby Music & Lunay & Luar La L', 'El Patio by Pepe y Vizio & Delaossa & KIDDO', 'Cohete by Shakira', 'VVS Switch (feat. Hades66, Luar La L & CDobleta) - Remix by Pressure 9X19 & Anuel AA & YOVNGCHIMI', 'REINA by Mora', 'DILUVIO by Rauw Alejandro', 'MODELITO by Mora', 'El Merengue by Marshmello', 'Columbia by Quevedo', 'Diabólica by Cris Mj', 'La_Original.mp3 by Emilia', 'FARDOS by JC Reyes & De La Ghetto', 'Maquillaje by Renn & Yexel', ""X'CLUSIVO - REMIX by Gonzy & SAIKO & Arcángel"", 'OA by Anuel AA & Quevedo & Maluma', 'Una Foto Remix (feat. Emilia) by Mesita & Nicki Nicole & Tiago PZK', 'BBY BOO - REMIX by iZaak & Jhayco & Anuel AA', 'COSAS QUE NO TE DIJE by SAIKO', 'LA FALDA by Myke Towers', 'QLONA by KAROL G', 'Narcotics (with Bryant Myers) by Dei V & Bryant Myers', 'DESATAAA by Ovy On The Drums & Myke Towers & SAIKO', 'Alucin by Eugenio Esquivel & Grupo Marca Registrada & Sebastian Esquivel', 'La Bachata by Manuel Turizo', 'BABY HELLO by Rauw Alejandro', 'POLARIS - Remix by SAIKO & Feid & Quevedo', 'Casanova by Soolking & Lola Indigo & Rvfv', 'LA CAPI by Myke Towers', 'Gata Only by FloyyMenor & Cris Mj', 'El Conjuntito by El Bobe & Omar Montes'}",2,2,0.04,2025-03
2025-03-31,"{'Mamichula - con Nicki Nicole by Trueno', 'Manos Rotas by DELLAFUENTE & Morad', 'PERRO NEGRO by Bad Bunny', 'Thalía by Cyril Kamer', 'LATTE (feat. Maria Becerra) by The Academy: Segunda Misión & Sech & Dalex', 'LUNA by Feid', 'LA RANGER (feat. Myke Towers) by The Academy: Segunda Misión & Justin Quiles & Lenny Tavárez', 'Young Miko: Bzrp Music Sessions, Vol. 58 by Bizarrap & Young Miko', '1000COSAS by Lola Indigo & Manuel Turizo', 'A 300 by JC Reyes & Pedro Calderon & Blacknife', 'Madrid City by Ana Mena', 'Trending Remix (with Myke Towers) by Dei V', 'TU$$I (with Dei V) by YOVNGCHIMI', 'Beautiful Things by Benson Boone', 'Buscando Money by TWENTY SIX & Tayson Kryss', 'Lo Que Tiene by Morad & Beny Jr & Rvfv', 'Quien Es Dei V? by Dei V', 'EMPELOTICA by Lenny Tavárez & Feid', 'UNA BACHATA by Lola Indigo', 'M.A.I by Milo j', 'No Te Quieren Conmigo by Gaby Music & Lunay & Luar La L', 'El Patio by Pepe y Vizio & Delaossa & KIDDO', 'FLOWHOT (feat. Arcángel, De La Ghetto, Randy) by The Academy: Segunda Misión & Sech & Dalex', 'REINA by Mora', 'DILUVIO by Rauw Alejandro', 'MODELITO by Mora', 'El Merengue by Marshmello', 'Columbia by Quevedo', 'Diabólica by Cris Mj', 'SexeSexy by Mushkaa', 'La_Original.mp3 by Emilia', 'SI SI SI SI (feat. Eladio Carrion, Bryant Myers, Dei V) by The Academy: Segunda Misión', 'FARDOS by JC Reyes & De La Ghetto', 'Maquillaje by Renn & Yexel', ""X'CLUSIVO - REMIX by Gonzy & SAIKO & Arcángel"", 'OA by Anuel AA & Quevedo & Maluma', 'Una Foto Remix (feat. Emilia) by Mesita & Nicki Nicole & Tiago PZK', 'BBY BOO - REMIX by iZaak & Jhayco & Anuel AA', 'COSAS QUE NO TE DIJE by SAIKO', 'LA FALDA by Myke Towers', 'Narcotics (with Bryant Myers) by Dei V & Bryant Myers', 'DESATAAA by Ovy On The Drums & Myke Towers & SAIKO', 'Alucin by Eugenio Esquivel & Grupo Marca Registrada & Sebastian Esquivel', 'La Bachata by Manuel Turizo', 'BABY HELLO by Rauw Alejandro', 'POLARIS - Remix by SAIKO & Feid & Quevedo', 'Casanova by Soolking & Lola Indigo & Rvfv', 'LA CAPI by Myke Towers', 'Gata Only by FloyyMenor & Cris Mj', 'El Conjuntito by El Bobe & Omar Montes'}",6,6,0.12,2025-03
2025-04-01,"{'Mamichula - con Nicki Nicole by Trueno', 'Manos Rotas by DELLAFUENTE & Morad', 'PERRO NEGRO by Bad Bunny', 'SI SI SI SI (feat. Eladio Carrion, Bryant Myers, Dei V) by The Academy: Segunda Misión & Justin Quiles & Lenny Tavárez', 'Thalía by Cyril Kamer', 'LUNA by Feid', 'LA RANGER (feat. Myke Towers) by The Academy: Segunda Misión & Justin Quiles & Lenny Tavárez', 'Young Miko: Bzrp Music Sessions, Vol. 58 by Bizarrap & Young Miko', '1000COSAS by Lola Indigo & Manuel Turizo', 'Hey Lil Mama by Eladio Carrion', 'A 300 by JC Reyes & Pedro Calderon & Blacknife', 'Madrid City by Ana Mena', 'Trending Remix (with Myke Towers) by Dei V', 'VAGABUNDO by Sebastian Yatra & Manuel Turizo & Beéle', 'TU$$I (with Dei V) by YOVNGCHIMI', 'Beautiful Things by Benson Boone', 'Buscando Money by TWENTY SIX & Tayson Kryss', 'Lo Que Tiene by Morad & Beny Jr & Rvfv', 'Quien Es Dei V? by Dei V', 'EMPELOTICA by Lenny Tavárez & Feid', 'UNA BACHATA by Lola Indigo', 'M.A.I by Milo j', 'No Te Quieren Conmigo by Gaby Music & Lunay & Luar La L', 'El Patio by Pepe y Vizio & Delaossa & KIDDO', 'REINA by Mora', 'DILUVIO by Rauw Alejandro', 'MODELITO by Mora', 'El Merengue by Marshmello', 'Columbia by Quevedo', 'Diabólica by Cris Mj', 'La_Original.mp3 by Emilia', 'FARDOS by JC Reyes & De La Ghetto', 'Maquillaje by Renn & Yexel', ""X'CLUSIVO - REMIX by Gonzy & SAIKO & Arcángel"", 'OA by Anuel AA & Quevedo & Maluma', 'Una Foto Remix (feat. Emilia) by Mesita & Nicki Nicole & Tiago PZK', 'BBY BOO - REMIX by iZaak & Jhayco & Anuel AA', 'COSAS QUE NO TE DIJE by SAIKO', 'Japoni (feat. Camin, Moncho Chavea, Jthyago & Samueliyo Baby) by Oscar el Ruso & Samuel G & Omar Montes', 'LA FALDA by Myke Towers', 'QLONA by KAROL G', 'Narcotics (with Bryant Myers) by Dei V & Bryant Myers', 'DESATAAA by Ovy On The Drums & Myke Towers & SAIKO', 'La Bachata by Manuel Turizo', 'BABY HELLO by Rauw Alejandro', 'POLARIS - Remix by SAIKO & Feid & Quevedo', 'Casanova by Soolking & Lola Indigo & Rvfv', 'LA CAPI by Myke Towers', 'Gata Only by FloyyMenor & Cris Mj', 'El Conjuntito by El Bobe & Omar Montes'}",5,5,0.1,2025-04
2025-04-02,"{'Mamichula - con Nicki Nicole by Trueno', 'Manos Rotas by DELLAFUENTE & Morad', 'Si No Estás by iñigo quintero', 'PERRO NEGRO by Bad Bunny', 'Thalía by Cyril Kamer', 'LUNA by Feid', 'LA RANGER (feat. Myke Towers) by The Academy: Segunda Misión & Justin Quiles & Lenny Tavárez', 'Young Miko: Bzrp Music Sessions, Vol. 58 by Bizarrap & Young Miko', '1000COSAS by Lola Indigo & Manuel Turizo', 'Hey Lil Mama by Eladio Carrion', 'A 300 by JC Reyes & Pedro Calderon & Blacknife', 'Madrid City by Ana Mena', 'Trending Remix (with Myke Towers) by Dei V', 'VAGABUNDO by Sebastian Yatra & Manuel Turizo & Beéle', 'TU$$I (with Dei V) by YOVNGCHIMI', 'Beautiful Things by Benson Boone', 'Buscando Money by TWENTY SIX & Tayson Kryss', 'Lo Que Tiene by Morad & Beny Jr & Rvfv', 'Quien Es Dei V? by Dei V', 'EMPELOTICA by Lenny Tavárez & Feid', 'UNA BACHATA by Lola Indigo', 'M.A.I by Milo j', 'No Te Quieren Conmigo by Gaby Music & Lunay & Luar La L', 'El Patio by Pepe y Vizio & Delaossa & KIDDO', 'REINA by Mora', 'DILUVIO by Rauw Alejandro', 'MODELITO by Mora', 'El Merengue by Marshmello', 'Columbia by Quevedo', 'Diabólica by Cris Mj', 'La_Original.mp3 by Emilia', 'FARDOS by JC Reyes & De La Ghetto', 'Maquillaje by Renn & Yexel', ""X'CLUSIVO - REMIX by Gonzy & SAIKO & Arcángel"", 'OA by Anuel AA & Quevedo & Maluma', 'Una Foto Remix (feat. Emilia) by Mesita & Nicki Nicole & Tiago PZK', 'BBY BOO - REMIX by iZaak & Jhayco & Anuel AA', 'COSAS QUE NO TE DIJE by SAIKO', 'LA FALDA by Myke Towers', 'QLONA by KAROL G', 'Narcotics (with Bryant Myers) by Dei V & Bryant Myers', 'DESATAAA by Ovy On The Drums & Myke Towers & SAIKO', 'Alucin by Eugenio Esquivel & Grupo Marca Registrada & Sebastian Esquivel', 'La Bachata by Manuel Turizo', 'BABY HELLO by Rauw Alejandro', 'POLARIS - Remix by SAIKO & Feid & Quevedo', 'Casanova by Soolking & Lola Indigo & Rvfv', 'LA CAPI by Myke Towers', 'Gata Only by FloyyMenor & Cris Mj', 'El Conjuntito by El Bobe & Omar Montes'}",2,2,0.04,2025-04
2025-04-03,"{'Mamichula - con Nicki Nicole by Trueno', 'Manos Rotas by DELLAFUENTE & Morad', 'Si No Estás by iñigo quintero', 'PERRO NEGRO by Bad Bunny', 'Thalía by Cyril Kamer', 'LUNA by Feid', 'LA RANGER (feat. Myke Towers) by The Academy: Segunda Misión & Justin Quiles & Lenny Tavárez', 'Young Miko: Bzrp Music Sessions, Vol. 58 by Bizarrap & Young Miko', '1000COSAS by Lola Indigo & Manuel Turizo', 'Hey Lil Mama by Eladio Carrion', 'A 300 by JC Reyes & Pedro Calderon & Blacknife', 'Madrid City by Ana Mena', 'Trending Remix (with Myke Towers) by Dei V', 'VAGABUNDO by Sebastian Yatra & Manuel Turizo & Beéle', 'TU$$I (with Dei V) by YOVNGCHIMI', 'Beautiful Things by Benson Boone', 'Buscando Money by TWENTY SIX & Tayson Kryss', 'Lo Que Tiene by Morad & Beny Jr & Rvfv', 'Quien Es Dei V? by Dei V', 'EMPELOTICA by Lenny Tavárez & Feid', 'UNA BACHATA by Lola Indigo', 'M.A.I by Milo j', 'No Te Quieren Conmigo by Gaby Music & Lunay & Luar La L', 'El Patio by Pepe y Vizio & Delaossa & KIDDO', 'REINA by Mora', 'DILUVIO by Rauw Alejandro', 'MODELITO by Mora', 'El Merengue by Marshmello', 'Columbia by Quevedo', 'Diabólica by Cris Mj', 'La_Original.mp3 by Emilia', 'FARDOS by JC Reyes & De La Ghetto', 'Maquillaje by Renn & Yexel', ""X'CLUSIVO - REMIX by Gonzy & SAIKO & Arcángel"", 'OA by Anuel AA & Quevedo & Maluma', 'Una Foto Remix (feat. Emilia) by Mesita & Nicki Nicole & Tiago PZK', 'BBY BOO - REMIX by iZaak & Jhayco & Anuel AA', 'COSAS QUE NO TE DIJE by SAIKO', 'LA FALDA by Myke Towers', 'QLONA by KAROL G', 'Narcotics (with Bryant Myers) by Dei V & Bryant Myers', 'DESATAAA by Ovy On The Drums & Myke Towers & SAIKO', 'Alucin by Eugenio Esquivel & Grupo Marca Registrada & Sebastian Esquivel', 'La Bachata by Manuel Turizo', 'BABY HELLO by Rauw Alejandro', 'POLARIS - Remix by SAIKO & Feid & Quevedo', 'Casanova by Soolking & Lola Indigo & Rvfv', 'LA CAPI by Myke Towers', 'Gata Only by FloyyMenor & Cris Mj', 'El Conjuntito by El Bobe & Omar Montes'}",0,0,0.0,2025-04
2025-04-04,"{'Manos Rotas by DELLAFUENTE & Morad', 'PERRO NEGRO by Bad Bunny', 'Thalía by Cyril Kamer', 'LUNA by Feid', 'LA RANGER (feat. Myke Towers) by The Academy: Segunda Misión & Justin Quiles & Lenny Tavárez', 'Young Miko: Bzrp Music Sessions, Vol. 58 by Bizarrap & Young Miko', '1000COSAS by Lola Indigo & Manuel Turizo', 'Hey Lil Mama by Eladio Carrion', 'A 300 by JC Reyes & Pedro Calderon & Blacknife', 'Madrid City by Ana Mena', 'Trending Remix (with Myke Towers) by Dei V', 'TU$$I (with Dei V) by YOVNGCHIMI', 'Beautiful Things by Benson Boone', 'Buscando Money by TWENTY SIX & Tayson Kryss', 'Lo Que Tiene by Morad & Beny Jr & Rvfv', 'Quien Es Dei V? by Dei V', 'Tengo Un Plan by Key-Key', 'EMPELOTICA by Lenny Tavárez & Feid', 'UNA BACHATA by Lola Indigo', 'M.A.I by Milo j', 'No Te Quieren Conmigo by Gaby Music & Lunay & Luar La L', 'El Patio by Pepe y Vizio & Delaossa & KIDDO', 'REINA by Mora', 'DILUVIO by Rauw Alejandro', 'MODELITO by Mora', 'El Merengue by Marshmello', 'Columbia by Quevedo', 'Diabólica by Cris Mj', 'SexeSexy by Mushkaa', 'La_Original.mp3 by Emilia', 'i like the way you kiss me by Artemas', 'FARDOS by JC Reyes & De La Ghetto', 'Maquillaje by Renn & Yexel', ""X'CLUSIVO - REMIX by Gonzy & SAIKO & Arcángel"", 'OA by Anuel AA & Quevedo & Maluma', 'Una Foto Remix (feat. Emilia) by Mesita & Nicki Nicole & Tiago PZK', 'BBY BOO - REMIX by iZaak & Jhayco & Anuel AA', 'COSAS QUE NO TE DIJE by SAIKO', 'LA FALDA by Myke Towers', 'QLONA by KAROL G', 'Narcotics (with Bryant Myers) by Dei V & Bryant Myers', 'DESATAAA by Ovy On The Drums & Myke Towers & SAIKO', 'Alucin by Eugenio Esquivel & Grupo Marca Registrada & Sebastian Esquivel', 'La Bachata by Manuel Turizo', 'BABY HELLO by Rauw Alejandro', 'POLARIS - Remix by SAIKO & Feid & Quevedo', 'Casanova by Soolking & Lola Indigo & Rvfv', 'LA CAPI by Myke Towers', 'Gata Only by FloyyMenor & Cris Mj', 'El Conjuntito by El Bobe & Omar Montes'}",3,3,0.06,2025-04
2025-04-05,"{'Mamichula - con Nicki Nicole by Trueno', 'Manos Rotas by DELLAFUENTE & Morad', 'PERRO NEGRO by Bad Bunny', 'Thalía by Cyril Kamer', 'LUNA by Feid', 'LA RANGER (feat. Myke Towers) by The Academy: Segunda Misión & Justin Quiles & Lenny Tavárez', 'Young Miko: Bzrp Music Sessions, Vol. 58 by Bizarrap & Young Miko', '1000COSAS by Lola Indigo & Manuel Turizo', 'Hey Lil Mama by Eladio Carrion', 'A 300 by JC Reyes & Pedro Calderon & Blacknife', 'Madrid City by Ana Mena', 'Trending Remix (with Myke Towers) by Dei V', 'VAGABUNDO by Sebastian Yatra & Manuel Turizo & Beéle', 'TU$$I (with Dei V) by YOVNGCHIMI', 'Beautiful Things by Benson Boone', 'Buscando Money by TWENTY SIX & Tayson Kryss', 'Lo Que Tiene by Morad & Beny Jr & Rvfv', 'Quien Es Dei V? by Dei V', 'Tengo Un Plan by Key-Key', 'EMPELOTICA by Lenny Tavárez & Feid', 'UNA BACHATA by Lola Indigo', 'M.A.I by Milo j', 'No Te Quieren Conmigo by Gaby Music & Lunay & Luar La L', 'El Patio by Pepe y Vizio & Delaossa & KIDDO', 'REINA by Mora', 'DILUVIO by Rauw Alejandro', 'MODELITO by Mora', 'El Merengue by Marshmello', 'Columbia by Quevedo', 'Diabólica by Cris Mj', 'La_Original.mp3 by Emilia', 'FARDOS by JC Reyes & De La Ghetto', 'Maquillaje by Renn & Yexel', ""X'CLUSIVO - REMIX by Gonzy & SAIKO & Arcángel"", 'OA by Anuel AA & Quevedo & Maluma', 'Una Foto Remix (feat. Emilia) by Mesita & Nicki Nicole & Tiago PZK', 'BBY BOO - REMIX by iZaak & Jhayco & Anuel AA', 'COSAS QUE NO TE DIJE by SAIKO', 'LA FALDA by Myke Towers', 'QLONA by KAROL G', 'Narcotics (with Bryant Myers) by Dei V & Bryant Myers', 'DESATAAA by Ovy On The Drums & Myke Towers & SAIKO', 'Alucin by Eugenio Esquivel & Grupo Marca Registrada & Sebastian Esquivel', 'La Bachata by Manuel Turizo', 'BABY HELLO by Rauw Alejandro', 'POLARIS - Remix by SAIKO & Feid & Quevedo', 'Casanova by Soolking & Lola Indigo & Rvfv', 'LA CAPI by Myke Towers', 'Gata Only by FloyyMenor & Cris Mj', 'El Conjuntito by El Bobe & Omar Montes'}",2,2,0.04,2025-04
2025-04-06,"{'Manos Rotas by DELLAFUENTE & Morad', 'PERRO NEGRO by Bad Bunny', 'SI SI SI SI (feat. Eladio Carrion, Bryant Myers, Dei V) by The Academy: Segunda Misión & Justin Quiles & Lenny Tavárez', 'Thalía by Cyril Kamer', 'LUNA by Feid', 'LA RANGER (feat. Myke Towers) by The Academy: Segunda Misión & Justin Quiles & Lenny Tavárez', 'Young Miko: Bzrp Music Sessions, Vol. 58 by Bizarrap & Young Miko', '1000COSAS by Lola Indigo & Manuel Turizo', 'Hey Lil Mama by Eladio Carrion', 'A 300 by JC Reyes & Pedro Calderon & Blacknife', 'Madrid City by Ana Mena', 'Trending Remix (with Myke Towers) by Dei V', 'VAGABUNDO by Sebastian Yatra & Manuel Turizo & Beéle', 'TU$$I (with Dei V) by YOVNGCHIMI', 'Natanael Cano: Bzrp Music Sessions, Vol. 59 by Bizarrap & Natanael Cano', 'Beautiful Things by Benson Boone', 'Buscando Money by TWENTY SIX & Tayson Kryss', 'Lo Que Tiene by Morad & Beny Jr & Rvfv', 'Quien Es Dei V? by Dei V', 'Tengo Un Plan by Key-Key', 'EMPELOTICA by Lenny Tavárez & Feid', 'UNA BACHATA by Lola Indigo', 'M.A.I by Milo j', 'No Te Quieren Conmigo by Gaby Music & Lunay & Luar La L', 'El Patio by Pepe y Vizio & Delaossa & KIDDO', 'REINA by Mora', 'DILUVIO by Rauw Alejandro', 'MODELITO by Mora', 'El Merengue by Marshmello', 'Columbia by Quevedo', 'Diabólica by Cris Mj', 'La_Original.mp3 by Emilia', 'FARDOS by JC Reyes & De La Ghetto', 'Maquillaje by Renn & Yexel', ""X'CLUSIVO - REMIX by Gonzy & SAIKO & Arcángel"", 'OA by Anuel AA & Quevedo & Maluma', 'Una Foto Remix (feat. Emilia) by Mesita & Nicki Nicole & Tiago PZK', 'BBY BOO - REMIX by iZaak & Jhayco & Anuel AA', 'COSAS QUE NO TE DIJE by SAIKO', 'LA FALDA by Myke Towers', 'QLONA by KAROL G', 'Narcotics (with Bryant Myers) by Dei V & Bryant Myers', 'DESATAAA by Ovy On The Drums & Myke Towers & SAIKO', 'La Bachata by Manuel Turizo', 'BABY HELLO by Rauw Alejandro', 'POLARIS - Remix by SAIKO & Feid & Quevedo', 'Casanova by Soolking & Lola Indigo & Rvfv', 'LA CAPI by Myke Towers', 'Gata Only by FloyyMenor & Cris Mj', 'El Conjuntito by El Bobe & Omar Montes'}",2,2,0.04,2025-04
2025-04-07,"{'Manos Rotas by DELLAFUENTE & Morad', 'PERRO NEGRO by Bad Bunny', 'SI SI SI SI (feat. Eladio Carrion, Bryant Myers, Dei V) by The Academy: Segunda Misión & Justin Quiles & Lenny Tavárez', 'Thalía by Cyril Kamer', 'LUNA by Feid', 'LA RANGER (feat. Myke Towers) by The Academy: Segunda Misión & Justin Quiles & Lenny Tavárez', 'Young Miko: Bzrp Music Sessions, Vol. 58 by Bizarrap & Young Miko', '1000COSAS by Lola Indigo & Manuel Turizo', 'A 300 by JC Reyes & Pedro Calderon & Blacknife', 'Madrid City by Ana Mena', 'Trending Remix (with Myke Towers) by Dei V', 'VAGABUNDO by Sebastian Yatra & Manuel Turizo & Beéle', 'TU$$I (with Dei V) by YOVNGCHIMI', 'Natanael Cano: Bzrp Music Sessions, Vol. 59 by Bizarrap & Natanael Cano', 'Beautiful Things by Benson Boone', 'Buscando Money by TWENTY SIX & Tayson Kryss', 'Lo Que Tiene by Morad & Beny Jr & Rvfv', 'Quien Es Dei V? by Dei V', 'Tengo Un Plan by Key-Key', 'M.A.I by Milo j', 'No Te Quieren Conmigo by Gaby Music & Lunay & Luar La L', 'El Patio by Pepe y Vizio & Delaossa & KIDDO', 'REINA by Mora', 'DILUVIO by Rauw Alejandro', 'MODELITO by Mora', 'El Merengue by Marshmello', 'Columbia by Quevedo', 'Diabólica by Cris Mj', 'La_Original.mp3 by Emilia', 'No Te Quieren Conmigo - Remix by Gaby Music & Anuel AA & Luar La L', 'FARDOS by JC Reyes & De La Ghetto', 'Maquillaje by Renn & Yexel', ""X'CLUSIVO - REMIX by Gonzy & SAIKO & Arcángel"", 'OA by Anuel AA & Quevedo & Maluma', 'Una Foto Remix (feat. Emilia) by Mesita & Nicki Nicole & Tiago PZK', 'BBY BOO - REMIX by iZaak & Jhayco & Anuel AA', 'COSAS QUE NO TE DIJE by SAIKO', 'LA FALDA by Myke Towers', 'QLONA by KAROL G', 'Narcotics (with Bryant Myers) by Dei V & Bryant Myers', 'DESATAAA by Ovy On The Drums & Myke Towers & SAIKO', 'La Bachata by Manuel Turizo', 'CRUSH by Sky Rompiendo & Dei V', 'BABY HELLO by Rauw Alejandro', 'POLARIS - Remix by SAIKO & Feid & Quevedo', 'offline by Young Miko', 'Casanova by Soolking & Lola Indigo & Rvfv', 'LA CAPI by Myke Towers', 'Gata Only by FloyyMenor & Cris Mj', 'El Conjuntito by El Bobe & Omar Montes'}",3,3,0.06,2025-04
2025-04-08,"{'Manos Rotas by DELLAFUENTE & Morad', 'PERRO NEGRO by Bad Bunny', 'SI SI SI SI (feat. Eladio Carrion, Bryant Myers, Dei V) by The Academy: Segunda Misión & Justin Quiles & Lenny Tavárez', 'Thalía by Cyril Kamer', 'LUNA by Feid', 'LA RANGER (feat. Myke Towers) by The Academy: Segunda Misión & Justin Quiles & Lenny Tavárez', 'Young Miko: Bzrp Music Sessions, Vol. 58 by Bizarrap & Young Miko', '1000COSAS by Lola Indigo & Manuel Turizo', 'A 300 by JC Reyes & Pedro Calderon & Blacknife', 'Madrid City by Ana Mena', 'Trending Remix (with Myke Towers) by Dei V', 'VAGABUNDO by Sebastian Yatra & Manuel Turizo & Beéle', 'TU$$I (with Dei V) by YOVNGCHIMI', 'Natanael Cano: Bzrp Music Sessions, Vol. 59 by Bizarrap & Natanael Cano', 'Beautiful Things by Benson Boone', 'Buscando Money by TWENTY SIX & Tayson Kryss', 'Lo Que Tiene by Morad & Beny Jr & Rvfv', 'Quien Es Dei V? by Dei V', 'Tengo Un Plan by Key-Key', 'M.A.I by Milo j', 'No Te Quieren Conmigo by Gaby Music & Lunay & Luar La L', 'El Patio by Pepe y Vizio & Delaossa & KIDDO', 'REINA by Mora', 'DILUVIO by Rauw Alejandro', 'MODELITO by Mora', 'El Merengue by Marshmello', 'Columbia by Quevedo', 'Diabólica by Cris Mj', 'La_Original.mp3 by Emilia', 'No Te Quieren Conmigo - Remix by Gaby Music & Anuel AA & Luar La L', 'FARDOS by JC Reyes & De La Ghetto', 'Maquillaje by Renn & Yexel', ""X'CLUSIVO - REMIX by Gonzy & SAIKO & Arcángel"", 'OA by Anuel AA & Quevedo & Maluma', 'Una Foto Remix (feat. Emilia) by Mesita & Nicki Nicole & Tiago PZK', 'BBY BOO - REMIX by iZaak & Jhayco & Anuel AA', 'COSAS QUE NO TE DIJE by SAIKO', 'LA FALDA by Myke Towers', 'QLONA by KAROL G', 'Narcotics (with Bryant Myers) by Dei V & Bryant Myers', 'DESATAAA by Ovy On The Drums & Myke Towers & SAIKO', 'La Bachata by Manuel Turizo', 'CRUSH by Sky Rompiendo & Dei V', 'BABY HELLO by Rauw Alejandro', 'POLARIS - Remix by SAIKO & Feid & Quevedo', 'offline by Young Miko', 'Casanova by Soolking & Lola Indigo & Rvfv', 'LA CAPI by Myke Towers', 'Gata Only by FloyyMenor & Cris Mj', 'El Conjuntito by El Bobe & Omar Montes'}",0,0,0.0,2025-04
2025-04-09,"{'Manos Rotas by DELLAFUENTE & Morad', 'PERRO NEGRO by Bad Bunny', 'SI SI SI SI (feat. Eladio Carrion, Bryant Myers, Dei V) by The Academy: Segunda Misión & Justin Quiles & Lenny Tavárez', 'Thalía by Cyril Kamer', 'LUNA by Feid', 'LA RANGER (feat. Myke Towers) by The Academy: Segunda Misión & Justin Quiles & Lenny Tavárez', 'Young Miko: Bzrp Music Sessions, Vol. 58 by Bizarrap & Young Miko', '1000COSAS by Lola Indigo & Manuel Turizo', 'Hey Lil Mama by Eladio Carrion', 'A 300 by JC Reyes & Pedro Calderon & Blacknife', 'Madrid City by Ana Mena', 'Trending Remix (with Myke Towers) by Dei V', 'VAGABUNDO by Sebastian Yatra & Manuel Turizo & Beéle', 'TU$$I (with Dei V) by YOVNGCHIMI', 'Natanael Cano: Bzrp Music Sessions, Vol. 59 by Bizarrap & Natanael Cano', 'Beautiful Things by Benson Boone', 'Buscando Money by TWENTY SIX & Tayson Kryss', 'Lo Que Tiene by Morad & Beny Jr & Rvfv', 'Quien Es Dei V? by Dei V', 'Tengo Un Plan by Key-Key', 'M.A.I by Milo j', 'No Te Quieren Conmigo by Gaby Music & Lunay & Luar La L', 'El Patio by Pepe y Vizio & Delaossa & KIDDO', 'REINA by Mora', 'DILUVIO by Rauw Alejandro', 'MODELITO by Mora', 'El Merengue by Marshmello', 'Columbia by Quevedo', 'Diabólica by Cris Mj', 'La_Original.mp3 by Emilia', 'No Te Quieren Conmigo - Remix by Gaby Music & Anuel AA & Luar La L', 'i like the way you kiss me by Artemas', 'FARDOS by JC Reyes & De La Ghetto', 'Maquillaje by Renn & Yexel', ""X'CLUSIVO - REMIX by Gonzy & SAIKO & Arcángel"", 'OA by Anuel AA & Quevedo & Maluma', 'Una Foto Remix (feat. Emilia) by Mesita & Nicki Nicole & Tiago PZK', 'BBY BOO - REMIX by iZaak & Jhayco & Anuel AA', 'COSAS QUE NO TE DIJE by SAIKO', 'LA FALDA by Myke Towers', 'DESATAAA by Ovy On The Drums & Myke Towers & SAIKO', 'La Bachata by Manuel Turizo', 'CRUSH by Sky Rompiendo & Dei V', 'BABY HELLO by Rauw Alejandro', 'POLARIS - Remix by SAIKO & Feid & Quevedo', 'offline by Young Miko', 'Casanova by Soolking & Lola Indigo & Rvfv', 'LA CAPI by Myke Towers', 'Gata Only by FloyyMenor & Cris Mj', 'El Conjuntito by El Bobe & Omar Montes'}",2,2,0.04,2025-04
2025-04-10,"{'Manos Rotas by DELLAFUENTE & Morad', 'PERRO NEGRO by Bad Bunny', 'SI SI SI SI (feat. Eladio Carrion, Bryant Myers, Dei V) by The Academy: Segunda Misión & Justin Quiles & Lenny Tavárez', 'Thalía by Cyril Kamer', 'LUNA by Feid', 'LA RANGER (feat. Myke Towers) by The Academy: Segunda Misión & Justin Quiles & Lenny Tavárez', 'Young Miko: Bzrp Music Sessions, Vol. 58 by Bizarrap & Young Miko', '1000COSAS by Lola Indigo & Manuel Turizo', 'Hey Lil Mama by Eladio Carrion', 'A 300 by JC Reyes & Pedro Calderon & Blacknife', 'Madrid City by Ana Mena', 'Trending Remix (with Myke Towers) by Dei V', 'VAGABUNDO by Sebastian Yatra & Manuel Turizo & Beéle', 'TU$$I (with Dei V) by YOVNGCHIMI', 'Natanael Cano: Bzrp Music Sessions, Vol. 59 by Bizarrap & Natanael Cano', 'Beautiful Things by Benson Boone', 'Buscando Money by TWENTY SIX & Tayson Kryss', 'Lo Que Tiene by Morad & Beny Jr & Rvfv', 'Tengo Un Plan by Key-Key', 'M.A.I by Milo j', 'No Te Quieren Conmigo by Gaby Music & Lunay & Luar La L', 'El Patio by Pepe y Vizio & Delaossa & KIDDO', 'REINA by Mora', 'DILUVIO by Rauw Alejandro', 'MODELITO by Mora', 'El Merengue by Marshmello', 'Columbia by Quevedo', 'Diabólica by Cris Mj', 'SexeSexy by Mushkaa', 'La_Original.mp3 by Emilia', 'No Te Quieren Conmigo - Remix by Gaby Music & Anuel AA & Luar La L', 'i like the way you kiss me by Artemas', 'FARDOS by JC Reyes & De La Ghetto', 'Maquillaje by Renn & Yexel', ""X'CLUSIVO - REMIX by Gonzy & SAIKO & Arcángel"", 'OA by Anuel AA & Quevedo & Maluma', 'Una Foto Remix (feat. Emilia) by Mesita & Nicki Nicole & Tiago PZK', 'BBY BOO - REMIX by iZaak & Jhayco & Anuel AA', 'COSAS QUE NO TE DIJE by SAIKO', 'LA FALDA by Myke Towers', 'DESATAAA by Ovy On The Drums & Myke Towers & SAIKO', 'La Bachata by Manuel Turizo', 'CRUSH by Sky Rompiendo & Dei V', 'BABY HELLO by Rauw Alejandro', 'POLARIS - Remix by SAIKO & Feid & Quevedo', 'offline by Young Miko', 'Casanova by Soolking & Lola Indigo & Rvfv', 'LA CAPI by Myke Towers', 'Gata Only by FloyyMenor & Cris Mj', 'El Conjuntito by El Bobe & Omar Montes'}",1,1,0.02,2025-04
2025-04-11,"{'Manos Rotas by DELLAFUENTE & Morad', 'PERRO NEGRO by Bad Bunny', 'SI SI SI SI (feat. Eladio Carrion, Bryant Myers, Dei V) by The Academy: Segunda Misión & Justin Quiles & Lenny Tavárez', 'Thalía by Cyril Kamer', 'LUNA by Feid', 'LA RANGER (feat. Myke Towers) by The Academy: Segunda Misión & Justin Quiles & Lenny Tavárez', 'Young Miko: Bzrp Music Sessions, Vol. 58 by Bizarrap & Young Miko', '1000COSAS by Lola Indigo & Manuel Turizo', 'Hey Lil Mama by Eladio Carrion', 'A 300 by JC Reyes & Pedro Calderon & Blacknife', 'Madrid City by Ana Mena', 'Trending Remix (with Myke Towers) by Dei V', 'VAGABUNDO by Sebastian Yatra & Manuel Turizo & Beéle', 'TU$$I (with Dei V) by YOVNGCHIMI', 'Natanael Cano: Bzrp Music Sessions, Vol. 59 by Bizarrap & Natanael Cano', 'Beautiful Things by Benson Boone', 'Buscando Money by TWENTY SIX & Tayson Kryss', 'Lo Que Tiene by Morad & Beny Jr & Rvfv', 'Tengo Un Plan by Key-Key', 'UNA BACHATA by Lola Indigo', 'M.A.I by Milo j', 'El Patio by Pepe y Vizio & Delaossa & KIDDO', 'REINA by Mora', 'DILUVIO by Rauw Alejandro', 'MODELITO by Mora', 'El Merengue by Marshmello', 'Columbia by Quevedo', 'Diabólica by Cris Mj', 'SexeSexy by Mushkaa', 'La_Original.mp3 by Emilia', 'No Te Quieren Conmigo - Remix by Gaby Music & Anuel AA & Luar La L', 'i like the way you kiss me by Artemas', 'FARDOS by JC Reyes & De La Ghetto', 'Maquillaje by Renn & Yexel', ""X'CLUSIVO - REMIX by Gonzy & SAIKO & Arcángel"", 'OA by Anuel AA & Quevedo & Maluma', 'Una Foto Remix (feat. Emilia) by Mesita & Nicki Nicole & Tiago PZK', 'BBY BOO - REMIX by iZaak & Jhayco & Anuel AA', 'COSAS QUE NO TE DIJE by SAIKO', 'LA FALDA by Myke Towers', 'DESATAAA by Ovy On The Drums & Myke Towers & SAIKO', 'La Bachata by Manuel Turizo', 'CRUSH by Sky Rompiendo & Dei V', 'BABY HELLO by Rauw Alejandro', 'POLARIS - Remix by SAIKO & Feid & Quevedo', 'offline by Young Miko', 'Casanova by Soolking & Lola Indigo & Rvfv', 'LA CAPI by Myke Towers', 'Gata Only by FloyyMenor & Cris Mj', 'El Conjuntito by El Bobe & Omar Montes'}",1,1,0.02,2025-04
2025-04-12,"{'Manos Rotas by DELLAFUENTE & Morad', 'PERRO NEGRO by Bad Bunny', 'SI SI SI SI (feat. Eladio Carrion, Bryant Myers, Dei V) by The Academy: Segunda Misión & Justin Quiles & Lenny Tavárez', 'Thalía by Cyril Kamer', 'LUNA by Feid', 'LA RANGER (feat. Myke Towers) by The Academy: Segunda Misión & Justin Quiles & Lenny Tavárez', 'Young Miko: Bzrp Music Sessions, Vol. 58 by Bizarrap & Young Miko', '1000COSAS by Lola Indigo & Manuel Turizo', 'Hey Lil Mama by Eladio Carrion', 'A 300 by JC Reyes & Pedro Calderon & Blacknife', 'Madrid City by Ana Mena', 'Trending Remix (with Myke Towers) by Dei V', 'TU$$I (with Dei V) by YOVNGCHIMI', 'Natanael Cano: Bzrp Music Sessions, Vol. 59 by Bizarrap & Natanael Cano', 'Beautiful Things by Benson Boone', 'Buscando Money by TWENTY SIX & Tayson Kryss', 'Lo Que Tiene by Morad & Beny Jr & Rvfv', 'Tengo Un Plan by Key-Key', 'UNA BACHATA by Lola Indigo', 'M.A.I by Milo j', 'El Patio by Pepe y Vizio & Delaossa & KIDDO', 'rompeolas by Martin Urrutia', 'REINA by Mora', 'DILUVIO by Rauw Alejandro', 'MODELITO by Mora', 'El Merengue by Marshmello', 'Columbia by Quevedo', 'Diabólica by Cris Mj', 'SexeSexy by Mushkaa', 'La_Original.mp3 by Emilia', 'No Te Quieren Conmigo - Remix by Gaby Music & Anuel AA & Luar La L', 'i like the way you kiss me by Artemas', 'FARDOS by JC Reyes & De La Ghetto', 'Maquillaje by Renn & Yexel', ""X'CLUSIVO - REMIX by Gonzy & SAIKO & Arcángel"", 'OA by Anuel AA & Quevedo & Maluma', 'Una Foto Remix (feat. Emilia) by Mesita & Nicki Nicole & Tiago PZK', 'BBY BOO - REMIX by iZaak & Jhayco & Anuel AA', 'COSAS QUE NO TE DIJE by SAIKO', 'LA FALDA by Myke Towers', 'DESATAAA by Ovy On The Drums & Myke Towers & SAIKO', 'La Bachata by Manuel Turizo', 'CRUSH by Sky Rompiendo & Dei V', 'BABY HELLO by Rauw Alejandro', 'POLARIS - Remix by SAIKO & Feid & Quevedo', 'offline by Young Miko', 'Casanova by Soolking & Lola Indigo & Rvfv', 'LA CAPI by Myke Towers', 'Gata Only by FloyyMenor & Cris Mj', 'El Conjuntito by El Bobe & Omar Montes'}",1,1,0.02,2025-04
2025-04-13,"{'Manos Rotas by DELLAFUENTE & Morad', 'PERRO NEGRO by Bad Bunny', 'SI SI SI SI (feat. Eladio Carrion, Bryant Myers, Dei V) by The Academy: Segunda Misión & Justin Quiles & Lenny Tavárez', 'Thalía by Cyril Kamer', 'LUNA by Feid', 'LA RANGER (feat. Myke Towers) by The Academy: Segunda Misión & Justin Quiles & Lenny Tavárez', 'Young Miko: Bzrp Music Sessions, Vol. 58 by Bizarrap & Young Miko', '1000COSAS by Lola Indigo & Manuel Turizo', 'Hey Lil Mama by Eladio Carrion', 'A 300 by JC Reyes & Pedro Calderon & Blacknife', 'Madrid City by Ana Mena', 'Trending Remix (with Myke Towers) by Dei V', 'VAGABUNDO by Sebastian Yatra & Manuel Turizo & Beéle', 'TU$$I (with Dei V) by YOVNGCHIMI', 'Natanael Cano: Bzrp Music Sessions, Vol. 59 by Bizarrap & Natanael Cano', 'Beautiful Things by Benson Boone', 'Buscando Money by TWENTY SIX & Tayson Kryss', 'Lo Que Tiene by Morad & Beny Jr & Rvfv', 'Tengo Un Plan by Key-Key', 'UNA BACHATA by Lola Indigo', 'M.A.I by Milo j', 'El Patio by Pepe y Vizio & Delaossa & KIDDO', 'REINA by Mora', 'DILUVIO by Rauw Alejandro', 'MODELITO by Mora', 'El Merengue by Marshmello', 'Columbia by Quevedo', 'Diabólica by Cris Mj', 'SexeSexy by Mushkaa', 'La_Original.mp3 by Emilia', 'No Te Quieren Conmigo - Remix by Gaby Music & Anuel AA & Luar La L', 'i like the way you kiss me by Artemas', 'FARDOS by JC Reyes & De La Ghetto', 'Maquillaje by Renn & Yexel', ""X'CLUSIVO - REMIX by Gonzy & SAIKO & Arcángel"", 'OA by Anuel AA & Quevedo & Maluma', 'Una Foto Remix (feat. Emilia) by Mesita & Nicki Nicole & Tiago PZK', 'BBY BOO - REMIX by iZaak & Jhayco & Anuel AA', 'COSAS QUE NO TE DIJE by SAIKO', 'LA FALDA by Myke Towers', 'DESATAAA by Ovy On The Drums & Myke Towers & SAIKO', 'La Bachata by Manuel Turizo', 'CRUSH by Sky Rompiendo & Dei V', 'BABY HELLO by Rauw Alejandro', 'POLARIS - Remix by SAIKO & Feid & Quevedo', 'offline by Young Miko', 'Casanova by Soolking & Lola Indigo & Rvfv', 'LA CAPI by Myke Towers', 'Gata Only by FloyyMenor & Cris Mj', 'El Conjuntito by El Bobe & Omar Montes'}",1,1,0.02,2025-04
2025-04-14,"{'Manos Rotas by DELLAFUENTE & Morad', 'Fecha by Feid & Yandel', 'PERRO NEGRO by Bad Bunny', 'SI SI SI SI (feat. Eladio Carrion, Bryant Myers, Dei V) by The Academy: Segunda Misión & Justin Quiles & Lenny Tavárez', 'Thalía by Cyril Kamer', 'LUNA by Feid', 'LA RANGER (feat. Myke Towers) by The Academy: Segunda Misión & Justin Quiles & Lenny Tavárez', 'Young Miko: Bzrp Music Sessions, Vol. 58 by Bizarrap & Young Miko', '1000COSAS by Lola Indigo & Manuel Turizo', 'A 300 by JC Reyes & Pedro Calderon & Blacknife', 'Madrid City by Ana Mena', 'Trending Remix (with Myke Towers) by Dei V', 'VAGABUNDO by Sebastian Yatra & Manuel Turizo & Beéle', 'TU$$I (with Dei V) by YOVNGCHIMI', 'Beautiful Things by Benson Boone', 'Buscando Money by TWENTY SIX & Tayson Kryss', 'Lo Que Tiene by Morad & Beny Jr & Rvfv', 'Tengo Un Plan by Key-Key', 'UNA BACHATA by Lola Indigo', 'M.A.I by Milo j', 'El Patio by Pepe y Vizio & Delaossa & KIDDO', 'REINA by Mora', 'DILUVIO by Rauw Alejandro', 'MODELITO by Mora', 'El Merengue by Marshmello', 'Pedro by Jaxomy & Agatino Romero & Raffaella Carrà', 'Columbia by Quevedo', 'Diabólica by Cris Mj', 'La_Original.mp3 by Emilia', 'No Te Quieren Conmigo - Remix by Gaby Music & Anuel AA & Luar La L', 'i like the way you kiss me by Artemas', 'FARDOS by JC Reyes & De La Ghetto', 'Maquillaje by Renn & Yexel', ""X'CLUSIVO - REMIX by Gonzy & SAIKO & Arcángel"", 'OA by Anuel AA & Quevedo & Maluma', 'Una Foto Remix (feat. Emilia) by Mesita & Nicki Nicole & Tiago PZK', 'BBY BOO - REMIX by iZaak & Jhayco & Anuel AA', 'COSAS QUE NO TE DIJE by SAIKO', 'LA FALDA by Myke Towers', 'DESATAAA by Ovy On The Drums & Myke Towers & SAIKO', 'La Bachata by Manuel Turizo', 'LA SEVILLANA by Omar Montes', 'CRUSH by Sky Rompiendo & Dei V', 'BABY HELLO by Rauw Alejandro', 'POLARIS - Remix by SAIKO & Feid & Quevedo', 'offline by Young Miko', 'Casanova by Soolking & Lola Indigo & Rvfv', 'LA CAPI by Myke Towers', 'Gata Only by FloyyMenor & Cris Mj', 'El Conjuntito by El Bobe & Omar Montes'}",3,3,0.06,2025-04
2025-04-15,"{'Manos Rotas by DELLAFUENTE & Morad', 'Fecha by Feid & Yandel', 'PERRO NEGRO by Bad Bunny', 'SI SI SI SI (feat. Eladio Carrion, Bryant Myers, Dei V) by The Academy: Segunda Misión & Justin Quiles & Lenny Tavárez', 'Thalía by Cyril Kamer', 'LUNA by Feid', 'LA RANGER (feat. Myke Towers) by The Academy: Segunda Misión & Justin Quiles & Lenny Tavárez', 'Young Miko: Bzrp Music Sessions, Vol. 58 by Bizarrap & Young Miko', '1000COSAS by Lola Indigo & Manuel Turizo', 'A 300 by JC Reyes & Pedro Calderon & Blacknife', 'Madrid City by Ana Mena', 'Trending Remix (with Myke Towers) by Dei V', 'VAGABUNDO by Sebastian Yatra & Manuel Turizo & Beéle', 'TU$$I (with Dei V) by YOVNGCHIMI', 'Beautiful Things by Benson Boone', 'Buscando Money by TWENTY SIX & Tayson Kryss', 'Lo Que Tiene by Morad & Beny Jr & Rvfv', 'Tengo Un Plan by Key-Key', 'UNA BACHATA by Lola Indigo', 'M.A.I by Milo j', 'El Patio by Pepe y Vizio & Delaossa & KIDDO', 'REINA by Mora', 'DILUVIO by Rauw Alejandro', 'MODELITO by Mora', 'El Merengue by Marshmello', 'Pedro by Jaxomy & Agatino Romero & Raffaella Carrà', 'Columbia by Quevedo', 'Diabólica by Cris Mj', 'La_Original.mp3 by Emilia', 'No Te Quieren Conmigo - Remix by Gaby Music & Anuel AA & Luar La L', 'i like the way you kiss me by Artemas', 'FARDOS by JC Reyes & De La Ghetto', 'Maquillaje by Renn & Yexel', ""X'CLUSIVO - REMIX by Gonzy & SAIKO & Arcángel"", 'OA by Anuel AA & Quevedo & Maluma', 'Una Foto Remix (feat. Emilia) by Mesita & Nicki Nicole & Tiago PZK', 'BBY BOO - REMIX by iZaak & Jhayco & Anuel AA', 'COSAS QUE NO TE DIJE by SAIKO', 'LA FALDA by Myke Towers', 'DESATAAA by Ovy On The Drums & Myke Towers & SAIKO', 'La Bachata by Manuel Turizo', 'LA SEVILLANA by Omar Montes', 'CRUSH by Sky Rompiendo & Dei V', 'BABY HELLO by Rauw Alejandro', 'POLARIS - Remix by SAIKO & Feid & Quevedo', 'offline by Young Miko', 'Casanova by Soolking & Lola Indigo & Rvfv', 'LA CAPI by Myke Towers', 'Gata Only by FloyyMenor & Cris Mj', 'El Conjuntito by El Bobe & Omar Montes'}",0,0,0.0,2025-04
2025-04-16,"{'Manos Rotas by DELLAFUENTE & Morad', 'Fecha by Feid & Yandel', 'PERRO NEGRO by Bad Bunny', 'SI SI SI SI (feat. Eladio Carrion, Bryant Myers, Dei V) by The Academy: Segunda Misión & Justin Quiles & Lenny Tavárez', 'Thalía by Cyril Kamer', 'LUNA by Feid', 'LA RANGER (feat. Myke Towers) by The Academy: Segunda Misión & Justin Quiles & Lenny Tavárez', 'Young Miko: Bzrp Music Sessions, Vol. 58 by Bizarrap & Young Miko', '1000COSAS by Lola Indigo & Manuel Turizo', 'A 300 by JC Reyes & Pedro Calderon & Blacknife', 'Trending Remix (with Myke Towers) by Dei V', 'VAGABUNDO by Sebastian Yatra & Manuel Turizo & Beéle', 'TU$$I (with Dei V) by YOVNGCHIMI', 'Beautiful Things by Benson Boone', 'Buscando Money by TWENTY SIX & Tayson Kryss', 'Lo Que Tiene by Morad & Beny Jr & Rvfv', 'Tengo Un Plan by Key-Key', 'UNA BACHATA by Lola Indigo', 'Santa by Rvssian & Rauw Alejandro & Ayra Starr', 'M.A.I by Milo j', 'El Patio by Pepe y Vizio & Delaossa & KIDDO', 'REINA by Mora', 'DILUVIO by Rauw Alejandro', 'MODELITO by Mora', 'El Merengue by Marshmello', 'Pedro by Jaxomy & Agatino Romero & Raffaella Carrà', 'Columbia by Quevedo', 'Diabólica by Cris Mj', 'La_Original.mp3 by Emilia', 'No Te Quieren Conmigo - Remix by Gaby Music & Anuel AA & Luar La L', 'i like the way you kiss me by Artemas', 'FARDOS by JC Reyes & De La Ghetto', 'Maquillaje by Renn & Yexel', ""X'CLUSIVO - REMIX by Gonzy & SAIKO & Arcángel"", 'OA by Anuel AA & Quevedo & Maluma', 'Una Foto Remix (feat. Emilia) by Mesita & Nicki Nicole & Tiago PZK', 'BBY BOO - REMIX by iZaak & Jhayco & Anuel AA', 'COSAS QUE NO TE DIJE by SAIKO', 'LA FALDA by Myke Towers', 'DESATAAA by Ovy On The Drums & Myke Towers & SAIKO', 'La Bachata by Manuel Turizo', 'LA SEVILLANA by Omar Montes', 'CRUSH by Sky Rompiendo & Dei V', 'BABY HELLO by Rauw Alejandro', 'POLARIS - Remix by SAIKO & Feid & Quevedo', 'offline by Young Miko', 'Casanova by Soolking & Lola Indigo & Rvfv', 'LA CAPI by Myke Towers', 'Gata Only by FloyyMenor & Cris Mj', 'El Conjuntito by El Bobe & Omar Montes'}",1,1,0.02,2025-04
2025-04-17,"{'Manos Rotas by DELLAFUENTE & Morad', 'Fecha by Feid & Yandel', 'PERRO NEGRO by Bad Bunny', 'SI SI SI SI (feat. Eladio Carrion, Bryant Myers, Dei V) by The Academy: Segunda Misión & Justin Quiles & Lenny Tavárez', 'Thalía by Cyril Kamer', 'LUNA by Feid', 'LA RANGER (feat. Myke Towers) by The Academy: Segunda Misión & Justin Quiles & Lenny Tavárez', 'Young Miko: Bzrp Music Sessions, Vol. 58 by Bizarrap & Young Miko', '1000COSAS by Lola Indigo & Manuel Turizo', 'A 300 by JC Reyes & Pedro Calderon & Blacknife', 'Trending Remix (with Myke Towers) by Dei V', 'TU$$I (with Dei V) by YOVNGCHIMI', 'Beautiful Things by Benson Boone', 'Buscando Money by TWENTY SIX & Tayson Kryss', 'Lo Que Tiene by Morad & Beny Jr & Rvfv', 'No Digas Na by Feid & Yandel', 'Tengo Un Plan by Key-Key', 'UNA BACHATA by Lola Indigo', 'Santa by Rvssian & Rauw Alejandro & Ayra Starr', 'M.A.I by Milo j', 'El Patio by Pepe y Vizio & Delaossa & KIDDO', 'REINA by Mora', 'DILUVIO by Rauw Alejandro', 'MODELITO by Mora', 'El Merengue by Marshmello', 'Pedro by Jaxomy & Agatino Romero & Raffaella Carrà', 'Columbia by Quevedo', 'Diabólica by Cris Mj', 'La_Original.mp3 by Emilia', 'No Te Quieren Conmigo - Remix by Gaby Music & Anuel AA & Luar La L', 'i like the way you kiss me by Artemas', 'FARDOS by JC Reyes & De La Ghetto', 'Maquillaje by Renn & Yexel', ""X'CLUSIVO - REMIX by Gonzy & SAIKO & Arcángel"", 'OA by Anuel AA & Quevedo & Maluma', 'Una Foto Remix (feat. Emilia) by Mesita & Nicki Nicole & Tiago PZK', 'BBY BOO - REMIX by iZaak & Jhayco & Anuel AA', 'COSAS QUE NO TE DIJE by SAIKO', 'LA FALDA by Myke Towers', 'DESATAAA by Ovy On The Drums & Myke Towers & SAIKO', 'La Bachata by Manuel Turizo', 'LA SEVILLANA by Omar Montes', 'CRUSH by Sky Rompiendo & Dei V', 'BABY HELLO by Rauw Alejandro', 'POLARIS - Remix by SAIKO & Feid & Quevedo', 'offline by Young Miko', 'Casanova by Soolking & Lola Indigo & Rvfv', 'LA CAPI by Myke Towers', 'Gata Only by FloyyMenor & Cris Mj', 'El Conjuntito by El Bobe & Omar Montes'}",1,1,0.02,2025-04
2025-04-18,"{'Manos Rotas by DELLAFUENTE & Morad', 'Lo que no ves de mí by Juanjo Bona', 'Fecha by Feid & Yandel', 'PERRO NEGRO by Bad Bunny', 'SI SI SI SI (feat. Eladio Carrion, Bryant Myers, Dei V) by The Academy: Segunda Misión & Justin Quiles & Lenny Tavárez', 'Thalía by Cyril Kamer', 'LUNA by Feid', 'LA RANGER (feat. Myke Towers) by The Academy: Segunda Misión & Justin Quiles & Lenny Tavárez', 'Young Miko: Bzrp Music Sessions, Vol. 58 by Bizarrap & Young Miko', '1000COSAS by Lola Indigo & Manuel Turizo', 'A 300 by JC Reyes & Pedro Calderon & Blacknife', 'Trending Remix (with Myke Towers) by Dei V', 'TU$$I (with Dei V) by YOVNGCHIMI', 'Beautiful Things by Benson Boone', 'Lo Que Tiene by Morad & Beny Jr & Rvfv', 'No Digas Na by Feid & Yandel', 'Tengo Un Plan by Key-Key', 'UNA BACHATA by Lola Indigo', 'Santa by Rvssian & Rauw Alejandro & Ayra Starr', 'M.A.I by Milo j', 'El Patio by Pepe y Vizio & Delaossa & KIDDO', 'rompeolas by Martin Urrutia', 'DILUVIO by Rauw Alejandro', 'MODELITO by Mora', 'El Merengue by Marshmello', 'Pedro by Jaxomy & Agatino Romero & Raffaella Carrà', 'Columbia by Quevedo', 'Diabólica by Cris Mj', 'La_Original.mp3 by Emilia', 'No Te Quieren Conmigo - Remix by Gaby Music & Anuel AA & Luar La L', 'i like the way you kiss me by Artemas', 'FARDOS by JC Reyes & De La Ghetto', 'Maquillaje by Renn & Yexel', ""X'CLUSIVO - REMIX by Gonzy & SAIKO & Arcángel"", 'OA by Anuel AA & Quevedo & Maluma', 'Una Foto Remix (feat. Emilia) by Mesita & Nicki Nicole & Tiago PZK', 'BBY BOO - REMIX by iZaak & Jhayco & Anuel AA', 'COSAS QUE NO TE DIJE by SAIKO', 'LA FALDA by Myke Towers', 'Cupido by Engel Montaz & Kuv507 & Latinnites Music', 'DESATAAA by Ovy On The Drums & Myke Towers & SAIKO', 'La Bachata by Manuel Turizo', 'LA SEVILLANA by Omar Montes', 'CRUSH by Sky Rompiendo & Dei V', 'POLARIS - Remix by SAIKO & Feid & Quevedo', 'offline by Young Miko', 'Casanova by Soolking & Lola Indigo & Rvfv', 'LA CAPI by Myke Towers', 'Gata Only by FloyyMenor & Cris Mj', 'El Conjuntito by El Bobe & Omar Montes'}",3,3,0.06,2025-04
2025-04-19,"{'Manos Rotas by DELLAFUENTE & Morad', 'PERRO NEGRO by Bad Bunny', 'SI SI SI SI (feat. Eladio Carrion, Bryant Myers, Dei V) by The Academy: Segunda Misión & Justin Quiles & Lenny Tavárez', 'Thalía by Cyril Kamer', 'LUNA by Feid', 'LA RANGER (feat. Myke Towers) by The Academy: Segunda Misión & Justin Quiles & Lenny Tavárez', 'Young Miko: Bzrp Music Sessions, Vol. 58 by Bizarrap & Young Miko', '1000COSAS by Lola Indigo & Manuel Turizo', 'A 300 by JC Reyes & Pedro Calderon & Blacknife', 'Trending Remix (with Myke Towers) by Dei V', 'TU$$I (with Dei V) by YOVNGCHIMI', 'Fecha - Intro Extended by Renzo Pianciola', 'Beautiful Things by Benson Boone', 'Lo Que Tiene by Morad & Beny Jr & Rvfv', 'No Digas Na by Feid & Yandel', 'Tengo Un Plan by Key-Key', 'UNA BACHATA by Lola Indigo', 'Santa by Rvssian & Rauw Alejandro & Ayra Starr', 'M.A.I by Milo j', 'El Patio by Pepe y Vizio & Delaossa & KIDDO', 'YO LO SOÑÉ by SAIKO & Omar Montes', 'DILUVIO by Rauw Alejandro', 'MODELITO by Mora', 'El Merengue by Marshmello', 'Pedro by Jaxomy & Agatino Romero & Raffaella Carrà', 'Columbia by Quevedo', 'Diabólica by Cris Mj', 'La_Original.mp3 by Emilia', 'No Te Quieren Conmigo - Remix by Gaby Music & Anuel AA & Luar La L', 'i like the way you kiss me by Artemas', 'FARDOS by JC Reyes & De La Ghetto', 'Maquillaje by Renn & Yexel', ""X'CLUSIVO - REMIX by Gonzy & SAIKO & Arcángel"", 'OA by Anuel AA & Quevedo & Maluma', 'Una Foto Remix (feat. Emilia) by Mesita & Nicki Nicole & Tiago PZK', 'BBY BOO - REMIX by iZaak & Jhayco & Anuel AA', 'COSAS QUE NO TE DIJE by SAIKO', 'LA FALDA by Myke Towers', 'Cupido by Engel Montaz & Kuv507 & Latinnites Music', 'DESATAAA by Ovy On The Drums & Myke Towers & SAIKO', 'La Bachata by Manuel Turizo', 'LA SEVILLANA by Omar Montes', 'CRUSH by Sky Rompiendo & Dei V', 'BABY HELLO by Rauw Alejandro', 'POLARIS - Remix by SAIKO & Feid & Quevedo', 'offline by Young Miko', 'Casanova by Soolking & Lola Indigo & Rvfv', 'LA CAPI by Myke Towers', 'Gata Only by FloyyMenor & Cris Mj', 'El Conjuntito by El Bobe & Omar Montes'}",3,3,0.06,2025-04
2025-04-20,"{'Manos Rotas by DELLAFUENTE & Morad', 'PERRO NEGRO by Bad Bunny', 'SI SI SI SI (feat. Eladio Carrion, Bryant Myers, Dei V) by The Academy: Segunda Misión & Justin Quiles & Lenny Tavárez', 'Thalía by Cyril Kamer', 'LUNA by Feid', 'LA RANGER (feat. Myke Towers) by The Academy: Segunda Misión & Justin Quiles & Lenny Tavárez', 'Young Miko: Bzrp Music Sessions, Vol. 58 by Bizarrap & Young Miko', '1000COSAS by Lola Indigo & Manuel Turizo', 'A 300 by JC Reyes & Pedro Calderon & Blacknife', 'Trending Remix (with Myke Towers) by Dei V', 'TU$$I (with Dei V) by YOVNGCHIMI', 'Fecha - Intro Extended by Renzo Pianciola', 'Beautiful Things by Benson Boone', 'Lo Que Tiene by Morad & Beny Jr & Rvfv', 'No Digas Na by Feid & Yandel', 'Tengo Un Plan by Key-Key', 'UNA BACHATA by Lola Indigo', 'Santa by Rvssian & Rauw Alejandro & Ayra Starr', 'M.A.I by Milo j', 'El Patio by Pepe y Vizio & Delaossa & KIDDO', 'YO LO SOÑÉ by SAIKO & Omar Montes', 'DILUVIO by Rauw Alejandro', 'MODELITO by Mora', 'El Merengue by Marshmello', 'Pedro by Jaxomy & Agatino Romero & Raffaella Carrà', 'Columbia by Quevedo', 'Diabólica by Cris Mj', 'La_Original.mp3 by Emilia', 'No Te Quieren Conmigo - Remix by Gaby Music & Anuel AA & Luar La L', 'i like the way you kiss me by Artemas', 'FARDOS by JC Reyes & De La Ghetto', 'Maquillaje by Renn & Yexel', ""X'CLUSIVO - REMIX by Gonzy & SAIKO & Arcángel"", 'OA by Anuel AA & Quevedo & Maluma', 'Una Foto Remix (feat. Emilia) by Mesita & Nicki Nicole & Tiago PZK', 'BBY BOO - REMIX by iZaak & Jhayco & Anuel AA', 'COSAS QUE NO TE DIJE by SAIKO', 'LA FALDA by Myke Towers', 'QLONA by KAROL G', 'Cupido by Engel Montaz & Kuv507 & Latinnites Music', 'DESATAAA by Ovy On The Drums & Myke Towers & SAIKO', 'La Bachata by Manuel Turizo', 'LA SEVILLANA by Omar Montes', 'CRUSH by Sky Rompiendo & Dei V', 'POLARIS - Remix by SAIKO & Feid & Quevedo', 'offline by Young Miko', 'Casanova by Soolking & Lola Indigo & Rvfv', 'LA CAPI by Myke Towers', 'Gata Only by FloyyMenor & Cris Mj', 'El Conjuntito by El Bobe & Omar Montes'}",1,1,0.02,2025-04
2025-04-21,"{'Manos Rotas by DELLAFUENTE & Morad', 'PERRO NEGRO by Bad Bunny', 'SI SI SI SI (feat. Eladio Carrion, Bryant Myers, Dei V) by The Academy: Segunda Misión & Justin Quiles & Lenny Tavárez', 'Thalía by Cyril Kamer', 'Guay by Ozuna & Bad Gyal', 'LUNA by Feid', 'LA RANGER (feat. Myke Towers) by The Academy: Segunda Misión & Justin Quiles & Lenny Tavárez', 'Young Miko: Bzrp Music Sessions, Vol. 58 by Bizarrap & Young Miko', '1000COSAS by Lola Indigo & Manuel Turizo', 'A 300 by JC Reyes & Pedro Calderon & Blacknife', 'Trending Remix (with Myke Towers) by Dei V', 'VAGABUNDO by Sebastian Yatra & Manuel Turizo & Beéle', 'TU$$I (with Dei V) by YOVNGCHIMI', 'Beautiful Things by Benson Boone', 'Fortnight (feat. Post Malone) by Taylor Swift', 'Lo Que Tiene by Morad & Beny Jr & Rvfv', 'Tengo Un Plan by Key-Key', 'UNA BACHATA by Lola Indigo', 'Santa by Rvssian & Rauw Alejandro & Ayra Starr', 'M.A.I by Milo j', 'El Patio by Pepe y Vizio & Delaossa & KIDDO', 'Maquillaje - Remix by refracted arg', 'YO LO SOÑÉ by SAIKO & Omar Montes', 'DILUVIO by Rauw Alejandro', 'MODELITO by Mora', 'El Merengue by Marshmello', 'Pedro by Jaxomy & Agatino Romero & Raffaella Carrà', 'Columbia by Quevedo', 'Diabólica by Cris Mj', 'La_Original.mp3 by Emilia', 'No Te Quieren Conmigo - Remix by Gaby Music & Anuel AA & Luar La L', 'i like the way you kiss me by Artemas', 'FARDOS by JC Reyes & De La Ghetto', ""X'CLUSIVO - REMIX by Gonzy & SAIKO & Arcángel"", 'OA by Anuel AA & Quevedo & Maluma', 'Una Foto Remix (feat. Emilia) by Mesita & Nicki Nicole & Tiago PZK', 'BBY BOO - REMIX by iZaak & Jhayco & Anuel AA', 'COSAS QUE NO TE DIJE by SAIKO', 'LA FALDA by Myke Towers', 'Cupido by Engel Montaz & Kuv507 & Latinnites Music', 'DESATAAA by Ovy On The Drums & Myke Towers & SAIKO', 'La Bachata by Manuel Turizo', 'LA SEVILLANA by Omar Montes', 'LA NENA by Lyanno & Rauw Alejandro', 'CRUSH by Sky Rompiendo & Dei V', 'offline by Young Miko', 'Casanova by Soolking & Lola Indigo & Rvfv', 'LA CAPI by Myke Towers', 'Gata Only by FloyyMenor & Cris Mj', 'El Conjuntito by El Bobe & Omar Montes'}",5,5,0.1,2025-04
2025-04-22,"{'Manos Rotas by DELLAFUENTE & Morad', 'PERRO NEGRO by Bad Bunny', 'SI SI SI SI (feat. Eladio Carrion, Bryant Myers, Dei V) by The Academy: Segunda Misión & Justin Quiles & Lenny Tavárez', 'Thalía by Cyril Kamer', 'Guay by Ozuna & Bad Gyal', 'LUNA by Feid', 'LA RANGER (feat. Myke Towers) by The Academy: Segunda Misión & Justin Quiles & Lenny Tavárez', 'Young Miko: Bzrp Music Sessions, Vol. 58 by Bizarrap & Young Miko', '1000COSAS by Lola Indigo & Manuel Turizo', 'A 300 by JC Reyes & Pedro Calderon & Blacknife', 'Trending Remix (with Myke Towers) by Dei V', 'VAGABUNDO by Sebastian Yatra & Manuel Turizo & Beéle', 'TU$$I (with Dei V) by YOVNGCHIMI', 'Beautiful Things by Benson Boone', 'Fortnight (feat. Post Malone) by Taylor Swift', 'Lo Que Tiene by Morad & Beny Jr & Rvfv', 'Tengo Un Plan by Key-Key', 'UNA BACHATA by Lola Indigo', 'Santa by Rvssian & Rauw Alejandro & Ayra Starr', 'M.A.I by Milo j', 'El Patio by Pepe y Vizio & Delaossa & KIDDO', 'Maquillaje - Remix by refracted arg', 'YO LO SOÑÉ by SAIKO & Omar Montes', 'DILUVIO by Rauw Alejandro', 'MODELITO by Mora', 'El Merengue by Marshmello', 'Pedro by Jaxomy & Agatino Romero & Raffaella Carrà', 'Columbia by Quevedo', 'Diabólica by Cris Mj', 'La_Original.mp3 by Emilia', 'No Te Quieren Conmigo - Remix by Gaby Music & Anuel AA & Luar La L', 'i like the way you kiss me by Artemas', 'FARDOS by JC Reyes & De La Ghetto', ""X'CLUSIVO - REMIX by Gonzy & SAIKO & Arcángel"", 'OA by Anuel AA & Quevedo & Maluma', 'Una Foto Remix (feat. Emilia) by Mesita & Nicki Nicole & Tiago PZK', 'BBY BOO - REMIX by iZaak & Jhayco & Anuel AA', 'COSAS QUE NO TE DIJE by SAIKO', 'LA FALDA by Myke Towers', 'Cupido by Engel Montaz & Kuv507 & Latinnites Music', 'DESATAAA by Ovy On The Drums & Myke Towers & SAIKO', 'La Bachata by Manuel Turizo', 'LA SEVILLANA by Omar Montes', 'LA NENA by Lyanno & Rauw Alejandro', 'CRUSH by Sky Rompiendo & Dei V', 'offline by Young Miko', 'Casanova by Soolking & Lola Indigo & Rvfv', 'LA CAPI by Myke Towers', 'Gata Only by FloyyMenor & Cris Mj', 'El Conjuntito by El Bobe & Omar Montes'}",0,0,0.0,2025-04
2025-04-23,"{'Manos Rotas by DELLAFUENTE & Morad', 'PERRO NEGRO by Bad Bunny', 'SI SI SI SI (feat. Eladio Carrion, Bryant Myers, Dei V) by The Academy: Segunda Misión & Justin Quiles & Lenny Tavárez', 'Thalía by Cyril Kamer', 'Guay by Ozuna & Bad Gyal', 'LUNA by Feid', 'LA RANGER (feat. Myke Towers) by The Academy: Segunda Misión & Justin Quiles & Lenny Tavárez', 'Young Miko: Bzrp Music Sessions, Vol. 58 by Bizarrap & Young Miko', '1000COSAS by Lola Indigo & Manuel Turizo', 'A 300 by JC Reyes & Pedro Calderon & Blacknife', 'Trending Remix (with Myke Towers) by Dei V', 'TU$$I (with Dei V) by YOVNGCHIMI', 'Beautiful Things by Benson Boone', 'Fortnight (feat. Post Malone) by Taylor Swift', 'Lo Que Tiene by Morad & Beny Jr & Rvfv', 'Tengo Un Plan by Key-Key', 'UNA BACHATA by Lola Indigo', 'Santa by Rvssian & Rauw Alejandro & Ayra Starr', 'M.A.I by Milo j', 'El Patio by Pepe y Vizio & Delaossa & KIDDO', 'Maquillaje - Remix by refracted arg', 'YO LO SOÑÉ by SAIKO & Omar Montes', 'DILUVIO by Rauw Alejandro', 'MODELITO by Mora', 'El Merengue by Marshmello', 'Pedro by Jaxomy & Agatino Romero & Raffaella Carrà', 'Columbia by Quevedo', 'Diabólica by Cris Mj', 'La_Original.mp3 by Emilia', 'I Can Do It With a Broken Heart by Taylor Swift', 'No Te Quieren Conmigo - Remix by Gaby Music & Anuel AA & Luar La L', 'i like the way you kiss me by Artemas', 'FARDOS by JC Reyes & De La Ghetto', ""X'CLUSIVO - REMIX by Gonzy & SAIKO & Arcángel"", 'OA by Anuel AA & Quevedo & Maluma', 'Una Foto Remix (feat. Emilia) by Mesita & Nicki Nicole & Tiago PZK', 'BBY BOO - REMIX by iZaak & Jhayco & Anuel AA', 'COSAS QUE NO TE DIJE by SAIKO', 'LA FALDA by Myke Towers', 'Cupido by Engel Montaz & Kuv507 & Latinnites Music', 'DESATAAA by Ovy On The Drums & Myke Towers & SAIKO', 'La Bachata by Manuel Turizo', 'LA SEVILLANA by Omar Montes', 'LA NENA by Lyanno & Rauw Alejandro', 'CRUSH by Sky Rompiendo & Dei V', 'offline by Young Miko', 'Casanova by Soolking & Lola Indigo & Rvfv', 'LA CAPI by Myke Towers', 'Gata Only by FloyyMenor & Cris Mj', 'El Conjuntito by El Bobe & Omar Montes'}",1,1,0.02,2025-04
2025-04-24,"{'Manos Rotas by DELLAFUENTE & Morad', 'PERRO NEGRO by Bad Bunny', 'SI SI SI SI (feat. Eladio Carrion, Bryant Myers, Dei V) by The Academy: Segunda Misión & Justin Quiles & Lenny Tavárez', 'Thalía by Cyril Kamer', 'Guay by Ozuna & Bad Gyal', 'LUNA by Feid', 'LA RANGER (feat. Myke Towers) by The Academy: Segunda Misión & Justin Quiles & Lenny Tavárez', 'Young Miko: Bzrp Music Sessions, Vol. 58 by Bizarrap & Young Miko', '1000COSAS by Lola Indigo & Manuel Turizo', 'A 300 by JC Reyes & Pedro Calderon & Blacknife', 'Trending Remix (with Myke Towers) by Dei V', 'TU$$I (with Dei V) by YOVNGCHIMI', 'Beautiful Things by Benson Boone', 'Fortnight (feat. Post Malone) by Taylor Swift', 'Lo Que Tiene by Morad & Beny Jr & Rvfv', 'Tengo Un Plan by Key-Key', 'UNA BACHATA by Lola Indigo', 'Santa by Rvssian & Rauw Alejandro & Ayra Starr', 'M.A.I by Milo j', 'El Patio by Pepe y Vizio & Delaossa & KIDDO', 'Maquillaje - Remix by refracted arg', 'YO LO SOÑÉ by SAIKO & Omar Montes', 'DILUVIO by Rauw Alejandro', 'MODELITO by Mora', 'El Merengue by Marshmello', 'Pedro by Jaxomy & Agatino Romero & Raffaella Carrà', 'Columbia by Quevedo', 'BESAME (feat. Tiago PZK, Khea & Neo Pistea) - Remix by Bhavi & Seven Kayne & Milo j', 'Diabólica by Cris Mj', 'La_Original.mp3 by Emilia', 'No Te Quieren Conmigo - Remix by Gaby Music & Anuel AA & Luar La L', 'i like the way you kiss me by Artemas', 'FARDOS by JC Reyes & De La Ghetto', ""X'CLUSIVO - REMIX by Gonzy & SAIKO & Arcángel"", 'OA by Anuel AA & Quevedo & Maluma', 'Una Foto Remix (feat. Emilia) by Mesita & Nicki Nicole & Tiago PZK', 'BBY BOO - REMIX by iZaak & Jhayco & Anuel AA', 'COSAS QUE NO TE DIJE by SAIKO', 'LA FALDA by Myke Towers', 'Cupido by Engel Montaz & Kuv507 & Latinnites Music', 'DESATAAA by Ovy On The Drums & Myke Towers & SAIKO', 'La Bachata by Manuel Turizo', 'LA SEVILLANA by Omar Montes', 'LA NENA by Lyanno & Rauw Alejandro', 'CRUSH by Sky Rompiendo & Dei V', 'offline by Young Miko', 'Casanova by Soolking & Lola Indigo & Rvfv', 'LA CAPI by Myke Towers', 'Gata Only by FloyyMenor & Cris Mj', 'El Conjuntito by El Bobe & Omar Montes'}",1,1,0.02,2025-04
2025-04-25,"{'Manos Rotas by DELLAFUENTE & Morad', 'PERRO NEGRO by Bad Bunny', 'SI SI SI SI (feat. Eladio Carrion, Bryant Myers, Dei V) by The Academy: Segunda Misión & Justin Quiles & Lenny Tavárez', 'Thalía by Cyril Kamer', 'Guay by Ozuna & Bad Gyal', 'LUNA by Feid', 'LA RANGER (feat. Myke Towers) by The Academy: Segunda Misión & Justin Quiles & Lenny Tavárez', '1000COSAS by Lola Indigo & Manuel Turizo', 'Trending Remix (with Myke Towers) by Dei V', 'TU$$I (with Dei V) by YOVNGCHIMI', 'Beautiful Things by Benson Boone', 'Fortnight (feat. Post Malone) by Taylor Swift', 'Lo Que Tiene by Morad & Beny Jr & Rvfv', 'Tengo Un Plan by Key-Key', 'UNA BACHATA by Lola Indigo', 'Santa by Rvssian & Rauw Alejandro & Ayra Starr', 'M.A.I by Milo j', 'El Patio by Pepe y Vizio & Delaossa & KIDDO', 'YO LO SOÑÉ by SAIKO & Omar Montes', 'DILUVIO by Rauw Alejandro', 'MODELITO by Mora', 'El Merengue by Marshmello', 'Pedro by Jaxomy & Agatino Romero & Raffaella Carrà', 'Columbia by Quevedo', 'BESAME (feat. Tiago PZK, Khea & Neo Pistea) - Remix by Bhavi & Seven Kayne & Milo j', 'Diabólica by Cris Mj', 'La_Original.mp3 by Emilia', 'La Vida Sin Ti by Rels B & Lia Kali', 'No Te Quieren Conmigo - Remix by Gaby Music & Anuel AA & Luar La L', 'i like the way you kiss me by Artemas', 'FARDOS by JC Reyes & De La Ghetto', 'Maquillaje by Renn & Yexel', ""X'CLUSIVO - REMIX by Gonzy & SAIKO & Arcángel"", 'OA by Anuel AA & Quevedo & Maluma', 'Una Foto Remix (feat. Emilia) by Mesita & Nicki Nicole & Tiago PZK', 'BBY BOO - REMIX by iZaak & Jhayco & Anuel AA', 'COSAS QUE NO TE DIJE by SAIKO', 'LA FALDA by Myke Towers', 'Cupido by Engel Montaz & Kuv507 & Latinnites Music', 'DESATAAA by Ovy On The Drums & Myke Towers & SAIKO', 'La Bachata by Manuel Turizo', 'LA SEVILLANA by Omar Montes', 'LA NENA by Lyanno & Rauw Alejandro', 'CRUSH by Sky Rompiendo & Dei V', 'offline by Young Miko', 'Casanova by Soolking & Lola Indigo & Rvfv', 'Espectacular by Sky Rompiendo & Rauw Alejandro', 'LA CAPI by Myke Towers', 'Gata Only by FloyyMenor & Cris Mj', 'El Conjuntito by El Bobe & Omar Montes'}",3,3,0.06,2025-04
2025-04-26,"{'Manos Rotas by DELLAFUENTE & Morad', 'PERRO NEGRO by Bad Bunny', 'SI SI SI SI (feat. Eladio Carrion, Bryant Myers, Dei V) by The Academy: Segunda Misión & Justin Quiles & Lenny Tavárez', 'Thalía by Cyril Kamer', 'Guay by Ozuna & Bad Gyal', 'LUNA by Feid', 'LA RANGER (feat. Myke Towers) by The Academy: Segunda Misión & Justin Quiles & Lenny Tavárez', 'Young Miko: Bzrp Music Sessions, Vol. 58 by Bizarrap & Young Miko', '1000COSAS by Lola Indigo & Manuel Turizo', 'Trending Remix (with Myke Towers) by Dei V', 'TU$$I (with Dei V) by YOVNGCHIMI', 'Beautiful Things by Benson Boone', 'Fortnight (feat. Post Malone) by Taylor Swift', 'Lo Que Tiene by Morad & Beny Jr & Rvfv', 'Tengo Un Plan by Key-Key', 'UNA BACHATA by Lola Indigo', 'Santa by Rvssian & Rauw Alejandro & Ayra Starr', 'M.A.I by Milo j', 'El Patio by Pepe y Vizio & Delaossa & KIDDO', 'YO LO SOÑÉ by SAIKO & Omar Montes', 'DILUVIO by Rauw Alejandro', 'MODELITO by Mora', 'Pedro by Jaxomy & Agatino Romero & Raffaella Carrà', 'Columbia by Quevedo', 'BESAME (feat. Tiago PZK, Khea & Neo Pistea) - Remix by Bhavi & Seven Kayne & Milo j', 'Diabólica by Cris Mj', 'La_Original.mp3 by Emilia', 'La Vida Sin Ti by Rels B & Lia Kali', 'No Te Quieren Conmigo - Remix by Gaby Music & Anuel AA & Luar La L', 'i like the way you kiss me by Artemas', 'FARDOS by JC Reyes & De La Ghetto', 'Maquillaje by Renn & Yexel', ""X'CLUSIVO - REMIX by Gonzy & SAIKO & Arcángel"", 'OA by Anuel AA & Quevedo & Maluma', 'Una Foto Remix (feat. Emilia) by Mesita & Nicki Nicole & Tiago PZK', 'BBY BOO - REMIX by iZaak & Jhayco & Anuel AA', 'COSAS QUE NO TE DIJE by SAIKO', 'DESATAAA by Ovy On The Drums & Myke Towers & Saiko', 'LA FALDA by Myke Towers', 'Cupido by Engel Montaz & Kuv507 & Latinnites Music', 'La Bachata by Manuel Turizo', 'LA SEVILLANA by Omar Montes', 'LA NENA by Lyanno & Rauw Alejandro', 'CRUSH by Sky Rompiendo & Dei V', 'Ride Or Die, Pt. 2 (with Villano Antillano & Tokischa) by Sevdaliza & Villano Antillano & Tokischa', 'offline by Young Miko', 'Casanova by Soolking & Lola Indigo & Rvfv', 'LA CAPI by Myke Towers', 'Gata Only by FloyyMenor & Cris Mj', 'El Conjuntito by El Bobe & Omar Montes'}",3,3,0.06,2025-04
2025-04-27,"{'Manos Rotas by DELLAFUENTE & Morad', 'PERRO NEGRO by Bad Bunny', 'SI SI SI SI (feat. Eladio Carrion, Bryant Myers, Dei V) by The Academy: Segunda Misión & Justin Quiles & Lenny Tavárez', 'Thalía by Cyril Kamer', 'Guay by Ozuna & Bad Gyal', 'LUNA by Feid', 'LA RANGER (feat. Myke Towers) by The Academy: Segunda Misión & Justin Quiles & Lenny Tavárez', '1000COSAS by Lola Indigo & Manuel Turizo', 'Trending Remix (with Myke Towers) by Dei V', 'TU$$I (with Dei V) by YOVNGCHIMI', 'Beautiful Things by Benson Boone', 'Fortnight (feat. Post Malone) by Taylor Swift', 'Lo Que Tiene by Morad & Beny Jr & Rvfv', 'Tengo Un Plan by Key-Key', 'UNA BACHATA by Lola Indigo', 'Santa by Rvssian & Rauw Alejandro & Ayra Starr', 'M.A.I by Milo j', 'El Patio by Pepe y Vizio & Delaossa & KIDDO', 'YO LO SOÑÉ by SAIKO & Omar Montes', 'DILUVIO by Rauw Alejandro', 'MODELITO by Mora', 'Pedro by Jaxomy & Agatino Romero & Raffaella Carrà', 'Columbia by Quevedo', 'BESAME (feat. Tiago PZK, Khea & Neo Pistea) - Remix by Bhavi & Seven Kayne & Milo j', 'Diabólica by Cris Mj', 'La_Original.mp3 by Emilia', 'La Vida Sin Ti by Rels B & Lia Kali', 'No Te Quieren Conmigo - Remix by Gaby Music & Anuel AA & Luar La L', 'i like the way you kiss me by Artemas', 'FARDOS by JC Reyes & De La Ghetto', 'Maquillaje by Renn & Yexel', ""X'CLUSIVO - REMIX by Gonzy & SAIKO & Arcángel"", 'OA by Anuel AA & Quevedo & Maluma', 'Una Foto Remix (feat. Emilia) by Mesita & Nicki Nicole & Tiago PZK', 'BBY BOO - REMIX by iZaak & Jhayco & Anuel AA', 'COSAS QUE NO TE DIJE by SAIKO', 'DESATAAA by Ovy On The Drums & Myke Towers & Saiko', 'LA FALDA by Myke Towers', 'Cupido by Engel Montaz & Kuv507 & Latinnites Music', 'La Bachata by Manuel Turizo', 'LA SEVILLANA by Omar Montes', 'LA NENA by Lyanno & Rauw Alejandro', 'CRUSH by Sky Rompiendo & Dei V', 'Ride Or Die, Pt. 2 (with Villano Antillano & Tokischa) by Sevdaliza & Villano Antillano & Tokischa', 'offline by Young Miko', 'Casanova by Soolking & Lola Indigo & Rvfv', 'Espectacular by Sky Rompiendo & Rauw Alejandro', 'LA CAPI by Myke Towers', 'Gata Only by FloyyMenor & Cris Mj', 'El Conjuntito by El Bobe & Omar Montes'}",1,1,0.02,2025-04
2025-04-28,"{'HEY BB by SAIKO', 'Manos Rotas by DELLAFUENTE & Morad', 'SUPERNOVA by SAIKO', 'ADIVINO by Myke Towers & Bad Bunny', 'BADGYAL by SAIKO', 'Thalía by Cyril Kamer', 'Guay by Ozuna & Bad Gyal', 'LUNA by Feid', 'LA RANGER (feat. Myke Towers) by The Academy: Segunda Misión & Justin Quiles & Lenny Tavárez', '1000COSAS by Lola Indigo & Manuel Turizo', 'Trending Remix (with Myke Towers) by Dei V', 'FINALES DE AGOSTO by SAIKO', 'Fortnight (feat. Post Malone) by Taylor Swift', 'Lo Que Tiene by Morad & Beny Jr & Rvfv', 'caída del cielo <3 by Rels B', 'Tengo Un Plan by Key-Key', 'YO LO SOÑÉ by SAIKO', 'LUNA by SAIKO', 'Santa by Rvssian & Rauw Alejandro & Ayra Starr', 'COMETA HALLEY by SAIKO', 'El Patio by Pepe y Vizio & Delaossa & KIDDO', 'Akureyri by Aitana & Sebastian Yatra', 'Pedro by Jaxomy & Agatino Romero & Raffaella Carrà', '1 de Enero, Puntacana by Rels B', 'LA RIJANA by SAIKO', 'ESKELETO by SAIKO', 'COMO SUENAN LAS ESTRELLAS by SAIKO', 'Diabólica by Cris Mj', 'Rapeadita LOVE by Rels B', 'La Vida Sin Ti by Rels B', 'NÚMERO TELEFÓNICO by SAIKO', 'FARDOS by JC Reyes & De La Ghetto', ""X'CLUSIVO - REMIX by Gonzy & SAIKO & Arcángel"", 'Detrás del DJ by Rels B', 'Una Foto Remix (feat. Emilia) by Mesita & Nicki Nicole & Tiago PZK', 'Un Desperdicio by Rels B', 'BBY BOO - REMIX by iZaak & Jhayco & Anuel AA', 'LA FALDA by Myke Towers', 'DESATAAA by Ovy On The Drums & Myke Towers & SAIKO', '3 CAÍDAS by SAIKO', 'La Bachata by Manuel Turizo', 'LA SEVILLANA by Omar Montes', 'LA NENA by Lyanno & Rauw Alejandro', 'CRUSH by Sky Rompiendo & Dei V', 'POLARIS - Remix by SAIKO', 'BOREAL by SAIKO', 'NANA DEL HILO ROJO by SAIKO', 'offline by Young Miko', 'Gata Only by FloyyMenor & Cris Mj', 'El Conjuntito by El Bobe & Omar Montes'}",24,24,0.48,2025-04
2025-04-29,"{'HEY BB by SAIKO', 'Manos Rotas by DELLAFUENTE & Morad', 'SUPERNOVA by SAIKO', 'ADIVINO by Myke Towers & Bad Bunny', 'BADGYAL by SAIKO', 'Thalía by Cyril Kamer', 'Guay by Ozuna & Bad Gyal', 'LUNA by Feid', 'LA RANGER (feat. Myke Towers) by The Academy: Segunda Misión & Justin Quiles & Lenny Tavárez', '1000COSAS by Lola Indigo & Manuel Turizo', 'Trending Remix (with Myke Towers) by Dei V', 'FINALES DE AGOSTO by SAIKO', 'TU$$I (with Dei V) by YOVNGCHIMI', 'Lo Que Tiene by Morad & Beny Jr & Rvfv', 'Tengo Un Plan by Key-Key', 'YO LO SOÑÉ by SAIKO', 'LUNA by SAIKO', 'Santa by Rvssian & Rauw Alejandro & Ayra Starr', 'COMETA HALLEY by SAIKO', 'El Patio by Pepe y Vizio & Delaossa & KIDDO', 'Akureyri by Aitana & Sebastian Yatra', 'MODELITO by Mora', 'Pedro by Jaxomy & Agatino Romero & Raffaella Carrà', 'LA RIJANA by SAIKO', 'ESKELETO by SAIKO', 'Columbia by Quevedo', 'COMO SUENAN LAS ESTRELLAS by SAIKO', 'BESAME (feat. Tiago PZK, Khea & Neo Pistea) - Remix by Bhavi & Seven Kayne & Milo j', 'Diabólica by Cris Mj', 'La Vida Sin Ti by Rels B', 'NÚMERO TELEFÓNICO by SAIKO', 'FARDOS by JC Reyes & De La Ghetto', ""X'CLUSIVO - REMIX by Gonzy & SAIKO & Arcángel"", 'Una Foto Remix (feat. Emilia) by Mesita & Nicki Nicole & Tiago PZK', 'BBY BOO - REMIX by iZaak & Jhayco & Anuel AA', 'LA FALDA by Myke Towers', 'Cupido by Engel Montaz & Kuv507 & Latinnites Music', 'DESATAAA by Ovy On The Drums & Myke Towers & SAIKO', '3 CAÍDAS by SAIKO', 'La Bachata by Manuel Turizo', 'LA SEVILLANA by Omar Montes', 'LA NENA by Lyanno & Rauw Alejandro', 'CRUSH by Sky Rompiendo & Dei V', 'POLARIS - Remix by SAIKO', 'BOREAL by SAIKO', 'Casanova by Soolking & Lola Indigo & Rvfv', 'NANA DEL HILO ROJO by SAIKO', 'offline by Young Miko', 'Gata Only by FloyyMenor & Cris Mj', 'El Conjuntito by El Bobe & Omar Montes'}",6,6,0.12,2025-04
2025-04-30,"{'HEY BB by SAIKO', 'Manos Rotas by DELLAFUENTE & Morad', 'SUPERNOVA by SAIKO', 'ADIVINO by Myke Towers & Bad Bunny', 'BADGYAL by SAIKO', 'Thalía by Cyril Kamer', 'Guay by Ozuna & Bad Gyal', 'LUNA by Feid', 'LA RANGER (feat. Myke Towers) by The Academy: Segunda Misión & Justin Quiles & Lenny Tavárez', '1000COSAS by Lola Indigo & Manuel Turizo', 'Trending Remix (with Myke Towers) by Dei V', 'TU$$I (with Dei V) by YOVNGCHIMI', 'Fortnight (feat. Post Malone) by Taylor Swift', 'Lo Que Tiene by Morad & Beny Jr & Rvfv', 'Tengo Un Plan by Key-Key', 'YO LO SOÑÉ by SAIKO', 'LUNA by SAIKO', 'Santa by Rvssian & Rauw Alejandro & Ayra Starr', 'M.A.I by Milo j', 'COMETA HALLEY by SAIKO', 'El Patio by Pepe y Vizio & Delaossa & KIDDO', '100xCiento by Foreign Teck & Eladio Carrion & De La Ghetto', 'Akureyri by Aitana & Sebastian Yatra', 'MODELITO by Mora', 'Pedro by Jaxomy & Agatino Romero & Raffaella Carrà', 'ESKELETO by SAIKO', 'Columbia by Quevedo', 'COMO SUENAN LAS ESTRELLAS by SAIKO', 'Diabólica by Cris Mj', 'La Vida Sin Ti by Rels B', 'NÚMERO TELEFÓNICO by SAIKO', 'FARDOS by JC Reyes & De La Ghetto', ""X'CLUSIVO - REMIX by Gonzy & SAIKO & Arcángel"", 'Una Foto Remix (feat. Emilia) by Mesita & Nicki Nicole & Tiago PZK', 'BBY BOO - REMIX by iZaak & Jhayco & Anuel AA', 'LA FALDA by Myke Towers', 'Cupido by Engel Montaz & Kuv507 & Latinnites Music', 'DESATAAA by Ovy On The Drums & Myke Towers & SAIKO', '3 CAÍDAS by SAIKO', 'La Bachata by Manuel Turizo', 'LA SEVILLANA by Omar Montes', 'LA NENA by Lyanno & Rauw Alejandro', 'CRUSH by Sky Rompiendo & Dei V', 'POLARIS - Remix by SAIKO', 'BOREAL by SAIKO', 'Casanova by Soolking & Lola Indigo & Rvfv', 'NANA DEL HILO ROJO by SAIKO', 'offline by Young Miko', 'Gata Only by FloyyMenor & Cris Mj', 'El Conjuntito by El Bobe & Omar Montes'}",3,3,0.06,2025-04
2025-05-01,"{'HEY BB by SAIKO', 'Manos Rotas by DELLAFUENTE & Morad', 'SUPERNOVA by SAIKO', 'ADIVINO by Myke Towers & Bad Bunny', 'BADGYAL by SAIKO', 'Thalía by Cyril Kamer', 'Guay by Ozuna & Bad Gyal', 'LUNA by Feid', 'LA RANGER (feat. Myke Towers) by The Academy: Segunda Misión & Justin Quiles & Lenny Tavárez', '1000COSAS by Lola Indigo & Manuel Turizo', 'Trending Remix (with Myke Towers) by Dei V', 'TU$$I (with Dei V) by YOVNGCHIMI', 'Lo Que Tiene by Morad & Beny Jr & Rvfv', 'caída del cielo <3 by Rels B', 'Tengo Un Plan by Key-Key', 'YO LO SOÑÉ by SAIKO', 'LUNA by SAIKO', 'Santa by Rvssian & Rauw Alejandro & Ayra Starr', 'COMETA HALLEY by SAIKO', 'El Patio by Pepe y Vizio & Delaossa & KIDDO', 'Akureyri by Aitana & Sebastian Yatra', 'MODELITO by Mora', 'Pedro by Jaxomy & Agatino Romero & Raffaella Carrà', 'ESKELETO by SAIKO', 'Columbia by Quevedo', 'COMO SUENAN LAS ESTRELLAS by SAIKO', 'BESAME (feat. Tiago PZK, Khea & Neo Pistea) - Remix by Bhavi & Seven Kayne & Milo j', 'Diabólica by Cris Mj', 'La Vida Sin Ti by Rels B', 'NÚMERO TELEFÓNICO by SAIKO', 'FARDOS by JC Reyes & De La Ghetto', ""X'CLUSIVO - REMIX by Gonzy & SAIKO & Arcángel"", 'Una Foto Remix (feat. Emilia) by Mesita & Nicki Nicole & Tiago PZK', 'Un Desperdicio by Rels B', 'BBY BOO - REMIX by iZaak & Jhayco & Anuel AA', 'LA FALDA by Myke Towers', 'Cupido by Engel Montaz & Kuv507 & Latinnites Music', 'DESATAAA by Ovy On The Drums & Myke Towers & SAIKO', '3 CAÍDAS by SAIKO', 'La Bachata by Manuel Turizo', 'LA SEVILLANA by Omar Montes', 'LA NENA by Lyanno & Rauw Alejandro', 'CRUSH by Sky Rompiendo & Dei V', 'POLARIS - Remix by SAIKO', 'BOREAL by SAIKO', 'Casanova by Soolking & Lola Indigo & Rvfv', 'NANA DEL HILO ROJO by SAIKO', 'offline by Young Miko', 'Gata Only by FloyyMenor & Cris Mj', 'El Conjuntito by El Bobe & Omar Montes'}",3,3,0.06,2025-05
2025-05-02,"{'HEY BB by SAIKO', 'Manos Rotas by DELLAFUENTE & Morad', 'SUPERNOVA by SAIKO', 'ADIVINO by Myke Towers & Bad Bunny', 'BADGYAL by SAIKO', 'Thalía by Cyril Kamer', 'Guay by Ozuna & Bad Gyal', 'LUNA by Feid', 'LA RANGER (feat. Myke Towers) by The Academy: Segunda Misión & Justin Quiles & Lenny Tavárez', '1000COSAS by Lola Indigo & Manuel Turizo', 'Trending Remix (with Myke Towers) by Dei V', 'TU$$I (with Dei V) by YOVNGCHIMI', 'Lo Que Tiene by Morad & Beny Jr & Rvfv', 'Tengo Un Plan by Key-Key', 'YO LO SOÑÉ by SAIKO', 'LUNA by SAIKO', 'Santa by Rvssian & Rauw Alejandro & Ayra Starr', 'COMETA HALLEY by SAIKO', 'El Patio by Pepe y Vizio & Delaossa & KIDDO', 'Akureyri by Aitana & Sebastian Yatra', 'MODELITO by Mora', 'Pedro by Jaxomy & Agatino Romero & Raffaella Carrà', 'ESKELETO by SAIKO', 'Columbia by Quevedo', 'COMO SUENAN LAS ESTRELLAS by SAIKO', 'BESAME (feat. Tiago PZK, Khea & Neo Pistea) - Remix by Bhavi & Seven Kayne & Milo j', 'Diabólica by Cris Mj', 'La Vida Sin Ti by Rels B', 'NÚMERO TELEFÓNICO by SAIKO', 'i like the way you kiss me by Artemas', 'FARDOS by JC Reyes & De La Ghetto', 'Maquillaje by Renn & Yexel', ""X'CLUSIVO - REMIX by Gonzy & SAIKO & Arcángel"", 'Una Foto Remix (feat. Emilia) by Mesita & Nicki Nicole & Tiago PZK', 'Un Desperdicio by Rels B', 'BBY BOO - REMIX by iZaak & Jhayco & Anuel AA', 'LA FALDA by Myke Towers', 'DESATAAA by Ovy On The Drums & Myke Towers & SAIKO', '3 CAÍDAS by SAIKO', 'La Bachata by Manuel Turizo', 'LA SEVILLANA by Omar Montes', 'LA NENA by Lyanno & Rauw Alejandro', 'CRUSH by Sky Rompiendo & Dei V', 'Martini by Dei V', 'POLARIS - Remix by SAIKO', 'offline by Young Miko', 'Casanova by Soolking & Lola Indigo & Rvfv', 'NANA DEL HILO ROJO by SAIKO', 'Gata Only by FloyyMenor & Cris Mj', 'El Conjuntito by El Bobe & Omar Montes'}",3,3,0.06,2025-05
2025-05-03,"{'Manos Rotas by DELLAFUENTE & Morad', 'SUPERNOVA by SAIKO', 'ADIVINO by Myke Towers & Bad Bunny', 'BADGYAL by SAIKO', 'Thalía by Cyril Kamer', 'Guay by Ozuna & Bad Gyal', 'LUNA by Feid', 'LA RANGER (feat. Myke Towers) by The Academy: Segunda Misión & Justin Quiles & Lenny Tavárez', '1000COSAS by Lola Indigo & Manuel Turizo', 'Trending Remix (with Myke Towers) by Dei V', 'TU$$I (with Dei V) by YOVNGCHIMI', 'Lo Que Tiene by Morad & Beny Jr & Rvfv', 'Tengo Un Plan by Key-Key', 'YO LO SOÑÉ by SAIKO', 'LUNA by SAIKO', 'Santa by Rvssian & Rauw Alejandro & Ayra Starr', 'COMETA HALLEY by SAIKO', 'El Patio by Pepe y Vizio & Delaossa & KIDDO', '100xCiento by Foreign Teck & Eladio Carrion & De La Ghetto', 'Akureyri by Aitana & Sebastian Yatra', 'MODELITO by Mora', 'Pedro by Jaxomy & Agatino Romero & Raffaella Carrà', 'ESKELETO by SAIKO', 'Columbia by Quevedo', 'COMO SUENAN LAS ESTRELLAS by SAIKO', 'BESAME (feat. Tiago PZK, Khea & Neo Pistea) - Remix by Bhavi & Seven Kayne & Milo j', 'Diabólica by Cris Mj', 'La_Original.mp3 by Emilia', 'Gitana (feat. Bryartz) by Pablo Chill-E', 'La Vida Sin Ti by Rels B', 'NÚMERO TELEFÓNICO by SAIKO', 'FARDOS by JC Reyes & De La Ghetto', 'Maquillaje by Renn & Yexel', ""X'CLUSIVO - REMIX by Gonzy & SAIKO & Arcángel"", 'Una Foto Remix (feat. Emilia) by Mesita & Nicki Nicole & Tiago PZK', 'Un Desperdicio by Rels B', 'BBY BOO - REMIX by iZaak & Jhayco & Anuel AA', 'LA FALDA by Myke Towers', 'DESATAAA by Ovy On The Drums & Myke Towers & SAIKO', '3 CAÍDAS by SAIKO', 'La Bachata by Manuel Turizo', 'LA SEVILLANA by Omar Montes', 'LA NENA by Lyanno & Rauw Alejandro', 'CRUSH by Sky Rompiendo & Dei V', 'Martini by Dei V', 'POLARIS - Remix by SAIKO', 'offline by Young Miko', 'Casanova by Soolking & Lola Indigo & Rvfv', 'Gata Only by FloyyMenor & Cris Mj', 'El Conjuntito by El Bobe & Omar Montes'}",3,3,0.06,2025-05
2025-05-04,"{'Manos Rotas by DELLAFUENTE & Morad', 'ADIVINO by Myke Towers & Bad Bunny', 'BADGYAL by SAIKO', 'Thalía by Cyril Kamer', 'Guay by Ozuna & Bad Gyal', 'LUNA by Feid', 'LA RANGER (feat. Myke Towers) by The Academy: Segunda Misión & Justin Quiles & Lenny Tavárez', '1000COSAS by Lola Indigo & Manuel Turizo', 'Trending Remix (with Myke Towers) by Dei V', 'TU$$I (with Dei V) by YOVNGCHIMI', 'Lo Que Tiene by Morad & Beny Jr & Rvfv', 'Tengo Un Plan by Key-Key', 'YO LO SOÑÉ by SAIKO', 'LUNA by SAIKO', 'Santa by Rvssian & Rauw Alejandro & Ayra Starr', 'COMETA HALLEY by SAIKO', 'El Patio by Pepe y Vizio & Delaossa & KIDDO', '100xCiento by Foreign Teck & Eladio Carrion & De La Ghetto', 'Akureyri by Aitana & Sebastian Yatra', 'MODELITO by Mora', 'Pedro by Jaxomy & Agatino Romero & Raffaella Carrà', 'ESKELETO by SAIKO', 'Columbia by Quevedo', 'COMO SUENAN LAS ESTRELLAS by SAIKO', 'BESAME (feat. Tiago PZK, Khea & Neo Pistea) - Remix by Bhavi & Seven Kayne & Milo j', 'Diabólica by Cris Mj', 'La_Original.mp3 by Emilia', 'Gitana (feat. Bryartz) by Pablo Chill-E', 'La Vida Sin Ti by Rels B', 'NÚMERO TELEFÓNICO by SAIKO', 'FARDOS by JC Reyes & De La Ghetto', 'Maquillaje by Renn & Yexel', ""X'CLUSIVO - REMIX by Gonzy & SAIKO & Arcángel"", 'Una Foto Remix (feat. Emilia) by Mesita & Nicki Nicole & Tiago PZK', 'Un Desperdicio by Rels B', 'BBY BOO - REMIX by iZaak & Jhayco & Anuel AA', 'LA FALDA by Myke Towers', 'DESATAAA by Ovy On The Drums & Myke Towers & SAIKO', 'Heavyweight by Eladio Carrion', '3 CAÍDAS by SAIKO', 'La Bachata by Manuel Turizo', 'LA SEVILLANA by Omar Montes', 'LA NENA by Lyanno & Rauw Alejandro', 'CRUSH by Sky Rompiendo & Dei V', 'Martini by Dei V', 'POLARIS - Remix by SAIKO', 'offline by Young Miko', 'Casanova by Soolking & Lola Indigo & Rvfv', 'Gata Only by FloyyMenor & Cris Mj', 'El Conjuntito by El Bobe & Omar Montes'}",1,1,0.02,2025-05
2025-05-05,"{'Manos Rotas by DELLAFUENTE & Morad', 'SI SI SI SI (feat. Eladio Carrion, Bryant Myers, Dei V) by The Academy: Segunda Misión & Justin Quiles & Lenny Tavárez', 'ADIVINO by Myke Towers & Bad Bunny', 'BADGYAL by SAIKO', 'Thalía by Cyril Kamer', 'Guay by Ozuna & Bad Gyal', 'LUNA by Feid', 'LA RANGER (feat. Myke Towers) by The Academy: Segunda Misión & Justin Quiles & Lenny Tavárez', '1000COSAS by Lola Indigo & Manuel Turizo', 'Japoni (Feat. Camin, Moncho Chavea, Jthyago & Samueliyo Baby) by Oscar el Ruso & Samuel G & Omar Montes', 'Trending Remix (with Myke Towers) by Dei V', 'TU$$I (with Dei V) by YOVNGCHIMI', 'Lo Que Tiene by Morad & Beny Jr & Rvfv', 'Tengo Un Plan by Key-Key', 'YO LO SOÑÉ by SAIKO', 'LUNA by SAIKO', 'Santa by Rvssian & Rauw Alejandro & Ayra Starr', 'COMETA HALLEY by SAIKO', 'El Patio by Pepe y Vizio & Delaossa & KIDDO', 'Akureyri by Aitana & Sebastian Yatra', 'LA SEVILLANA - SEVILLANAS by Omar Montes', 'MODELITO by Mora', 'Pedro by Jaxomy & Agatino Romero & Raffaella Carrà', 'ESKELETO by SAIKO', 'Columbia by Quevedo', 'COMO SUENAN LAS ESTRELLAS by SAIKO', 'BESAME (feat. Tiago PZK, Khea & Neo Pistea) - Remix by Bhavi & Seven Kayne & Milo j', 'Diabólica by Cris Mj', 'La_Original.mp3 by Emilia', 'Gitana (feat. Bryartz) by Pablo Chill-E', 'La Vida Sin Ti by Rels B', 'NÚMERO TELEFÓNICO by SAIKO', 'FARDOS by JC Reyes & De La Ghetto', 'Maquillaje by Renn & Yexel', ""X'CLUSIVO - REMIX by Gonzy & SAIKO & Arcángel"", 'Una Foto Remix (feat. Emilia) by Mesita & Nicki Nicole & Tiago PZK', 'Un Desperdicio by Rels B', 'BBY BOO - REMIX by iZaak & Jhayco & Anuel AA', 'LA FALDA by Myke Towers', 'DESATAAA by Ovy On The Drums & Myke Towers & SAIKO', '3 CAÍDAS by SAIKO', 'La Bachata by Manuel Turizo', 'LA NENA by Lyanno & Rauw Alejandro', 'CRUSH by Sky Rompiendo & Dei V', 'Martini by Dei V', 'POLARIS - Remix by SAIKO', 'offline by Young Miko', 'Casanova by Soolking & Lola Indigo & Rvfv', 'Gata Only by FloyyMenor & Cris Mj', 'El Conjuntito by El Bobe & Omar Montes'}",3,3,0.06,2025-05
2025-05-06,"{'Manos Rotas by DELLAFUENTE & Morad', 'SI SI SI SI (feat. Eladio Carrion, Bryant Myers, Dei V) by The Academy: Segunda Misión & Justin Quiles & Lenny Tavárez', 'ADIVINO by Myke Towers & Bad Bunny', 'BADGYAL by SAIKO', 'Thalía by Cyril Kamer', 'Guay by Ozuna & Bad Gyal', 'LUNA by Feid', 'LA RANGER (feat. Myke Towers) by The Academy: Segunda Misión & Justin Quiles & Lenny Tavárez', '1000COSAS by Lola Indigo & Manuel Turizo', 'Japoni (Feat. Camin, Moncho Chavea, Jthyago & Samueliyo Baby) by Oscar el Ruso & Samuel G & Omar Montes', 'Trending Remix (with Myke Towers) by Dei V', 'TU$$I (with Dei V) by YOVNGCHIMI', 'Lo Que Tiene by Morad & Beny Jr & Rvfv', 'Tengo Un Plan by Key-Key', 'YO LO SOÑÉ by SAIKO', 'LUNA by SAIKO', 'Santa by Rvssian & Rauw Alejandro & Ayra Starr', 'El Patio by Pepe y Vizio & Delaossa & KIDDO', 'Akureyri by Aitana & Sebastian Yatra', 'LA SEVILLANA - SEVILLANAS by Omar Montes', 'MODELITO by Mora', 'El Merengue by Marshmello', 'Pedro by Jaxomy & Agatino Romero & Raffaella Carrà', 'ESKELETO by SAIKO', 'Columbia by Quevedo', 'COMO SUENAN LAS ESTRELLAS by SAIKO', 'BESAME (feat. Tiago PZK, Khea & Neo Pistea) - Remix by Bhavi & Seven Kayne & Milo j', 'Diabólica by Cris Mj', 'La_Original.mp3 by Emilia', 'Gitana (feat. Bryartz) by Pablo Chill-E', 'La Vida Sin Ti by Rels B', 'NÚMERO TELEFÓNICO by SAIKO', 'FARDOS by JC Reyes & De La Ghetto', 'Maquillaje by Renn & Yexel', ""X'CLUSIVO - REMIX by Gonzy & SAIKO & Arcángel"", 'Una Foto Remix (feat. Emilia) by Mesita & Nicki Nicole & Tiago PZK', 'Un Desperdicio by Rels B', 'BBY BOO - REMIX by iZaak & Jhayco & Anuel AA', 'LA FALDA by Myke Towers', 'DESATAAA by Ovy On The Drums & Myke Towers & SAIKO', 'La Bachata by Manuel Turizo', 'LA NENA by Lyanno & Rauw Alejandro', 'CRUSH by Sky Rompiendo & Dei V', 'Martini by Dei V', 'POLARIS - Remix by SAIKO', 'offline by Young Miko', 'Casanova by Soolking & Lola Indigo & Rvfv', 'LA CAPI by Myke Towers', 'Gata Only by FloyyMenor & Cris Mj', 'El Conjuntito by El Bobe & Omar Montes'}",2,2,0.04,2025-05
2025-05-07,"{'Manos Rotas by DELLAFUENTE & Morad', 'SI SI SI SI (feat. Eladio Carrion, Bryant Myers, Dei V) by The Academy: Segunda Misión & Justin Quiles & Lenny Tavárez', 'ADIVINO by Myke Towers & Bad Bunny', 'BADGYAL by SAIKO', 'Thalía by Cyril Kamer', 'Guay by Ozuna & Bad Gyal', 'LUNA by Feid', 'LA RANGER (feat. Myke Towers) by The Academy: Segunda Misión & Justin Quiles & Lenny Tavárez', '1000COSAS by Lola Indigo & Manuel Turizo', 'Japoni (Feat. Camin, Moncho Chavea, Jthyago & Samueliyo Baby) by Oscar el Ruso & Samuel G & Omar Montes', 'Trending Remix (with Myke Towers) by Dei V', 'TU$$I (with Dei V) by YOVNGCHIMI', 'Beautiful Things by Benson Boone', 'Lo Que Tiene by Morad & Beny Jr & Rvfv', 'Tengo Un Plan by Key-Key', 'YO LO SOÑÉ by SAIKO', 'LUNA by SAIKO', 'Santa by Rvssian & Rauw Alejandro & Ayra Starr', 'El Patio by Pepe y Vizio & Delaossa & KIDDO', '100xCiento by Foreign Teck & Eladio Carrion & De La Ghetto', 'Akureyri by Aitana & Sebastian Yatra', 'LA SEVILLANA - SEVILLANAS by Omar Montes', 'MODELITO by Mora', 'El Merengue by Marshmello', 'Pedro by Jaxomy & Agatino Romero & Raffaella Carrà', 'ESKELETO by SAIKO', 'Columbia by Quevedo', 'COMO SUENAN LAS ESTRELLAS by SAIKO', 'Diabólica by Cris Mj', 'La_Original.mp3 by Emilia', 'Gitana (feat. Bryartz) by Pablo Chill-E', 'La Vida Sin Ti by Rels B', 'NÚMERO TELEFÓNICO by SAIKO', 'FARDOS by JC Reyes & De La Ghetto', 'Maquillaje by Renn & Yexel', ""X'CLUSIVO - REMIX by Gonzy & SAIKO & Arcángel"", 'Una Foto Remix (feat. Emilia) by Mesita & Nicki Nicole & Tiago PZK', 'Un Desperdicio by Rels B', 'BBY BOO - REMIX by iZaak & Jhayco & Anuel AA', 'LA FALDA by Myke Towers', 'DESATAAA by Ovy On The Drums & Myke Towers & SAIKO', 'La Bachata by Manuel Turizo', 'LA NENA by Lyanno & Rauw Alejandro', 'CRUSH by Sky Rompiendo & Dei V', 'Martini by Dei V', 'POLARIS - Remix by SAIKO', 'offline by Young Miko', 'Casanova by Soolking & Lola Indigo & Rvfv', 'Gata Only by FloyyMenor & Cris Mj', 'El Conjuntito by El Bobe & Omar Montes'}",2,2,0.04,2025-05
2025-05-08,"{'Manos Rotas by DELLAFUENTE & Morad', 'SI SI SI SI (feat. Eladio Carrion, Bryant Myers, Dei V) by The Academy: Segunda Misión & Justin Quiles & Lenny Tavárez', 'ADIVINO by Myke Towers & Bad Bunny', 'BADGYAL by SAIKO', 'Thalía by Cyril Kamer', 'Guay by Ozuna & Bad Gyal', 'LUNA by Feid', 'LA RANGER (feat. Myke Towers) by The Academy: Segunda Misión & Justin Quiles & Lenny Tavárez', '1000COSAS by Lola Indigo & Manuel Turizo', 'Trending Remix (with Myke Towers) by Dei V', 'TU$$I (with Dei V) by YOVNGCHIMI', 'Beautiful Things by Benson Boone', 'Lo Que Tiene by Morad & Beny Jr & Rvfv', 'Tengo Un Plan by Key-Key', 'YO LO SOÑÉ by SAIKO', 'LUNA by SAIKO', 'Santa by Rvssian & Rauw Alejandro & Ayra Starr', 'El Patio by Pepe y Vizio & Delaossa & KIDDO', '100xCiento by Foreign Teck & Eladio Carrion & De La Ghetto', 'Akureyri by Aitana & Sebastian Yatra', 'LA SEVILLANA - SEVILLANAS by Omar Montes', 'MODELITO by Mora', 'El Merengue by Marshmello', 'Pedro by Jaxomy & Agatino Romero & Raffaella Carrà', 'ESKELETO by SAIKO', 'Columbia by Quevedo', 'COMO SUENAN LAS ESTRELLAS by SAIKO', 'Diabólica by Cris Mj', 'La_Original.mp3 by Emilia', 'Gitana (feat. Bryartz) by Pablo Chill-E', 'La Vida Sin Ti by Rels B', 'NÚMERO TELEFÓNICO by SAIKO', 'FARDOS by JC Reyes & De La Ghetto', 'Maquillaje by Renn & Yexel', ""X'CLUSIVO - REMIX by Gonzy & SAIKO & Arcángel"", 'Una Foto Remix (feat. Emilia) by Mesita & Nicki Nicole & Tiago PZK', 'Un Desperdicio by Rels B', 'BBY BOO - REMIX by iZaak & Jhayco & Anuel AA', 'LA FALDA by Myke Towers', 'DESATAAA by Ovy On The Drums & Myke Towers & SAIKO', 'La Bachata by Manuel Turizo', 'LA NENA by Lyanno & Rauw Alejandro', 'CRUSH by Sky Rompiendo & Dei V', 'Martini by Dei V', 'POLARIS - Remix by SAIKO', 'offline by Young Miko', 'Casanova by Soolking & Lola Indigo & Rvfv', 'LA CAPI by Myke Towers', 'Gata Only by FloyyMenor & Cris Mj', 'El Conjuntito by El Bobe & Omar Montes'}",1,1,0.02,2025-05
2025-05-09,"{'Manos Rotas by DELLAFUENTE & Morad', 'SI SI SI SI (feat. Eladio Carrion, Bryant Myers, Dei V) by The Academy: Segunda Misión & Justin Quiles & Lenny Tavárez', 'ADIVINO by Myke Towers & Bad Bunny', 'BADGYAL by SAIKO', 'Thalía by Cyril Kamer', 'Guay by Ozuna & Bad Gyal', 'LUNA by Feid', 'LA RANGER (feat. Myke Towers) by The Academy: Segunda Misión & Justin Quiles & Lenny Tavárez', '1000COSAS by Lola Indigo & Manuel Turizo', 'Trending Remix (with Myke Towers) by Dei V', 'TU$$I (with Dei V) by YOVNGCHIMI', 'Beautiful Things by Benson Boone', 'Lo Que Tiene by Morad & Beny Jr & Rvfv', 'Tengo Un Plan by Key-Key', 'YO LO SOÑÉ by SAIKO', 'a new star (2 0 2 4) by Rels B', 'LUNA by SAIKO', 'Santa by Rvssian & Rauw Alejandro & Ayra Starr', 'El Patio by Pepe y Vizio & Delaossa & KIDDO', '100xCiento by Foreign Teck & Eladio Carrion & De La Ghetto', 'Akureyri by Aitana & Sebastian Yatra', 'LA SEVILLANA - SEVILLANAS by Omar Montes', 'MODELITO by Mora', 'El Merengue by Marshmello', 'Pedro by Jaxomy & Agatino Romero & Raffaella Carrà', 'ESKELETO by SAIKO', 'Columbia by Quevedo', 'COMO SUENAN LAS ESTRELLAS by SAIKO', 'Diabólica by Cris Mj', 'La_Original.mp3 by Emilia', 'Gitana (feat. Bryartz) by Pablo Chill-E', 'La Vida Sin Ti by Rels B', 'NÚMERO TELEFÓNICO by SAIKO', 'FARDOS by JC Reyes & De La Ghetto', 'Maquillaje by Renn & Yexel', ""X'CLUSIVO - REMIX by Gonzy & SAIKO & Arcángel"", 'Una Foto Remix (feat. Emilia) by Mesita & Nicki Nicole & Tiago PZK', 'Un Desperdicio by Rels B', 'BBY BOO - REMIX by iZaak & Jhayco & Anuel AA', 'LA FALDA by Myke Towers', 'DESATAAA by Ovy On The Drums & Myke Towers & SAIKO', 'La Bachata by Manuel Turizo', 'LA NENA by Lyanno & Rauw Alejandro', 'CRUSH by Sky Rompiendo & Dei V', 'Martini by Dei V', 'POLARIS - Remix by SAIKO', 'offline by Young Miko', 'Casanova by Soolking & Lola Indigo & Rvfv', 'Gata Only (Mashup) by Dj Agus Lima', 'El Conjuntito by El Bobe & Omar Montes'}",2,2,0.04,2025-05
2025-05-10,"{'Manos Rotas by DELLAFUENTE & Morad', 'SI SI SI SI (feat. Eladio Carrion, Bryant Myers, Dei V) by The Academy: Segunda Misión & Justin Quiles & Lenny Tavárez', 'ADIVINO by Myke Towers & Bad Bunny', 'BADGYAL by SAIKO', 'Thalía by Cyril Kamer', 'Guay by Ozuna & Bad Gyal', 'LUNA by Feid', 'LA RANGER (feat. Myke Towers) by The Academy: Segunda Misión & Justin Quiles & Lenny Tavárez', '1000COSAS by Lola Indigo & Manuel Turizo', 'Trending Remix (with Myke Towers) by Dei V', 'TU$$I (with Dei V) by YOVNGCHIMI', 'Beautiful Things by Benson Boone', 'Lo Que Tiene by Morad & Beny Jr & Rvfv', 'Tengo Un Plan by Key-Key', 'YO LO SOÑÉ by SAIKO', 'a new star (2 0 2 4) by Rels B', 'Santa by Rvssian & Rauw Alejandro & Ayra Starr', 'El Patio by Pepe y Vizio & Delaossa & KIDDO', 'FRIKI by Gonzy', '100xCiento by Foreign Teck & Eladio Carrion & De La Ghetto', 'Akureyri by Aitana & Sebastian Yatra', 'LA SEVILLANA - SEVILLANAS by Omar Montes', 'MODELITO by Mora', 'El Merengue by Marshmello', 'Pedro by Jaxomy & Agatino Romero & Raffaella Carrà', 'ESKELETO by SAIKO', 'Columbia by Quevedo', 'COMO SUENAN LAS ESTRELLAS by SAIKO', 'Diabólica by Cris Mj', 'La_Original.mp3 by Emilia', 'Gitana (feat. Bryartz) by Pablo Chill-E', 'La Vida Sin Ti by Rels B', 'FARDOS by JC Reyes & De La Ghetto', 'Maquillaje by Renn & Yexel', ""X'CLUSIVO - REMIX by Gonzy & SAIKO & Arcángel"", 'Una Foto Remix (feat. Emilia) by Mesita & Nicki Nicole & Tiago PZK', 'Un Desperdicio by Rels B', 'BBY BOO - REMIX by iZaak & Jhayco & Anuel AA', 'LA FALDA by Myke Towers', 'DESATAAA by Ovy On The Drums & Myke Towers & SAIKO', 'La Bachata by Manuel Turizo', 'LA NENA by Lyanno & Rauw Alejandro', 'CRUSH by Sky Rompiendo & Dei V', 'Martini by Dei V', 'Ride Or Die, Pt. 2 (with Villano Antillano & Tokischa) by Sevdaliza & Villano Antillano & Tokischa', 'offline by Young Miko', 'Casanova by Soolking & Lola Indigo & Rvfv', 'Gata Only (Mashup) by Dj Agus Lima', 'LA CAPI by Myke Towers', 'El Conjuntito by El Bobe & Omar Montes'}",3,3,0.06,2025-05
2025-05-11,"{'Manos Rotas by DELLAFUENTE & Morad', 'SI SI SI SI (feat. Eladio Carrion, Bryant Myers, Dei V) by The Academy: Segunda Misión & Justin Quiles & Lenny Tavárez', 'ADIVINO by Myke Towers & Bad Bunny', 'BADGYAL by SAIKO', 'Thalía by Cyril Kamer', 'Guay by Ozuna & Bad Gyal', 'LUNA by Feid', 'LA RANGER (feat. Myke Towers) by The Academy: Segunda Misión & Justin Quiles & Lenny Tavárez', '1000COSAS by Lola Indigo & Manuel Turizo', 'Trending Remix (with Myke Towers) by Dei V', 'TU$$I (with Dei V) by YOVNGCHIMI', 'Beautiful Things by Benson Boone', 'Lo Que Tiene by Morad & Beny Jr & Rvfv', 'Tengo Un Plan by Key-Key', 'YO LO SOÑÉ by SAIKO', 'a new star (2 0 2 4) by Rels B', 'Santa by Rvssian & Rauw Alejandro & Ayra Starr', 'El Patio by Pepe y Vizio & Delaossa & KIDDO', 'FRIKI by Gonzy', '100xCiento by Foreign Teck & Eladio Carrion & De La Ghetto', 'Akureyri by Aitana & Sebastian Yatra', 'LA SEVILLANA - SEVILLANAS by Omar Montes', 'MODELITO by Mora', 'El Merengue by Marshmello', 'Pedro by Jaxomy & Agatino Romero & Raffaella Carrà', 'ESKELETO by SAIKO', 'Columbia by Quevedo', 'COMO SUENAN LAS ESTRELLAS by SAIKO', 'Diabólica by Cris Mj', 'La_Original.mp3 by Emilia', 'Gitana (feat. Bryartz) by Pablo Chill-E', 'La Vida Sin Ti by Rels B', 'FARDOS by JC Reyes & De La Ghetto', 'Maquillaje by Renn & Yexel', ""X'CLUSIVO - REMIX by Gonzy & SAIKO & Arcángel"", 'Una Foto Remix (feat. Emilia) by Mesita & Nicki Nicole & Tiago PZK', 'Un Desperdicio by Rels B', 'BBY BOO - REMIX by iZaak & Jhayco & Anuel AA', 'LA FALDA by Myke Towers', 'DESATAAA by Ovy On The Drums & Myke Towers & SAIKO', 'La Bachata by Manuel Turizo', 'LA NENA by Lyanno & Rauw Alejandro', 'CRUSH by Sky Rompiendo & Dei V', 'Martini by Dei V', 'Ride Or Die, Pt. 2 (with Villano Antillano & Tokischa) by Sevdaliza & Villano Antillano & Tokischa', 'offline by Young Miko', 'Casanova by Soolking & Lola Indigo & Rvfv', 'LA CAPI by Myke Towers', 'Gata Only by FloyyMenor & Cris Mj', 'El Conjuntito by El Bobe & Omar Montes'}",1,1,0.02,2025-05
2025-05-12,"{'Manos Rotas by DELLAFUENTE & Morad', 'SI SI SI SI (feat. Eladio Carrion, Bryant Myers, Dei V) by The Academy: Segunda Misión & Justin Quiles & Lenny Tavárez', 'ADIVINO by Myke Towers & Bad Bunny', 'BADGYAL by SAIKO', 'Thalía by Cyril Kamer', 'Guay by Ozuna & Bad Gyal', 'LUNA by Feid', 'LA RANGER (feat. Myke Towers) by The Academy: Segunda Misión & Justin Quiles & Lenny Tavárez', '1000COSAS by Lola Indigo & Manuel Turizo', 'Trending Remix (with Myke Towers) by Dei V', 'TU$$I (with Dei V) by YOVNGCHIMI', 'Beautiful Things by Benson Boone', 'Lo Que Tiene by Morad & Beny Jr & Rvfv', 'Tengo Un Plan by Key-Key', 'YO LO SOÑÉ by SAIKO', 'a new star (2 0 2 4) by Rels B', 'Santa by Rvssian & Rauw Alejandro & Ayra Starr', 'El Patio by Pepe y Vizio & Delaossa & KIDDO', 'FRIKI by Gonzy', '100xCiento by Foreign Teck & Eladio Carrion & De La Ghetto', 'Akureyri by Aitana & Sebastian Yatra', 'LA SEVILLANA - SEVILLANAS by Omar Montes', 'MODELITO by Mora', 'El Merengue by Marshmello', 'Pedro by Jaxomy & Agatino Romero & Raffaella Carrà', 'ESKELETO by SAIKO', 'Columbia by Quevedo', 'COMO SUENAN LAS ESTRELLAS by SAIKO', 'Diabólica by Cris Mj', 'La_Original.mp3 by Emilia', 'Gitana (feat. Bryartz) by Pablo Chill-E', 'La Vida Sin Ti by Rels B', 'FARDOS by JC Reyes & De La Ghetto', 'Maquillaje by Renn & Yexel', ""X'CLUSIVO - REMIX by Gonzy & SAIKO & Arcángel"", 'Una Foto Remix (feat. Emilia) by Mesita & Nicki Nicole & Tiago PZK', 'Un Desperdicio by Rels B', 'BBY BOO - REMIX by iZaak & Jhayco & Anuel AA', 'LA FALDA by Myke Towers', 'DESATAAA by Ovy On The Drums & Myke Towers & SAIKO', 'La Bachata by Manuel Turizo', 'LA NENA by Lyanno & Rauw Alejandro', 'CRUSH by Sky Rompiendo & Dei V', 'Martini by Dei V', 'Ride Or Die, Pt. 2 (with Villano Antillano & Tokischa) by Sevdaliza & Villano Antillano & Tokischa', 'offline by Young Miko', 'Casanova by Soolking & Lola Indigo & Rvfv', 'LA CAPI by Myke Towers', 'Gata Only by FloyyMenor & Cris Mj', 'El Conjuntito by El Bobe & Omar Montes'}",0,0,0.0,2025-05
2025-05-13,"{'Manos Rotas by DELLAFUENTE & Morad', 'SI SI SI SI (feat. Eladio Carrion, Bryant Myers, Dei V) by The Academy: Segunda Misión & Justin Quiles & Lenny Tavárez', 'ADIVINO by Myke Towers & Bad Bunny', 'BADGYAL by SAIKO', 'Thalía by Cyril Kamer', 'Guay by Ozuna & Bad Gyal', 'LUNA by Feid', 'LA RANGER (feat. Myke Towers) by The Academy: Segunda Misión & Justin Quiles & Lenny Tavárez', 'ZORRA by Nebulossa', '1000COSAS by Lola Indigo & Manuel Turizo', 'Bailando Bachata by Chayanne', 'Trending Remix (with Myke Towers) by Dei V', 'TU$$I (with Dei V) by YOVNGCHIMI', 'Beautiful Things by Benson Boone', 'Lo Que Tiene by Morad & Beny Jr & Rvfv', 'Tengo Un Plan by Key-Key', 'YO LO SOÑÉ by SAIKO', 'Santa by Rvssian & Rauw Alejandro & Ayra Starr', 'El Patio by Pepe y Vizio & Delaossa & KIDDO', 'FRIKI by Gonzy', '100xCiento by Foreign Teck & Eladio Carrion & De La Ghetto', 'Akureyri by Aitana & Sebastian Yatra', 'LA SEVILLANA - SEVILLANAS by Omar Montes', 'MODELITO by Mora', 'El Merengue by Marshmello', 'Pedro by Jaxomy & Agatino Romero & Raffaella Carrà', 'ESKELETO by SAIKO', 'Columbia by Quevedo', 'COMO SUENAN LAS ESTRELLAS by SAIKO', 'Diabólica by Cris Mj', 'La_Original.mp3 by Emilia', 'Gitana (feat. Bryartz) by Pablo Chill-E', 'La Vida Sin Ti by Rels B', 'FARDOS by JC Reyes & De La Ghetto', 'Maquillaje by Renn & Yexel', ""X'CLUSIVO - REMIX by Gonzy & SAIKO & Arcángel"", 'Una Foto Remix (feat. Emilia) by Mesita & Nicki Nicole & Tiago PZK', 'Un Desperdicio by Rels B', 'BBY BOO - REMIX by iZaak & Jhayco & Anuel AA', 'LA FALDA by Myke Towers', 'DESATAAA by Ovy On The Drums & Myke Towers & SAIKO', 'La Bachata by Manuel Turizo', 'LA NENA by Lyanno & Rauw Alejandro', 'CRUSH by Sky Rompiendo & Dei V', 'Martini by Dei V', 'offline by Young Miko', 'Casanova by Soolking & Lola Indigo & Rvfv', 'LA CAPI by Myke Towers', 'Gata Only by FloyyMenor & Cris Mj', 'El Conjuntito by El Bobe & Omar Montes'}",2,2,0.04,2025-05
2025-05-14,"{'Manos Rotas by DELLAFUENTE & Morad', 'SI SI SI SI (feat. Eladio Carrion, Bryant Myers, Dei V) by The Academy: Segunda Misión & Justin Quiles & Lenny Tavárez', 'ADIVINO by Myke Towers & Bad Bunny', 'BADGYAL by SAIKO', 'Thalía by Cyril Kamer', 'Guay by Ozuna & Bad Gyal', 'LUNA by Feid', 'LA RANGER (feat. Myke Towers) by The Academy: Segunda Misión & Justin Quiles & Lenny Tavárez', 'ZORRA by Nebulossa', '1000COSAS by Lola Indigo & Manuel Turizo', 'Trending Remix (with Myke Towers) by Dei V', 'TU$$I (with Dei V) by YOVNGCHIMI', 'la noia by Angelina Mango', 'Beautiful Things by Benson Boone', 'Lo Que Tiene by Morad & Beny Jr & Rvfv', 'Tengo Un Plan by Key-Key', 'YO LO SOÑÉ by SAIKO', 'Santa by Rvssian & Rauw Alejandro & Ayra Starr', 'El Patio by Pepe y Vizio & Delaossa & KIDDO', 'FRIKI by Gonzy', 'The Code by Nemo', 'Akureyri by Aitana & Sebastian Yatra', 'LA SEVILLANA - SEVILLANAS by Omar Montes', 'MODELITO by Mora', 'El Merengue by Marshmello', 'Pedro by Jaxomy & Agatino Romero & Raffaella Carrà', 'ESKELETO by SAIKO', 'Columbia by Quevedo', 'COMO SUENAN LAS ESTRELLAS by SAIKO', 'Diabólica by Cris Mj', 'La_Original.mp3 by Emilia', 'Gitana (feat. Bryartz) by Pablo Chill-E', 'La Vida Sin Ti by Rels B', 'FARDOS by JC Reyes & De La Ghetto', 'Maquillaje by Renn & Yexel', ""X'CLUSIVO - REMIX by Gonzy & SAIKO & Arcángel"", 'Una Foto Remix (feat. Emilia) by Mesita & Nicki Nicole & Tiago PZK', 'Un Desperdicio by Rels B', 'BBY BOO - REMIX by iZaak & Jhayco & Anuel AA', 'LA FALDA by Myke Towers', 'DESATAAA by Ovy On The Drums & Myke Towers & SAIKO', 'La Bachata by Manuel Turizo', 'Martini by Dei V', 'CRUSH by Sky Rompiendo & Dei V', 'offline by Young Miko', 'Casanova by Soolking & Lola Indigo & Rvfv', 'LA CAPI by Myke Towers', 'Gata Only by FloyyMenor & Cris Mj', 'Europapa by Joost', 'El Conjuntito by El Bobe & Omar Montes'}",3,3,0.06,2025-05
2025-05-15,"{'Manos Rotas by DELLAFUENTE & Morad', 'SI SI SI SI (feat. Eladio Carrion, Bryant Myers, Dei V) by The Academy: Segunda Misión & Justin Quiles & Lenny Tavárez', 'ADIVINO by Myke Towers & Bad Bunny', 'BADGYAL by SAIKO', 'Thalía by Cyril Kamer', 'Guay by Ozuna & Bad Gyal', 'LUNA by Feid', 'LA RANGER (feat. Myke Towers) by The Academy: Segunda Misión & Justin Quiles & Lenny Tavárez', 'ZORRA by Nebulossa', '1000COSAS by Lola Indigo & Manuel Turizo', 'Trending Remix (with Myke Towers) by Dei V', 'TU$$I (with Dei V) by YOVNGCHIMI', 'Beautiful Things by Benson Boone', 'Lo Que Tiene by Morad & Beny Jr & Rvfv', 'Tengo Un Plan by Key-Key', 'YO LO SOÑÉ by SAIKO', 'a new star (2 0 2 4) by Rels B', 'Santa by Rvssian & Rauw Alejandro & Ayra Starr', 'El Patio by Pepe y Vizio & Delaossa & KIDDO', 'FRIKI by Gonzy', 'The Code by Nemo', '100xCiento by Foreign Teck & Eladio Carrion & De La Ghetto', 'Akureyri by Aitana & Sebastian Yatra', 'LA SEVILLANA - SEVILLANAS by Omar Montes', 'MODELITO by Mora', 'El Merengue by Marshmello', 'Pedro by Jaxomy & Agatino Romero & Raffaella Carrà', 'ESKELETO by SAIKO', 'Columbia by Quevedo', 'COMO SUENAN LAS ESTRELLAS by SAIKO', 'Diabólica by Cris Mj', 'La_Original.mp3 by Emilia', 'Gitana (feat. Bryartz) by Pablo Chill-E', 'La Vida Sin Ti by Rels B', 'FARDOS by JC Reyes & De La Ghetto', 'Maquillaje by Renn & Yexel', ""X'CLUSIVO - REMIX by Gonzy & SAIKO & Arcángel"", 'Una Foto Remix (feat. Emilia) by Mesita & Nicki Nicole & Tiago PZK', 'Un Desperdicio by Rels B', 'BBY BOO - REMIX by iZaak & Jhayco & Anuel AA', 'LA FALDA by Myke Towers', 'DESATAAA by Ovy On The Drums & Myke Towers & SAIKO', 'La Bachata by Manuel Turizo', 'Martini by Dei V', 'CRUSH by Sky Rompiendo & Dei V', 'offline by Young Miko', 'Casanova by Soolking & Lola Indigo & Rvfv', 'Gata Only by FloyyMenor & Cris Mj', 'Europapa by Joost', 'El Conjuntito by El Bobe & Omar Montes'}",2,2,0.04,2025-05
2025-05-16,"{'Manos Rotas by DELLAFUENTE & Morad', 'SI SI SI SI (feat. Eladio Carrion, Bryant Myers, Dei V) by The Academy: Segunda Misión & Justin Quiles & Lenny Tavárez', 'ADIVINO by Myke Towers & Bad Bunny', 'BADGYAL by SAIKO', 'Thalía by Cyril Kamer', 'Guay by Ozuna & Bad Gyal', 'LUNA by Feid', 'LA RANGER (feat. Myke Towers) by The Academy: Segunda Misión & Justin Quiles & Lenny Tavárez', 'ZORRA by Nebulossa', '1000COSAS by Lola Indigo & Manuel Turizo', 'Trending Remix (with Myke Towers) by Dei V', 'TU$$I (with Dei V) by YOVNGCHIMI', 'Beautiful Things by Benson Boone', 'Lo Que Tiene by Morad & Beny Jr & Rvfv', 'Tengo Un Plan by Key-Key', 'Suano by NTG & Amenazzy', 'YO LO SOÑÉ by SAIKO', 'a new star (2 0 2 4) by Rels B', 'Santa by Rvssian & Rauw Alejandro & Ayra Starr', 'El Patio by Pepe y Vizio & Delaossa & KIDDO', 'FRIKI by Gonzy', 'The Code by Nemo', 'Akureyri by Aitana & Sebastian Yatra', 'LA SEVILLANA - SEVILLANAS by Omar Montes', 'MODELITO by Mora', 'El Merengue by Marshmello', 'COMUNA 3 by JC Reyes & The Rude Boyz', 'ESKELETO by SAIKO', 'Columbia by Quevedo', 'COMO SUENAN LAS ESTRELLAS by SAIKO', 'Diabólica by Cris Mj', 'La_Original.mp3 by Emilia', 'Gitana (feat. Bryartz) by Pablo Chill-E', 'La Vida Sin Ti by Rels B', 'FARDOS by JC Reyes & De La Ghetto', 'Maquillaje by Renn & Yexel', ""X'CLUSIVO - REMIX by Gonzy & SAIKO & Arcángel"", 'Una Foto Remix (feat. Emilia) by Mesita & Nicki Nicole & Tiago PZK', 'BBY BOO - REMIX by iZaak & Jhayco & Anuel AA', 'LA FALDA by Myke Towers', 'Gran Día by Mau y Ricky & Guaynaa', 'DESATAAA by Ovy On The Drums & Myke Towers & SAIKO', 'La Bachata by Manuel Turizo', 'Martini by Dei V', 'CRUSH by Sky Rompiendo & Dei V', 'offline by Young Miko', 'Casanova by Soolking & Lola Indigo & Rvfv', 'Gata Only by FloyyMenor & Cris Mj', 'Europapa by Joost', 'El Conjuntito by El Bobe & Omar Montes'}",3,3,0.06,2025-05
2025-05-17,"{'Manos Rotas by DELLAFUENTE & Morad', 'SI SI SI SI (feat. Eladio Carrion, Bryant Myers, Dei V) by The Academy: Segunda Misión & Justin Quiles & Lenny Tavárez', 'ADIVINO by Myke Towers & Bad Bunny', 'BADGYAL by SAIKO', 'Thalía by Cyril Kamer', 'Guay by Ozuna & Bad Gyal', 'LUNA by Feid', 'LA RANGER (feat. Myke Towers) by The Academy: Segunda Misión & Justin Quiles & Lenny Tavárez', 'ZORRA by Nebulossa', '1000COSAS by Lola Indigo & Manuel Turizo', 'Trending Remix (with Myke Towers) by Dei V', 'TU$$I (with Dei V) by YOVNGCHIMI', 'Beautiful Things by Benson Boone', 'Lo Que Tiene by Morad & Beny Jr & Rvfv', 'Tengo Un Plan by Key-Key', 'Suano by NTG & Amenazzy', 'YO LO SOÑÉ by SAIKO', 'a new star (2 0 2 4) by Rels B', 'Santa by Rvssian & Rauw Alejandro & Ayra Starr', 'El Patio by Pepe y Vizio & Delaossa & KIDDO', 'FRIKI by Gonzy', 'The Code by Nemo', 'Akureyri by Aitana & Sebastian Yatra', 'LA SEVILLANA - SEVILLANAS by Omar Montes', 'MODELITO by Mora', 'El Merengue by Marshmello', 'COMUNA 3 by JC Reyes & The Rude Boyz', 'ESKELETO by SAIKO', 'Columbia by Quevedo', 'COMO SUENAN LAS ESTRELLAS by SAIKO', 'Diabólica by Cris Mj', 'La_Original.mp3 by Emilia', 'Gitana (feat. Bryartz) by Pablo Chill-E', 'La Vida Sin Ti by Rels B', 'FARDOS by JC Reyes & De La Ghetto', 'Maquillaje by Renn & Yexel', ""X'CLUSIVO - REMIX by Gonzy & SAIKO & Arcángel"", 'Una Foto Remix (feat. Emilia) by Mesita & Nicki Nicole & Tiago PZK', 'BBY BOO - REMIX by iZaak & Jhayco & Anuel AA', 'LA FALDA by Myke Towers', 'Gran Día by Mau y Ricky & Guaynaa', 'DESATAAA by Ovy On The Drums & Myke Towers & SAIKO', 'La Bachata by Manuel Turizo', 'Martini by Dei V', 'CRUSH by Sky Rompiendo & Dei V', 'offline by Young Miko', 'Casanova by Soolking & Lola Indigo & Rvfv', 'Gata Only by FloyyMenor & Cris Mj', 'Europapa by Joost', 'El Conjuntito by El Bobe & Omar Montes'}",0,0,0.0,2025-05
2025-05-18,"{'Manos Rotas by DELLAFUENTE & Morad', 'SI SI SI SI (feat. Eladio Carrion, Bryant Myers, Dei V) by The Academy: Segunda Misión & Justin Quiles & Lenny Tavárez', 'ADIVINO by Myke Towers & Bad Bunny', 'BADGYAL by SAIKO', 'Thalía by Cyril Kamer', 'Guay by Ozuna & Bad Gyal', 'LUNA by Feid', 'LA RANGER (feat. Myke Towers) by The Academy: Segunda Misión & Justin Quiles & Lenny Tavárez', 'ZORRA by Nebulossa', '1000COSAS by Lola Indigo & Manuel Turizo', 'Trending Remix (with Myke Towers) by Dei V', 'TU$$I (with Dei V) by YOVNGCHIMI', 'Beautiful Things by Benson Boone', 'Lo Que Tiene by Morad & Beny Jr & Rvfv', 'Tengo Un Plan by Key-Key', 'Suano by NTG & Amenazzy', 'YO LO SOÑÉ by SAIKO', 'a new star (2 0 2 4) by Rels B', 'Santa by Rvssian & Rauw Alejandro & Ayra Starr', 'El Patio by Pepe y Vizio & Delaossa & KIDDO', 'FRIKI by Gonzy', 'The Code by Nemo', 'Akureyri by Aitana & Sebastian Yatra', 'LA SEVILLANA - SEVILLANAS by Omar Montes', 'MODELITO by Mora', 'El Merengue by Marshmello', 'ESKELETO by SAIKO', 'Columbia by Quevedo', 'COMO SUENAN LAS ESTRELLAS by SAIKO', 'Diabólica by Cris Mj', 'La_Original.mp3 by Emilia', 'Gitana (feat. Bryartz) by Pablo Chill-E', 'COMUNA 3 by JC Reyes & The Rudeboyz', 'La Vida Sin Ti by Rels B', 'FARDOS by JC Reyes & De La Ghetto', 'Maquillaje by Renn & Yexel', ""X'CLUSIVO - REMIX by Gonzy & SAIKO & Arcángel"", 'Una Foto Remix (feat. Emilia) by Mesita & Nicki Nicole & Tiago PZK', 'BBY BOO - REMIX by iZaak & Jhayco & Anuel AA', 'LA FALDA by Myke Towers', 'Gran Día by Mau y Ricky & Guaynaa', 'DESATAAA by Ovy On The Drums & Myke Towers & SAIKO', 'La Bachata by Manuel Turizo', 'Martini by Dei V', 'CRUSH by Sky Rompiendo & Dei V', 'offline by Young Miko', 'Casanova by Soolking & Lola Indigo & Rvfv', 'Gata Only by FloyyMenor & Cris Mj', 'Europapa by Joost', 'El Conjuntito by El Bobe & Omar Montes'}",1,1,0.02,2025-05
2025-05-19,"{'Manos Rotas by DELLAFUENTE & Morad', 'SI SI SI SI (feat. Eladio Carrion, Bryant Myers, Dei V) by The Academy: Segunda Misión & Justin Quiles & Lenny Tavárez', 'ADIVINO by Myke Towers & Bad Bunny', 'BADGYAL by SAIKO', 'Thalía by Cyril Kamer', 'Guay by Ozuna & Bad Gyal', 'LUNA by Feid', 'LA RANGER (feat. Myke Towers) by The Academy: Segunda Misión & Justin Quiles & Lenny Tavárez', '1000COSAS by Lola Indigo & Manuel Turizo', 'Trending Remix (with Myke Towers) by Dei V', 'TU$$I (with Dei V) by YOVNGCHIMI', 'Beautiful Things by Benson Boone', 'Lo Que Tiene by Morad & Beny Jr & Rvfv', 'Tengo Un Plan by Key-Key', 'Suano by NTG & Amenazzy', 'YO LO SOÑÉ by SAIKO', 'a new star (2 0 2 4) by Rels B', 'Santa by Rvssian & Rauw Alejandro & Ayra Starr', 'El Patio by Pepe y Vizio & Delaossa & KIDDO', 'GATITAS SANDUNGUERAS VOL.1 by Alvaro Diaz', 'FRIKI by Gonzy', 'Akureyri by Aitana & Sebastian Yatra', 'LA SEVILLANA - SEVILLANAS by Omar Montes', 'MODELITO by Mora', 'El Merengue by Marshmello', 'Pedro by Jaxomy & Agatino Romero & Raffaella Carrà', 'ESKELETO by SAIKO', 'Columbia by Quevedo', 'COMO SUENAN LAS ESTRELLAS by SAIKO', 'Diabólica by Cris Mj', 'La_Original.mp3 by Emilia', 'Gitana (feat. Bryartz) by Pablo Chill-E', 'COMUNA 3 by JC Reyes & The Rudeboyz', 'La Vida Sin Ti by Rels B', 'FARDOS by JC Reyes & De La Ghetto', 'Maquillaje by Renn & Yexel', ""X'CLUSIVO - REMIX by Gonzy & SAIKO & Arcángel"", 'Una Foto Remix (feat. Emilia) by Mesita & Nicki Nicole & Tiago PZK', 'BBY BOO - REMIX by iZaak & Jhayco & Anuel AA', 'LA FALDA by Myke Towers', 'DESATAAA by Ovy On The Drums & Myke Towers & SAIKO', 'LUNCH by Billie Eilish', 'CHIHIRO by Billie Eilish', 'La Bachata by Manuel Turizo', 'Martini by Dei V', 'CRUSH by Sky Rompiendo & Dei V', 'offline by Young Miko', 'Casanova by Soolking & Lola Indigo & Rvfv', 'Gata Only by FloyyMenor & Cris Mj', 'El Conjuntito by El Bobe & Omar Montes'}",4,4,0.08,2025-05
2025-05-20,"{'Manos Rotas by DELLAFUENTE & Morad', 'SI SI SI SI (feat. Eladio Carrion, Bryant Myers, Dei V) by The Academy: Segunda Misión & Justin Quiles & Lenny Tavárez', 'ADIVINO by Myke Towers & Bad Bunny', 'BADGYAL by SAIKO', 'Thalía by Cyril Kamer', 'Guay by Ozuna & Bad Gyal', 'LUNA by Feid', 'LA RANGER (feat. Myke Towers) by The Academy: Segunda Misión & Justin Quiles & Lenny Tavárez', '1000COSAS by Lola Indigo & Manuel Turizo', 'Trending Remix (with Myke Towers) by Dei V', 'TU$$I (with Dei V) by YOVNGCHIMI', 'Beautiful Things by Benson Boone', 'Lo Que Tiene by Morad & Beny Jr & Rvfv', 'Tengo Un Plan by Key-Key', 'Suano by NTG & Amenazzy', 'YO LO SOÑÉ by SAIKO', 'a new star (2 0 2 4) by Rels B', 'Santa by Rvssian & Rauw Alejandro & Ayra Starr', 'El Patio by Pepe y Vizio & Delaossa & KIDDO', 'GATITAS SANDUNGUERAS VOL.1 by Alvaro Diaz', 'FRIKI by Gonzy', 'Akureyri by Aitana & Sebastian Yatra', 'LA SEVILLANA - SEVILLANAS by Omar Montes', 'MODELITO by Mora', 'El Merengue by Marshmello', 'Pedro by Jaxomy & Agatino Romero & Raffaella Carrà', 'ESKELETO by SAIKO', 'Columbia by Quevedo', 'Diabólica by Cris Mj', 'La_Original.mp3 by Emilia', 'Gitana (feat. Bryartz) by Pablo Chill-E', 'COMUNA 3 by JC Reyes & The Rudeboyz', 'La Vida Sin Ti by Rels B', 'FARDOS by JC Reyes & De La Ghetto', 'Maquillaje by Renn & Yexel', ""X'CLUSIVO - REMIX by Gonzy & SAIKO & Arcángel"", 'Una Foto Remix (feat. Emilia) by Mesita & Nicki Nicole & Tiago PZK', 'BBY BOO - REMIX by iZaak & Jhayco & Anuel AA', 'LA FALDA by Myke Towers', 'DESATAAA by Ovy On The Drums & Myke Towers & SAIKO', 'LUNCH by Billie Eilish', 'CHIHIRO by Billie Eilish', 'La Bachata by Manuel Turizo', 'Martini by Dei V', 'CRUSH by Sky Rompiendo & Dei V', 'offline by Young Miko', 'Casanova by Soolking & Lola Indigo & Rvfv', 'LA CAPI by Myke Towers', 'Gata Only by FloyyMenor & Cris Mj', 'El Conjuntito by El Bobe & Omar Montes'}",1,1,0.02,2025-05
2025-05-21,"{'Manos Rotas by DELLAFUENTE & Morad', 'SI SI SI SI (feat. Eladio Carrion, Bryant Myers, Dei V) by The Academy: Segunda Misión & Justin Quiles & Lenny Tavárez', 'ADIVINO by Myke Towers & Bad Bunny', 'BADGYAL by SAIKO', 'Thalía by Cyril Kamer', 'Guay by Ozuna & Bad Gyal', 'LUNA by Feid', 'LA RANGER (feat. Myke Towers) by The Academy: Segunda Misión & Justin Quiles & Lenny Tavárez', '1000COSAS by Lola Indigo & Manuel Turizo', 'Trending Remix (with Myke Towers) by Dei V', 'TU$$I (with Dei V) by YOVNGCHIMI', 'Beautiful Things by Benson Boone', 'Lo Que Tiene by Morad & Beny Jr & Rvfv', 'Tengo Un Plan by Key-Key', 'Suano by NTG & Amenazzy', 'YO LO SOÑÉ by SAIKO', 'a new star (2 0 2 4) by Rels B', 'Santa by Rvssian & Rauw Alejandro & Ayra Starr', 'El Patio by Pepe y Vizio & Delaossa & KIDDO', 'GATITAS SANDUNGUERAS VOL.1 by Alvaro Diaz', 'FRIKI by Gonzy', 'Akureyri by Aitana & Sebastian Yatra', 'LA SEVILLANA - SEVILLANAS by Omar Montes', 'MODELITO by Mora', 'El Merengue by Marshmello', 'Pedro by Jaxomy & Agatino Romero & Raffaella Carrà', 'ESKELETO by SAIKO', 'Columbia by Quevedo', 'Diabólica by Cris Mj', 'La_Original.mp3 by Emilia', 'Gitana (feat. Bryartz) by Pablo Chill-E', 'COMUNA 3 by JC Reyes & The Rudeboyz', 'La Vida Sin Ti by Rels B', 'FARDOS by JC Reyes & De La Ghetto', 'Maquillaje by Renn & Yexel', ""X'CLUSIVO - REMIX by Gonzy & SAIKO & Arcángel"", 'Una Foto Remix (feat. Emilia) by Mesita & Nicki Nicole & Tiago PZK', 'BBY BOO - REMIX by iZaak & Jhayco & Anuel AA', 'LA FALDA by Myke Towers', 'Gran Día by Mau y Ricky & Guaynaa', 'DESATAAA by Ovy On The Drums & Myke Towers & SAIKO', 'LUNCH by Billie Eilish', 'CHIHIRO by Billie Eilish', 'La Bachata by Manuel Turizo', 'Martini by Dei V', 'CRUSH by Sky Rompiendo & Dei V', 'offline by Young Miko', 'Casanova by Soolking & Lola Indigo & Rvfv', 'Gata Only by FloyyMenor & Cris Mj', 'El Conjuntito by El Bobe & Omar Montes'}",1,1,0.02,2025-05
2025-05-22,"{'Manos Rotas by DELLAFUENTE & Morad', 'SI SI SI SI (feat. Eladio Carrion, Bryant Myers, Dei V) by The Academy: Segunda Misión & Justin Quiles & Lenny Tavárez', 'ADIVINO by Myke Towers & Bad Bunny', 'BADGYAL by SAIKO', 'Thalía by Cyril Kamer', 'Guay by Ozuna & Bad Gyal', 'LUNA by Feid', 'LA RANGER (feat. Myke Towers) by The Academy: Segunda Misión & Justin Quiles & Lenny Tavárez', '1000COSAS by Lola Indigo & Manuel Turizo', 'Trending Remix (with Myke Towers) by Dei V', 'TU$$I (with Dei V) by YOVNGCHIMI', 'Beautiful Things by Benson Boone', 'Lo Que Tiene by Morad & Beny Jr & Rvfv', 'Tengo Un Plan by Key-Key', 'Suano by NTG & Amenazzy', 'YO LO SOÑÉ by SAIKO', 'a new star (2 0 2 4) by Rels B', 'El Patio by Pepe y Vizio & Delaossa & KIDDO', 'GATITAS SANDUNGUERAS VOL.1 by Alvaro Diaz', 'FRIKI by Gonzy', 'Akureyri by Aitana & Sebastian Yatra', 'LA SEVILLANA - SEVILLANAS by Omar Montes', 'MODELITO by Mora', 'El Merengue by Marshmello', 'Santa by Rvssian', 'ESKELETO by SAIKO', 'Columbia by Quevedo', 'Diabólica by Cris Mj', 'La_Original.mp3 by Emilia', 'Gitana (feat. Bryartz) by Pablo Chill-E', 'COMUNA 3 by JC Reyes & The Rudeboyz', 'La Vida Sin Ti by Rels B', 'FARDOS by JC Reyes & De La Ghetto', 'Maquillaje by Renn & Yexel', ""X'CLUSIVO - REMIX by Gonzy & SAIKO & Arcángel"", 'Una Foto Remix (feat. Emilia) by Mesita & Nicki Nicole & Tiago PZK', 'BBY BOO - REMIX by iZaak & Jhayco & Anuel AA', 'LA FALDA by Myke Towers', 'Gran Día by Mau y Ricky & Guaynaa', 'DESATAAA by Ovy On The Drums & Myke Towers & SAIKO', 'LUNCH by Billie Eilish', 'CHIHIRO by Billie Eilish', 'La Bachata by Manuel Turizo', 'LA NENA by Lyanno & Rauw Alejandro', 'CRUSH by Sky Rompiendo & Dei V', 'Martini by Dei V', 'offline by Young Miko', 'Casanova by Soolking & Lola Indigo & Rvfv', 'Gata Only by FloyyMenor & Cris Mj', 'El Conjuntito by El Bobe & Omar Montes'}",2,2,0.04,2025-05
2025-05-23,"{'Manos Rotas by DELLAFUENTE & Morad', 'SI SI SI SI (feat. Eladio Carrion, Bryant Myers, Dei V) by The Academy: Segunda Misión & Justin Quiles & Lenny Tavárez', 'ADIVINO by Myke Towers & Bad Bunny', 'BADGYAL by SAIKO', 'Thalía by Cyril Kamer', 'Guay by Ozuna & Bad Gyal', 'LUNA by Feid', 'LA RANGER (feat. Myke Towers) by The Academy: Segunda Misión & Justin Quiles & Lenny Tavárez', '1000COSAS by Lola Indigo & Manuel Turizo', 'Trending Remix (with Myke Towers) by Dei V', 'TU$$I (with Dei V) by YOVNGCHIMI', 'Beautiful Things by Benson Boone', 'Lo Que Tiene by Morad & Beny Jr & Rvfv', 'Tengo Un Plan by Key-Key', 'Suano by NTG & Amenazzy', 'YO LO SOÑÉ by SAIKO', 'a new star (2 0 2 4) by Rels B', 'El Patio by Pepe y Vizio & Delaossa & KIDDO', 'GATITAS SANDUNGUERAS VOL.1 by Alvaro Diaz', 'FRIKI by Gonzy', 'Akureyri by Aitana & Sebastian Yatra', 'LA SEVILLANA - SEVILLANAS by Omar Montes', 'MODELITO by Mora', 'El Merengue by Marshmello', 'Santa by Rvssian', 'ESKELETO by SAIKO', 'Columbia by Quevedo', 'Diabólica by Cris Mj', 'La_Original.mp3 by Emilia', 'Gitana (feat. Bryartz) by Pablo Chill-E', 'COMUNA 3 by JC Reyes & The Rudeboyz', 'La Vida Sin Ti by Rels B', 'FARDOS by JC Reyes & De La Ghetto', 'Maquillaje by Renn & Yexel', ""X'CLUSIVO - REMIX by Gonzy & SAIKO & Arcángel"", 'Una Foto Remix (feat. Emilia) by Mesita & Nicki Nicole & Tiago PZK', 'BBY BOO - REMIX by iZaak & Jhayco & Anuel AA', 'LA FALDA by Myke Towers', 'Gran Día by Mau y Ricky & Guaynaa', 'DESATAAA by Ovy On The Drums & Myke Towers & SAIKO', 'LUNCH by Billie Eilish', 'CHIHIRO by Billie Eilish', 'La Bachata by Manuel Turizo', 'LA NENA by Lyanno & Rauw Alejandro', 'CRUSH by Sky Rompiendo & Dei V', 'Martini by Dei V', 'offline by Young Miko', 'Casanova by Soolking & Lola Indigo & Rvfv', 'Gata Only by FloyyMenor & Cris Mj', 'El Conjuntito by El Bobe & Omar Montes'}",0,0,0.0,2025-05
2025-05-24,"{'Manos Rotas by DELLAFUENTE & Morad', 'SI SI SI SI (feat. Eladio Carrion, Bryant Myers, Dei V) by The Academy: Segunda Misión & Justin Quiles & Lenny Tavárez', 'ADIVINO by Myke Towers & Bad Bunny', 'BADGYAL by SAIKO', 'Thalía by Cyril Kamer', 'Guay by Ozuna & Bad Gyal', 'LUNA by Feid', 'LA RANGER (feat. Myke Towers) by The Academy: Segunda Misión & Justin Quiles & Lenny Tavárez', '1000COSAS by Lola Indigo & Manuel Turizo', 'Trending Remix (with Myke Towers) by Dei V', 'TU$$I (with Dei V) by YOVNGCHIMI', 'Beautiful Things by Benson Boone', 'Lo Que Tiene by Morad & Beny Jr & Rvfv', 'Tengo Un Plan by Key-Key', 'Suano by NTG & Amenazzy', 'YO LO SOÑÉ by SAIKO', 'a new star (2 0 2 4) by Rels B', 'El Patio by Pepe y Vizio & Delaossa & KIDDO', 'GATITAS SANDUNGUERAS VOL.1 by Alvaro Diaz', 'FRIKI by Gonzy', 'Akureyri by Aitana & Sebastian Yatra', 'LA SEVILLANA - SEVILLANAS by Omar Montes', 'MODELITO by Mora', 'El Merengue by Marshmello', 'Santa by Rvssian', 'ESKELETO by SAIKO', 'Columbia by Quevedo', 'Diabólica by Cris Mj', 'La_Original.mp3 by Emilia', 'Gitana (feat. Bryartz) by Pablo Chill-E', 'COMUNA 3 by JC Reyes & The Rudeboyz', 'La Vida Sin Ti by Rels B', 'FARDOS by JC Reyes & De La Ghetto', 'Maquillaje by Renn & Yexel', ""X'CLUSIVO - REMIX by Gonzy & SAIKO & Arcángel"", 'Una Foto Remix (feat. Emilia) by Mesita & Nicki Nicole & Tiago PZK', 'BBY BOO - REMIX by iZaak & Jhayco & Anuel AA', 'LA FALDA by Myke Towers', 'Gran Día by Mau y Ricky & Guaynaa', 'DESATAAA by Ovy On The Drums & Myke Towers & SAIKO', 'LUNCH by Billie Eilish', 'CHIHIRO by Billie Eilish', 'La Bachata by Manuel Turizo', 'LA NENA by Lyanno & Rauw Alejandro', 'CRUSH by Sky Rompiendo & Dei V', 'Martini by Dei V', 'offline by Young Miko', 'Casanova by Soolking & Lola Indigo & Rvfv', 'Gata Only by FloyyMenor & Cris Mj', 'El Conjuntito by El Bobe & Omar Montes'}",0,0,0.0,2025-05
2025-05-25,"{'Manos Rotas by DELLAFUENTE & Morad', 'SI SI SI SI (feat. Eladio Carrion, Bryant Myers, Dei V) by The Academy: Segunda Misión & Justin Quiles & Lenny Tavárez', 'ADIVINO by Myke Towers & Bad Bunny', 'BADGYAL by SAIKO', 'Thalía by Cyril Kamer', 'Guay by Ozuna & Bad Gyal', 'LUNA by Feid', 'LA RANGER (feat. Myke Towers) by The Academy: Segunda Misión & Justin Quiles & Lenny Tavárez', '1000COSAS by Lola Indigo & Manuel Turizo', 'Trending Remix (with Myke Towers) by Dei V', 'TU$$I (with Dei V) by YOVNGCHIMI', 'Beautiful Things by Benson Boone', 'Lo Que Tiene by Morad & Beny Jr & Rvfv', 'Tengo Un Plan by Key-Key', 'Suano by NTG & Amenazzy', 'YO LO SOÑÉ by SAIKO', 'a new star (2 0 2 4) by Rels B', 'El Patio by Pepe y Vizio & Delaossa & KIDDO', 'GATITAS SANDUNGUERAS VOL.1 by Alvaro Diaz', 'FRIKI by Gonzy', 'Akureyri by Aitana & Sebastian Yatra', 'LA SEVILLANA - SEVILLANAS by Omar Montes', 'MODELITO by Mora', 'El Merengue by Marshmello', 'Santa by Rvssian', 'ESKELETO by SAIKO', 'Columbia by Quevedo', 'Diabólica by Cris Mj', 'La_Original.mp3 by Emilia', 'Gitana (feat. Bryartz) by Pablo Chill-E', 'COMUNA 3 by JC Reyes & The Rudeboyz', 'La Vida Sin Ti by Rels B', 'FARDOS by JC Reyes & De La Ghetto', 'Maquillaje by Renn & Yexel', ""X'CLUSIVO - REMIX by Gonzy & SAIKO & Arcángel"", 'Una Foto Remix (feat. Emilia) by Mesita & Nicki Nicole & Tiago PZK', 'BBY BOO - REMIX by iZaak & Jhayco & Anuel AA', 'DESATAAA by Ovy On The Drums & Myke Towers & Saiko', 'LA FALDA by Myke Towers', 'Gran Día by Mau y Ricky & Guaynaa', 'LUNCH by Billie Eilish', 'CHIHIRO by Billie Eilish', 'La Bachata by Manuel Turizo', 'LA NENA by Lyanno & Rauw Alejandro', 'CRUSH by Sky Rompiendo & Dei V', 'Martini by Dei V', 'offline by Young Miko', 'Casanova by Soolking & Lola Indigo & Rvfv', 'Gata Only by FloyyMenor & Cris Mj', 'El Conjuntito by El Bobe & Omar Montes'}",1,1,0.02,2025-05
2025-05-26,"{'Manos Rotas by DELLAFUENTE & Morad', 'SI SI SI SI (feat. Eladio Carrion, Bryant Myers, Dei V) by The Academy: Segunda Misión & Justin Quiles & Lenny Tavárez', 'ADIVINO by Myke Towers & Bad Bunny', 'BADGYAL by SAIKO', 'Thalía by Cyril Kamer', 'Guay by Ozuna & Bad Gyal', 'LUNA by Feid', 'LA RANGER (feat. Myke Towers) by The Academy: Segunda Misión & Justin Quiles & Lenny Tavárez', '1000COSAS by Lola Indigo & Manuel Turizo', 'Bailando Bachata by Chayanne', 'Japoni (Feat. Camin, Moncho Chavea, Jthyago & Samueliyo Baby) by Oscar el Ruso & Samuel G & Omar Montes', 'Trending Remix (with Myke Towers) by Dei V', 'TU$$I (with Dei V) by YOVNGCHIMI', 'Beautiful Things by Benson Boone', 'Lo Que Tiene by Morad & Beny Jr & Rvfv', 'Tengo Un Plan by Key-Key', 'Suano by NTG & Amenazzy', 'YO LO SOÑÉ by SAIKO', 'Mi Luz (ft. Rels B) by Rvfv', 'El Patio by Pepe y Vizio & Delaossa & KIDDO', 'GATITAS SANDUNGUERAS VOL.1 by Alvaro Diaz', 'FRIKI by Gonzy', 'APAGA EL CEL by FloyyMenor & Lewis Somes', 'Akureyri by Aitana & Sebastian Yatra', 'LA SEVILLANA - SEVILLANAS by Omar Montes', 'MODELITO by Mora', 'El Merengue by Marshmello', 'Santa by Rvssian', 'ESKELETO by SAIKO', 'Columbia by Quevedo', 'Diabólica by Cris Mj', 'La_Original.mp3 by Emilia', 'Gitana (feat. Bryartz) by Pablo Chill-E', 'COMUNA 3 by JC Reyes & The Rudeboyz', 'La Vida Sin Ti by Rels B', 'FARDOS by JC Reyes & De La Ghetto', 'Maquillaje by Renn & Yexel', ""X'CLUSIVO - REMIX by Gonzy & SAIKO & Arcángel"", 'Una Foto Remix (feat. Emilia) by Mesita & Nicki Nicole & Tiago PZK', 'BBY BOO - REMIX by iZaak & Jhayco & Anuel AA', 'DESATAAA by Ovy On The Drums & Myke Towers & Saiko', 'LA FALDA by Myke Towers', 'LUNCH by Billie Eilish', 'La Bachata by Manuel Turizo', 'Martini by Dei V', 'CRUSH by Sky Rompiendo & Dei V', 'offline by Young Miko', 'Casanova by Soolking & Lola Indigo & Rvfv', 'Gata Only by FloyyMenor & Cris Mj', 'El Conjuntito by El Bobe & Omar Montes'}",4,4,0.08,2025-05
2025-05-27,"{'Manos Rotas by DELLAFUENTE & Morad', 'SI SI SI SI (feat. Eladio Carrion, Bryant Myers, Dei V) by The Academy: Segunda Misión & Justin Quiles & Lenny Tavárez', 'ADIVINO by Myke Towers & Bad Bunny', 'BADGYAL by SAIKO', 'Thalía by Cyril Kamer', 'Guay by Ozuna & Bad Gyal', 'LUNA by Feid', 'LA RANGER (feat. Myke Towers) by The Academy: Segunda Misión & Justin Quiles & Lenny Tavárez', '1000COSAS by Lola Indigo & Manuel Turizo', 'Bailando Bachata by Chayanne', 'Japoni (Feat. Camin, Moncho Chavea, Jthyago & Samueliyo Baby) by Oscar el Ruso & Samuel G & Omar Montes', 'Trending Remix (with Myke Towers) by Dei V', 'TU$$I (with Dei V) by YOVNGCHIMI', 'Beautiful Things by Benson Boone', 'Lo Que Tiene by Morad & Beny Jr & Rvfv', 'Tengo Un Plan by Key-Key', 'Suano by NTG & Amenazzy', 'YO LO SOÑÉ by SAIKO', 'Mi Luz (ft. Rels B) by Rvfv', 'El Patio by Pepe y Vizio & Delaossa & KIDDO', 'GATITAS SANDUNGUERAS VOL.1 by Alvaro Diaz', 'FRIKI by Gonzy', 'APAGA EL CEL by FloyyMenor & Lewis Somes', 'Akureyri by Aitana & Sebastian Yatra', 'LA SEVILLANA - SEVILLANAS by Omar Montes', 'MODELITO by Mora', 'El Merengue by Marshmello', 'Santa by Rvssian', 'ESKELETO by SAIKO', 'Columbia by Quevedo', 'Diabólica by Cris Mj', 'La_Original.mp3 by Emilia', 'Gitana (feat. Bryartz) by Pablo Chill-E', 'COMUNA 3 by JC Reyes & The Rudeboyz', 'La Vida Sin Ti by Rels B', 'FARDOS by JC Reyes & De La Ghetto', 'Maquillaje by Renn & Yexel', ""X'CLUSIVO - REMIX by Gonzy & SAIKO & Arcángel"", 'Una Foto Remix (feat. Emilia) by Mesita & Nicki Nicole & Tiago PZK', 'BBY BOO - REMIX by iZaak & Jhayco & Anuel AA', 'DESATAAA by Ovy On The Drums & Myke Towers & Saiko', 'LA FALDA by Myke Towers', 'LUNCH by Billie Eilish', 'La Bachata by Manuel Turizo', 'Martini by Dei V', 'CRUSH by Sky Rompiendo & Dei V', 'offline by Young Miko', 'Casanova by Soolking & Lola Indigo & Rvfv', 'Gata Only by FloyyMenor & Cris Mj', 'El Conjuntito by El Bobe & Omar Montes'}",0,0,0.0,2025-05
2025-05-28,"{'Manos Rotas by DELLAFUENTE & Morad', 'SI SI SI SI (feat. Eladio Carrion, Bryant Myers, Dei V) by The Academy: Segunda Misión & Justin Quiles & Lenny Tavárez', 'ADIVINO by Myke Towers & Bad Bunny', 'BADGYAL by SAIKO', 'Thalía by Cyril Kamer', 'Guay by Ozuna & Bad Gyal', 'LUNA by Feid', 'LA RANGER (feat. Myke Towers) by The Academy: Segunda Misión & Justin Quiles & Lenny Tavárez', '1000COSAS by Lola Indigo & Manuel Turizo', 'Bailando Bachata by Chayanne', 'Japoni (Feat. Camin, Moncho Chavea, Jthyago & Samueliyo Baby) by Oscar el Ruso & Samuel G & Omar Montes', 'Trending Remix (with Myke Towers) by Dei V', 'TU$$I (with Dei V) by YOVNGCHIMI', 'Beautiful Things by Benson Boone', 'Lo Que Tiene by Morad & Beny Jr & Rvfv', 'Tengo Un Plan by Key-Key', 'Suano by NTG & Amenazzy', 'YO LO SOÑÉ by SAIKO', 'El Patio by Pepe y Vizio & Delaossa & KIDDO', 'GATITAS SANDUNGUERAS VOL.1 by Alvaro Diaz', 'FRIKI by Gonzy', 'APAGA EL CEL by FloyyMenor & Lewis Somes', 'Akureyri by Aitana & Sebastian Yatra', 'LA SEVILLANA - SEVILLANAS by Omar Montes', 'MODELITO by Mora', 'El Merengue by Marshmello', 'Santa by Rvssian', 'ESKELETO by SAIKO', 'Columbia by Quevedo', 'Diabólica by Cris Mj', 'La_Original.mp3 by Emilia', 'Gitana (feat. Bryartz) by Pablo Chill-E', 'COMUNA 3 by JC Reyes & The Rudeboyz', 'La Vida Sin Ti by Rels B', 'FARDOS by JC Reyes & De La Ghetto', 'Maquillaje by Renn & Yexel', ""X'CLUSIVO - REMIX by Gonzy & SAIKO & Arcángel"", 'Una Foto Remix (feat. Emilia) by Mesita & Nicki Nicole & Tiago PZK', 'BBY BOO - REMIX by iZaak & Jhayco & Anuel AA', 'DESATAAA by Ovy On The Drums & Myke Towers & Saiko', 'LA FALDA by Myke Towers', 'Gran Día by Mau y Ricky & Guaynaa', 'LUNCH by Billie Eilish', 'La Bachata by Manuel Turizo', 'Martini by Dei V', 'CRUSH by Sky Rompiendo & Dei V', 'offline by Young Miko', 'Casanova by Soolking & Lola Indigo & Rvfv', 'Gata Only by FloyyMenor & Cris Mj', 'El Conjuntito by El Bobe & Omar Montes'}",1,1,0.02,2025-05
2025-05-29,"{'Manos Rotas by DELLAFUENTE & Morad', 'SI SI SI SI (feat. Eladio Carrion, Bryant Myers, Dei V) by The Academy: Segunda Misión & Justin Quiles & Lenny Tavárez', 'ADIVINO by Myke Towers & Bad Bunny', 'BADGYAL by SAIKO', 'Thalía by Cyril Kamer', 'Guay by Ozuna & Bad Gyal', 'LUNA by Feid', 'LA RANGER (feat. Myke Towers) by The Academy: Segunda Misión & Justin Quiles & Lenny Tavárez', '1000COSAS by Lola Indigo & Manuel Turizo', 'Bailando Bachata by Chayanne', 'Trending Remix (with Myke Towers) by Dei V', 'TU$$I (with Dei V) by YOVNGCHIMI', 'Beautiful Things by Benson Boone', 'Lo Que Tiene by Morad & Beny Jr & Rvfv', 'Tengo Un Plan by Key-Key', 'Suano by NTG & Amenazzy', 'YO LO SOÑÉ by SAIKO', 'El Patio by Pepe y Vizio & Delaossa & KIDDO', 'GATITAS SANDUNGUERAS VOL.1 by Alvaro Diaz', 'FRIKI by Gonzy', 'APAGA EL CEL by FloyyMenor & Lewis Somes', 'Akureyri by Aitana & Sebastian Yatra', 'LA SEVILLANA - SEVILLANAS by Omar Montes', 'MODELITO by Mora', 'El Merengue by Marshmello', 'Santa by Rvssian', 'ESKELETO by SAIKO', 'Columbia by Quevedo', 'Diabólica by Cris Mj', 'La_Original.mp3 by Emilia', 'Gitana (feat. Bryartz) by Pablo Chill-E', 'COMUNA 3 by JC Reyes & The Rudeboyz', 'La Vida Sin Ti by Rels B', 'FARDOS by JC Reyes & De La Ghetto', 'Maquillaje by Renn & Yexel', ""X'CLUSIVO - REMIX by Gonzy & SAIKO & Arcángel"", 'Una Foto Remix (feat. Emilia) by Mesita & Nicki Nicole & Tiago PZK', 'BBY BOO - REMIX by iZaak & Jhayco & Anuel AA', 'DESATAAA by Ovy On The Drums & Myke Towers & Saiko', 'LA FALDA by Myke Towers', 'Potra Salvaje - Hard Remix by Isabel Aaiún & Fernando Moreno', 'Gran Día by Mau y Ricky & Guaynaa', 'LUNCH by Billie Eilish', 'La Bachata by Manuel Turizo', 'Martini by Dei V', 'CRUSH by Sky Rompiendo & Dei V', 'offline by Young Miko', 'Casanova by Soolking & Lola Indigo & Rvfv', 'Gata Only by FloyyMenor & Cris Mj', 'El Conjuntito by El Bobe & Omar Montes'}",1,1,0.02,2025-05
2025-05-30,"{'Manos Rotas by DELLAFUENTE & Morad', 'SI SI SI SI (feat. Eladio Carrion, Bryant Myers, Dei V) by The Academy: Segunda Misión & Justin Quiles & Lenny Tavárez', 'ADIVINO by Myke Towers & Bad Bunny', 'BADGYAL by SAIKO', 'Thalía by Cyril Kamer', 'Guay by Ozuna & Bad Gyal', 'LUNA by Feid', 'LA RANGER (feat. Myke Towers) by The Academy: Segunda Misión & Justin Quiles & Lenny Tavárez', '1000COSAS by Lola Indigo & Manuel Turizo', 'Bailando Bachata by Chayanne', 'Trending Remix (with Myke Towers) by Dei V', 'TU$$I (with Dei V) by YOVNGCHIMI', 'Beautiful Things by Benson Boone', 'Lo Que Tiene by Morad & Beny Jr & Rvfv', 'Tengo Un Plan by Key-Key', 'Suano by NTG & Amenazzy', 'YO LO SOÑÉ by SAIKO', 'a new star (2 0 2 4) by Rels B', 'El Patio by Pepe y Vizio & Delaossa & KIDDO', 'GATITAS SANDUNGUERAS VOL.1 by Alvaro Diaz', 'FRIKI by Gonzy', 'APAGA EL CEL by FloyyMenor & Lewis Somes', 'Akureyri by Aitana & Sebastian Yatra', 'LA SEVILLANA - SEVILLANAS by Omar Montes', 'MODELITO by Mora', 'El Merengue by Marshmello', 'Santa by Rvssian', 'ESKELETO by SAIKO', 'Columbia by Quevedo', 'Diabólica by Cris Mj', 'La_Original.mp3 by Emilia', 'Gitana (feat. Bryartz) by Pablo Chill-E', 'COMUNA 3 by JC Reyes & The Rudeboyz', 'La Vida Sin Ti by Rels B', 'FARDOS by JC Reyes & De La Ghetto', 'Maquillaje by Renn & Yexel', ""X'CLUSIVO - REMIX by Gonzy & SAIKO & Arcángel"", 'Una Foto Remix (feat. Emilia) by Mesita & Nicki Nicole & Tiago PZK', 'BBY BOO - REMIX by iZaak & Jhayco & Anuel AA', 'DESATAAA by Ovy On The Drums & Myke Towers & Saiko', 'LA FALDA by Myke Towers', 'Potra Salvaje - Hard Remix by Isabel Aaiún & Fernando Moreno', 'Gran Día by Mau y Ricky & Guaynaa', 'LUNCH by Billie Eilish', 'La Bachata by Manuel Turizo', 'Martini by Dei V', 'CRUSH by Sky Rompiendo & Dei V', 'offline by Young Miko', 'Gata Only by FloyyMenor & Cris Mj', 'El Conjuntito by El Bobe & Omar Montes'}",1,1,0.02,2025-05
2025-05-31,"{'Manos Rotas by DELLAFUENTE & Morad', 'PERRO NEGRO by Bad Bunny', 'SI SI SI SI (feat. Eladio Carrion, Bryant Myers, Dei V) by The Academy: Segunda Misión & Justin Quiles & Lenny Tavárez', 'ADIVINO by Myke Towers & Bad Bunny', 'BADGYAL by SAIKO', 'Thalía by Cyril Kamer', 'Guay by Ozuna & Bad Gyal', 'LUNA by Feid', 'LA RANGER (feat. Myke Towers) by The Academy: Segunda Misión & Justin Quiles & Lenny Tavárez', '1000COSAS by Lola Indigo & Manuel Turizo', 'Bailando Bachata by Chayanne', 'Trending Remix (with Myke Towers) by Dei V', 'TU$$I (with Dei V) by YOVNGCHIMI', 'Beautiful Things by Benson Boone', 'Lo Que Tiene by Morad & Beny Jr & Rvfv', 'Tengo Un Plan by Key-Key', 'Suano by NTG & Amenazzy', 'YO LO SOÑÉ by SAIKO', 'El Patio by Pepe y Vizio & Delaossa & KIDDO', 'GATITAS SANDUNGUERAS VOL.1 by Alvaro Diaz', 'FRIKI by Gonzy', 'APAGA EL CEL by FloyyMenor & Lewis Somes', 'LA SEVILLANA - SEVILLANAS by Omar Montes', 'MODELITO by Mora', 'El Merengue by Marshmello', 'Santa by Rvssian', 'ESKELETO by SAIKO', 'Columbia by Quevedo', 'Diabólica by Cris Mj', 'La_Original.mp3 by Emilia', 'Gitana (feat. Bryartz) by Pablo Chill-E', 'COMUNA 3 by JC Reyes & The Rudeboyz', 'La Vida Sin Ti by Rels B', 'FARDOS by JC Reyes & De La Ghetto', 'Maquillaje by Renn & Yexel', ""X'CLUSIVO - REMIX by Gonzy & SAIKO & Arcángel"", 'Una Foto Remix (feat. Emilia) by Mesita & Nicki Nicole & Tiago PZK', 'BBY BOO - REMIX by iZaak & Jhayco & Anuel AA', 'DESATAAA by Ovy On The Drums & Myke Towers & Saiko', 'LA FALDA by Myke Towers', 'Potra Salvaje - Hard Remix by Isabel Aaiún & Fernando Moreno', 'Gran Día by Mau y Ricky & Guaynaa', 'QLONA by KAROL G', 'Cupido by Engel Montaz & Kuv507 & Latinnites Music', 'La Bachata by Manuel Turizo', 'Martini by Dei V', 'CRUSH by Sky Rompiendo & Dei V', 'offline by Young Miko', 'Gata Only by FloyyMenor & Cris Mj', 'El Conjuntito by El Bobe & Omar Montes'}",3,3,0.06,2025-05
2025-06-01,"{'Manos Rotas by DELLAFUENTE & Morad', 'SI SI SI SI (feat. Eladio Carrion, Bryant Myers, Dei V) by The Academy: Segunda Misión & Justin Quiles & Lenny Tavárez', 'ADIVINO by Myke Towers & Bad Bunny', 'BADGYAL by SAIKO', 'Thalía by Cyril Kamer', 'Guay by Ozuna & Bad Gyal', 'LUNA by Feid', 'LA RANGER (feat. Myke Towers) by The Academy: Segunda Misión & Justin Quiles & Lenny Tavárez', '1000COSAS by Lola Indigo & Manuel Turizo', 'Bailando Bachata by Chayanne', 'Trending Remix (with Myke Towers) by Dei V', 'TU$$I (with Dei V) by YOVNGCHIMI', 'Beautiful Things by Benson Boone', 'Lo Que Tiene by Morad & Beny Jr & Rvfv', 'Tengo Un Plan by Key-Key', 'Suano by NTG & Amenazzy', 'YO LO SOÑÉ by SAIKO', 'Mi Luz (ft. Rels B) by Rvfv', 'El Patio by Pepe y Vizio & Delaossa & KIDDO', 'GATITAS SANDUNGUERAS VOL.1 by Alvaro Diaz', 'FRIKI by Gonzy', 'APAGA EL CEL by FloyyMenor & Lewis Somes', 'Akureyri by Aitana & Sebastian Yatra', 'LA SEVILLANA - SEVILLANAS by Omar Montes', 'MODELITO by Mora', 'El Merengue by Marshmello', 'Santa by Rvssian', 'ESKELETO by SAIKO', 'Columbia by Quevedo', 'Diabólica by Cris Mj', 'La_Original.mp3 by Emilia', 'Gitana (feat. Bryartz) by Pablo Chill-E', 'COMUNA 3 by JC Reyes & The Rudeboyz', 'La Vida Sin Ti by Rels B', 'FARDOS by JC Reyes & De La Ghetto', 'Maquillaje by Renn & Yexel', ""X'CLUSIVO - REMIX by Gonzy & SAIKO & Arcángel"", 'Una Foto Remix (feat. Emilia) by Mesita & Nicki Nicole & Tiago PZK', 'BBY BOO - REMIX by iZaak & Jhayco & Anuel AA', 'DESATAAA by Ovy On The Drums & Myke Towers & Saiko', 'LA FALDA by Myke Towers', 'Potra Salvaje - Hard Remix by Isabel Aaiún & Fernando Moreno', 'Gran Día by Mau y Ricky & Guaynaa', 'Cruel Summer by Taylor Swift', 'La Bachata by Manuel Turizo', 'Martini by Dei V', 'CRUSH by Sky Rompiendo & Dei V', 'offline by Young Miko', 'Gata Only by FloyyMenor & Cris Mj', 'El Conjuntito by El Bobe & Omar Montes'}",3,3,0.06,2025-06
2025-06-02,"{'Manos Rotas by DELLAFUENTE & Morad', 'SI SI SI SI (feat. Eladio Carrion, Bryant Myers, Dei V) by The Academy: Segunda Misión & Justin Quiles & Lenny Tavárez', 'ADIVINO by Myke Towers & Bad Bunny', 'BADGYAL by SAIKO', 'Thalía by Cyril Kamer', 'Guay by Ozuna & Bad Gyal', 'LUNA by Feid', 'LA RANGER (feat. Myke Towers) by The Academy: Segunda Misión & Justin Quiles & Lenny Tavárez', '1000COSAS by Lola Indigo & Manuel Turizo', 'Bailando Bachata by Chayanne', 'Trending Remix (with Myke Towers) by Dei V', '0 CONFIANZA by Rvfv', 'TU$$I (with Dei V) by YOVNGCHIMI', 'Beautiful Things by Benson Boone', 'Lo Que Tiene by Morad & Beny Jr & Rvfv', 'RUEDA by Rvfv', 'Tengo Un Plan by Key-Key', 'Suano by NTG & Amenazzy', 'YO LO SOÑÉ by SAIKO', 'Mi Luz (ft. Rels B) by Rvfv', 'El Patio by Pepe y Vizio & Delaossa & KIDDO', 'GATITAS SANDUNGUERAS VOL.1 by Alvaro Diaz', 'FRIKI by Gonzy', 'APAGA EL CEL by FloyyMenor & Lewis Somes', 'LA SEVILLANA - SEVILLANAS by Omar Montes', 'MODELITO by Mora', 'El Merengue by Marshmello', 'Santa by Rvssian', 'ESKELETO by SAIKO', 'Columbia by Quevedo', 'Diabólica by Cris Mj', 'La_Original.mp3 by Emilia', 'Gitana (feat. Bryartz) by Pablo Chill-E', 'COMUNA 3 by JC Reyes & The Rudeboyz', 'La Vida Sin Ti by Rels B', 'FARDOS by JC Reyes & De La Ghetto', 'Maquillaje by Renn & Yexel', ""X'CLUSIVO - REMIX by Gonzy & SAIKO & Arcángel"", 'Una Foto Remix (feat. Emilia) by Mesita & Nicki Nicole & Tiago PZK', 'BBY BOO - REMIX by iZaak & Jhayco & Anuel AA', 'DESATAAA by Ovy On The Drums & Myke Towers & Saiko', 'LA FALDA by Myke Towers', 'Potra Salvaje - Hard Remix by Isabel Aaiún & Fernando Moreno', 'La Bachata by Manuel Turizo', 'Hermosa Casualidad by Sen Senra & Aitana', 'CRUSH by Sky Rompiendo & Dei V', 'Martini by Dei V', 'EL PANTALON - RUMBAS by Omar Montes', 'Gata Only by FloyyMenor & Cris Mj', 'El Conjuntito by El Bobe & Omar Montes'}",4,4,0.08,2025-06
2025-06-03,"{'Manos Rotas by DELLAFUENTE & Morad', 'SI SI SI SI (feat. Eladio Carrion, Bryant Myers, Dei V) by The Academy: Segunda Misión & Justin Quiles & Lenny Tavárez', 'ADIVINO by Myke Towers & Bad Bunny', 'BADGYAL by SAIKO', 'Thalía by Cyril Kamer', 'Guay by Ozuna & Bad Gyal', 'LUNA by Feid', 'LA RANGER (feat. Myke Towers) by The Academy: Segunda Misión & Justin Quiles & Lenny Tavárez', '1000COSAS by Lola Indigo & Manuel Turizo', 'Japoni (Feat. Camin, Moncho Chavea, Jthyago & Samueliyo Baby) by Oscar el Ruso & Samuel G & Omar Montes', 'VAGABUNDO by Sebastian Yatra & Manuel Turizo & Beéle', 'Trending Remix (with Myke Towers) by Dei V', 'TU$$I (with Dei V) by YOVNGCHIMI', 'El Fin del Mundo by La La Love You', 'Beautiful Things by Benson Boone', 'Lo Que Tiene by Morad & Beny Jr & Rvfv', 'Tengo Un Plan by Key-Key', 'Suano by NTG & Amenazzy', 'YO LO SOÑÉ by SAIKO', 'El Patio by Pepe y Vizio & Delaossa & KIDDO', 'GATITAS SANDUNGUERAS VOL.1 by Alvaro Diaz', 'FRIKI by Gonzy', 'APAGA EL CEL by FloyyMenor & Lewis Somes', 'LA SEVILLANA - SEVILLANAS by Omar Montes', 'MODELITO by Mora', 'El Merengue by Marshmello', 'Santa by Rvssian', 'ESKELETO by SAIKO', 'Columbia by Quevedo', 'Diabólica by Cris Mj', 'Hala Madrid ...y nada más by Real Madrid', 'La_Original.mp3 by Emilia', 'Gitana (feat. Bryartz) by Pablo Chill-E', 'COMUNA 3 by JC Reyes & The Rudeboyz', 'La Vida Sin Ti by Rels B', 'FARDOS by JC Reyes & De La Ghetto', ""X'CLUSIVO - REMIX by Gonzy & SAIKO & Arcángel"", 'Una Foto Remix (feat. Emilia) by Mesita & Nicki Nicole & Tiago PZK', 'BBY BOO - REMIX by iZaak & Jhayco & Anuel AA', 'Hasta Olvidarte by Mau y Ricky', 'DESATAAA by Ovy On The Drums & Myke Towers & Saiko', 'LA FALDA by Myke Towers', 'Potra Salvaje - Hard Remix by Isabel Aaiún & Fernando Moreno', 'La Bachata by Manuel Turizo', 'Martini by Dei V', 'CRUSH by Sky Rompiendo & Dei V', 'offline by Young Miko', 'EL PANTALON - RUMBAS by Omar Montes', 'Gata Only by FloyyMenor & Cris Mj', 'El Conjuntito by El Bobe & Omar Montes'}",6,6,0.12,2025-06
2025-06-04,"{'Manos Rotas by DELLAFUENTE & Morad', 'SI SI SI SI (feat. Eladio Carrion, Bryant Myers, Dei V) by The Academy: Segunda Misión & Justin Quiles & Lenny Tavárez', 'ADIVINO by Myke Towers & Bad Bunny', 'BADGYAL by SAIKO', 'Thalía by Cyril Kamer', 'Guay by Ozuna & Bad Gyal', 'LUNA by Feid', 'LA RANGER (feat. Myke Towers) by The Academy: Segunda Misión & Justin Quiles & Lenny Tavárez', '1000COSAS by Lola Indigo & Manuel Turizo', 'Japoni (Feat. Camin, Moncho Chavea, Jthyago & Samueliyo Baby) by Oscar el Ruso & Samuel G & Omar Montes', 'VAGABUNDO by Sebastian Yatra & Manuel Turizo & Beéle', 'Trending Remix (with Myke Towers) by Dei V', 'TU$$I (with Dei V) by YOVNGCHIMI', 'El Fin del Mundo by La La Love You', 'Beautiful Things by Benson Boone', 'Lo Que Tiene by Morad & Beny Jr & Rvfv', 'Tengo Un Plan by Key-Key', 'Suano by NTG & Amenazzy', 'YO LO SOÑÉ by SAIKO', 'Mi Luz (ft. Rels B) by Rvfv', 'El Patio by Pepe y Vizio & Delaossa & KIDDO', 'GATITAS SANDUNGUERAS VOL.1 by Alvaro Diaz', 'FRIKI by Gonzy', 'APAGA EL CEL by FloyyMenor & Lewis Somes', 'LA SEVILLANA - SEVILLANAS by Omar Montes', 'MODELITO by Mora', 'El Merengue by Marshmello', 'Santa by Rvssian', 'ESKELETO by SAIKO', 'Columbia by Quevedo', 'Diabólica by Cris Mj', 'Gitana (feat. Bryartz) by Pablo Chill-E', 'COMUNA 3 by JC Reyes & The Rudeboyz', 'La Vida Sin Ti by Rels B', 'FARDOS by JC Reyes & De La Ghetto', ""X'CLUSIVO - REMIX by Gonzy & SAIKO & Arcángel"", 'Una Foto Remix (feat. Emilia) by Mesita & Nicki Nicole & Tiago PZK', 'BBY BOO - REMIX by iZaak & Jhayco & Anuel AA', 'Hasta Olvidarte by Mau y Ricky', 'DESATAAA by Ovy On The Drums & Myke Towers & Saiko', 'LA FALDA by Myke Towers', 'Potra Salvaje - Hard Remix by Isabel Aaiún & Fernando Moreno', 'Narcotics (with Bryant Myers) by Dei V & Bryant Myers', 'La Bachata by Manuel Turizo', 'Martini by Dei V', 'CRUSH by Sky Rompiendo & Dei V', 'offline by Young Miko', 'EL PANTALON - RUMBAS by Omar Montes', 'Gata Only by FloyyMenor & Cris Mj', 'El Conjuntito by El Bobe & Omar Montes'}",2,2,0.04,2025-06
2025-06-05,"{'Manos Rotas by DELLAFUENTE & Morad', 'SI SI SI SI (feat. Eladio Carrion, Bryant Myers, Dei V) by The Academy: Segunda Misión & Justin Quiles & Lenny Tavárez', 'ADIVINO by Myke Towers & Bad Bunny', 'BADGYAL by SAIKO', 'Guay by Ozuna & Bad Gyal', 'LUNA by Feid', 'LA RANGER (feat. Myke Towers) by The Academy: Segunda Misión & Justin Quiles & Lenny Tavárez', '1000COSAS by Lola Indigo & Manuel Turizo', 'Trending Remix (with Myke Towers) by Dei V', '0 CONFIANZA by Rvfv', 'TU$$I (with Dei V) by YOVNGCHIMI', 'El Fin del Mundo by La La Love You', 'Beautiful Things by Benson Boone', 'Lo Que Tiene by Morad & Beny Jr & Rvfv', 'RUEDA by Rvfv', 'Tengo Un Plan by Key-Key', 'Suano by NTG & Amenazzy', 'YO LO SOÑÉ by SAIKO', 'Mi Luz (ft. Rels B) by Rvfv', 'El Patio by Pepe y Vizio & Delaossa & KIDDO', 'GATITAS SANDUNGUERAS VOL.1 by Alvaro Diaz', 'FRIKI by Gonzy', 'APAGA EL CEL by FloyyMenor & Lewis Somes', 'LA SEVILLANA - SEVILLANAS by Omar Montes', 'MODELITO by Mora', 'El Merengue by Marshmello', 'Santa by Rvssian', 'ESKELETO by SAIKO', 'Columbia by Quevedo', 'Diabólica by Cris Mj', 'Gitana (feat. Bryartz) by Pablo Chill-E', 'COMUNA 3 by JC Reyes & The Rudeboyz', 'La Vida Sin Ti by Rels B', 'FARDOS by JC Reyes & De La Ghetto', ""X'CLUSIVO - REMIX by Gonzy & SAIKO & Arcángel"", 'Una Foto Remix (feat. Emilia) by Mesita & Nicki Nicole & Tiago PZK', 'BBY BOO - REMIX by iZaak & Jhayco & Anuel AA', 'Hasta Olvidarte by Mau y Ricky', 'DESATAAA by Ovy On The Drums & Myke Towers & Saiko', 'LA FALDA by Myke Towers', 'Potra Salvaje - Hard Remix by Isabel Aaiún & Fernando Moreno', 'Cupido by Engel Montaz & Kuv507 & Latinnites Music', 'La Bachata by Manuel Turizo', 'Hermosa Casualidad by Sen Senra & Aitana', 'CRUSH by Sky Rompiendo & Dei V', 'Martini by Dei V', 'offline by Young Miko', 'EL PANTALON - RUMBAS by Omar Montes', 'Gata Only by FloyyMenor & Cris Mj', 'El Conjuntito by El Bobe & Omar Montes'}",4,4,0.08,2025-06
2025-06-06,"{'Manos Rotas by DELLAFUENTE & Morad', 'SI SI SI SI (feat. Eladio Carrion, Bryant Myers, Dei V) by The Academy: Segunda Misión & Justin Quiles & Lenny Tavárez', 'ADIVINO by Myke Towers & Bad Bunny', 'BADGYAL by SAIKO', 'Guay by Ozuna & Bad Gyal', 'LUNA by Feid', 'LA RANGER (feat. Myke Towers) by The Academy: Segunda Misión & Justin Quiles & Lenny Tavárez', '1000COSAS by Lola Indigo & Manuel Turizo', 'Trending Remix (with Myke Towers) by Dei V', '0 CONFIANZA by Rvfv', 'TU$$I (with Dei V) by YOVNGCHIMI', 'El Fin del Mundo by La La Love You', 'Beautiful Things by Benson Boone', 'Lo Que Tiene by Morad & Beny Jr & Rvfv', 'RUEDA by Rvfv', 'Tengo Un Plan by Key-Key', 'Suano by NTG & Amenazzy', 'YO LO SOÑÉ by SAIKO', 'Mi Luz (ft. Rels B) by Rvfv', 'REAL GANGSTA LOVE by Trueno', 'El Patio by Pepe y Vizio & Delaossa & KIDDO', 'GATITAS SANDUNGUERAS VOL.1 by Alvaro Diaz', 'FRIKI by Gonzy', 'APAGA EL CEL by FloyyMenor & Lewis Somes', 'LA SEVILLANA - SEVILLANAS by Omar Montes', 'MODELITO by Mora', 'El Merengue by Marshmello', 'Santa by Rvssian', 'ESKELETO by SAIKO', 'Columbia by Quevedo', 'Diabólica by Cris Mj', 'Gitana (feat. Bryartz) by Pablo Chill-E', 'COMUNA 3 by JC Reyes & The Rudeboyz', 'La Vida Sin Ti by Rels B', 'FARDOS by JC Reyes & De La Ghetto', ""X'CLUSIVO - REMIX by Gonzy & SAIKO & Arcángel"", 'Una Foto Remix (feat. Emilia) by Mesita & Nicki Nicole & Tiago PZK', 'BBY BOO - REMIX by iZaak & Jhayco & Anuel AA', 'Hasta Olvidarte by Mau y Ricky', 'DESATAAA by Ovy On The Drums & Myke Towers & Saiko', 'LA FALDA by Myke Towers', 'Potra Salvaje - Hard Remix by Isabel Aaiún & Fernando Moreno', 'La Bachata by Manuel Turizo', 'Hermosa Casualidad by Sen Senra & Aitana', 'CRUSH by Sky Rompiendo & Dei V', 'Martini by Dei V', 'offline by Young Miko', 'EL PANTALON - RUMBAS by Omar Montes', 'Gata Only by FloyyMenor & Cris Mj', 'El Conjuntito by El Bobe & Omar Montes'}",1,1,0.02,2025-06
2025-06-07,"{'Manos Rotas by DELLAFUENTE & Morad', 'SI SI SI SI (feat. Eladio Carrion, Bryant Myers, Dei V) by The Academy: Segunda Misión & Justin Quiles & Lenny Tavárez', 'ADIVINO by Myke Towers & Bad Bunny', 'BADGYAL by SAIKO', 'Guay by Ozuna & Bad Gyal', 'LUNA by Feid', 'LA RANGER (feat. Myke Towers) by The Academy: Segunda Misión & Justin Quiles & Lenny Tavárez', '1000COSAS by Lola Indigo & Manuel Turizo', 'Trending Remix (with Myke Towers) by Dei V', '0 CONFIANZA by Rvfv', 'TU$$I (with Dei V) by YOVNGCHIMI', 'El Fin del Mundo by La La Love You', 'Beautiful Things by Benson Boone', 'Lo Que Tiene by Morad & Beny Jr & Rvfv', 'RUEDA by Rvfv', 'Tengo Un Plan by Key-Key', 'Suano by NTG & Amenazzy', 'YO LO SOÑÉ by SAIKO', 'Mi Luz (ft. Rels B) by Rvfv', 'REAL GANGSTA LOVE by Trueno', 'El Patio by Pepe y Vizio & Delaossa & KIDDO', 'GATITAS SANDUNGUERAS VOL.1 by Alvaro Diaz', 'FRIKI by Gonzy', 'APAGA EL CEL by FloyyMenor & Lewis Somes', 'LA SEVILLANA - SEVILLANAS by Omar Montes', 'MODELITO by Mora', 'El Merengue by Marshmello', 'Santa by Rvssian', 'ESKELETO by SAIKO', 'Columbia by Quevedo', 'Diabólica by Cris Mj', 'Gitana (feat. Bryartz) by Pablo Chill-E', 'COMUNA 3 by JC Reyes & The Rudeboyz', 'La Vida Sin Ti by Rels B', 'FARDOS by JC Reyes & De La Ghetto', ""X'CLUSIVO - REMIX by Gonzy & SAIKO & Arcángel"", 'Una Foto Remix (feat. Emilia) by Mesita & Nicki Nicole & Tiago PZK', 'BBY BOO - REMIX by iZaak & Jhayco & Anuel AA', 'Hasta Olvidarte by Mau y Ricky', 'DESATAAA by Ovy On The Drums & Myke Towers & Saiko', 'LA FALDA by Myke Towers', 'Potra Salvaje - Hard Remix by Isabel Aaiún & Fernando Moreno', 'La Bachata by Manuel Turizo', 'Hermosa Casualidad by Sen Senra & Aitana', 'CRUSH by Sky Rompiendo & Dei V', 'Martini by Dei V', 'offline by Young Miko', 'EL PANTALON - RUMBAS by Omar Montes', 'Gata Only by FloyyMenor & Cris Mj', 'El Conjuntito by El Bobe & Omar Montes'}",0,0,0.0,2025-06
2025-06-08,"{'Manos Rotas by DELLAFUENTE & Morad', 'SI SI SI SI (feat. Eladio Carrion, Bryant Myers, Dei V) by The Academy: Segunda Misión & Justin Quiles & Lenny Tavárez', 'ADIVINO by Myke Towers & Bad Bunny', 'BADGYAL by SAIKO', 'Guay by Ozuna & Bad Gyal', 'LUNA by Feid', 'LA RANGER (feat. Myke Towers) by The Academy: Segunda Misión & Justin Quiles & Lenny Tavárez', '1000COSAS by Lola Indigo & Manuel Turizo', 'Trending Remix (with Myke Towers) by Dei V', '0 CONFIANZA by Rvfv', 'TU$$I (with Dei V) by YOVNGCHIMI', 'El Fin del Mundo by La La Love You', 'Beautiful Things by Benson Boone', 'Lo Que Tiene by Morad & Beny Jr & Rvfv', 'RUEDA by Rvfv', 'Tengo Un Plan by Key-Key', 'Suano by NTG & Amenazzy', 'YO LO SOÑÉ by SAIKO', 'Mi Luz (ft. Rels B) by Rvfv', 'REAL GANGSTA LOVE by Trueno', 'El Patio by Pepe y Vizio & Delaossa & KIDDO', 'GATITAS SANDUNGUERAS VOL.1 by Alvaro Diaz', 'FRIKI by Gonzy', 'APAGA EL CEL by FloyyMenor & Lewis Somes', 'LA SEVILLANA - SEVILLANAS by Omar Montes', 'MODELITO by Mora', 'El Merengue by Marshmello', 'Santa by Rvssian', 'ESKELETO by SAIKO', 'Columbia by Quevedo', 'Diabólica by Cris Mj', 'Gitana (feat. Bryartz) by Pablo Chill-E', 'COMUNA 3 by JC Reyes & The Rudeboyz', 'La Vida Sin Ti by Rels B', 'FARDOS by JC Reyes & De La Ghetto', ""X'CLUSIVO - REMIX by Gonzy & SAIKO & Arcángel"", 'Una Foto Remix (feat. Emilia) by Mesita & Nicki Nicole & Tiago PZK', 'BBY BOO - REMIX by iZaak & Jhayco & Anuel AA', 'Hasta Olvidarte by Mau y Ricky', 'DESATAAA by Ovy On The Drums & Myke Towers & Saiko', 'LA FALDA by Myke Towers', 'Potra Salvaje - Hard Remix by Isabel Aaiún & Fernando Moreno', 'La Bachata by Manuel Turizo', 'Hermosa Casualidad by Sen Senra & Aitana', 'CRUSH by Sky Rompiendo & Dei V', 'Martini by Dei V', 'offline by Young Miko', 'EL PANTALON - RUMBAS by Omar Montes', 'Gata Only by FloyyMenor & Cris Mj', 'El Conjuntito by El Bobe & Omar Montes'}",0,0,0.0,2025-06
2025-06-09,"{'Manos Rotas by DELLAFUENTE & Morad', 'ADIVINO by Myke Towers & Bad Bunny', 'BADGYAL by SAIKO', 'Guay by Ozuna & Bad Gyal', 'LUNA by Feid', 'LA RANGER (feat. Myke Towers) by The Academy: Segunda Misión & Justin Quiles & Lenny Tavárez', '1000COSAS by Lola Indigo & Manuel Turizo', 'Espresso by Sabrina Carpenter', 'VAGABUNDO by Sebastian Yatra & Manuel Turizo & Beéle', 'Trending Remix (with Myke Towers) by Dei V', '0 CONFIANZA by Rvfv', 'TU$$I (with Dei V) by YOVNGCHIMI', 'El Fin del Mundo by La La Love You', 'Beautiful Things by Benson Boone', 'SORRY 4 THAT MUCH by Feid', 'Lo Que Tiene by Morad & Beny Jr & Rvfv', 'RUEDA by Rvfv', 'Tengo Un Plan by Key-Key', 'Suano by NTG & Amenazzy', 'YO LO SOÑÉ by SAIKO', 'Mi Luz (ft. Rels B) by Rvfv', 'REAL GANGSTA LOVE by Trueno', 'El Patio by Pepe y Vizio & Delaossa & KIDDO', 'GATITAS SANDUNGUERAS VOL.1 by Alvaro Diaz', 'FRIKI by Gonzy', 'APAGA EL CEL by FloyyMenor & Lewis Somes', 'LA SEVILLANA - SEVILLANAS by Omar Montes', 'MODELITO by Mora', 'El Merengue by Marshmello', 'Santa by Rvssian', 'Columbia by Quevedo', 'Diabólica by Cris Mj', 'Gitana (feat. Bryartz) by Pablo Chill-E', 'COMUNA 3 by JC Reyes & The Rudeboyz', 'La Vida Sin Ti by Rels B', 'FARDOS by JC Reyes & De La Ghetto', ""X'CLUSIVO - REMIX by Gonzy & SAIKO & Arcángel"", 'Una Foto Remix (feat. Emilia) by Mesita & Nicki Nicole & Tiago PZK', 'BBY BOO - REMIX by iZaak & Jhayco & Anuel AA', 'DESATAAA by Ovy On The Drums & Myke Towers & Saiko', 'LA FALDA by Myke Towers', 'Potra Salvaje - Hard Remix by Isabel Aaiún & Fernando Moreno', 'La Bachata by Manuel Turizo', 'Hermosa Casualidad by Sen Senra & Aitana', 'CRUSH by Sky Rompiendo & Dei V', 'Martini by Dei V', 'offline by Young Miko', 'EL PANTALON - RUMBAS by Omar Montes', 'Gata Only by FloyyMenor & Cris Mj', 'El Conjuntito by El Bobe & Omar Montes'}",3,3,0.06,2025-06
2025-06-10,"{'Manos Rotas by DELLAFUENTE & Morad', 'ADIVINO by Myke Towers & Bad Bunny', 'BADGYAL by SAIKO', 'Guay by Ozuna & Bad Gyal', 'LUNA by Feid', 'LA RANGER (feat. Myke Towers) by The Academy: Segunda Misión & Justin Quiles & Lenny Tavárez', '1000COSAS by Lola Indigo & Manuel Turizo', 'Espresso by Sabrina Carpenter', 'VAGABUNDO by Sebastian Yatra & Manuel Turizo & Beéle', 'Trending Remix (with Myke Towers) by Dei V', '0 CONFIANZA by Rvfv', 'TU$$I (with Dei V) by YOVNGCHIMI', 'El Fin del Mundo by La La Love You', 'Beautiful Things by Benson Boone', 'SORRY 4 THAT MUCH by Feid', 'Lo Que Tiene by Morad & Beny Jr & Rvfv', 'RUEDA by Rvfv', 'Tengo Un Plan by Key-Key', 'Suano by NTG & Amenazzy', 'YO LO SOÑÉ by SAIKO', 'Mi Luz (ft. Rels B) by Rvfv', 'REAL GANGSTA LOVE by Trueno', 'El Patio by Pepe y Vizio & Delaossa & KIDDO', 'GATITAS SANDUNGUERAS VOL.1 by Alvaro Diaz', 'FRIKI by Gonzy', 'APAGA EL CEL by FloyyMenor & Lewis Somes', 'LA SEVILLANA - SEVILLANAS by Omar Montes', 'MODELITO by Mora', 'El Merengue by Marshmello', 'Santa by Rvssian', 'Columbia by Quevedo', 'Diabólica by Cris Mj', 'Gitana (feat. Bryartz) by Pablo Chill-E', 'COMUNA 3 by JC Reyes & The Rudeboyz', 'La Vida Sin Ti by Rels B', 'FARDOS by JC Reyes & De La Ghetto', ""X'CLUSIVO - REMIX by Gonzy & SAIKO & Arcángel"", 'Una Foto Remix (feat. Emilia) by Mesita & Nicki Nicole & Tiago PZK', 'BBY BOO - REMIX by iZaak & Jhayco & Anuel AA', 'DESATAAA by Ovy On The Drums & Myke Towers & Saiko', 'LA FALDA by Myke Towers', 'Potra Salvaje - Hard Remix by Isabel Aaiún & Fernando Moreno', 'Narcotics (with Bryant Myers) by Dei V & Bryant Myers', 'La Bachata by Manuel Turizo', 'Martini by Dei V', 'CRUSH by Sky Rompiendo & Dei V', 'offline by Young Miko', 'EL PANTALON - RUMBAS by Omar Montes', 'Gata Only by FloyyMenor & Cris Mj', 'El Conjuntito by El Bobe & Omar Montes'}",1,1,0.02,2025-06
2025-06-11,"{'Manos Rotas by DELLAFUENTE & Morad', 'ADIVINO by Myke Towers & Bad Bunny', 'BADGYAL by SAIKO', 'Guay by Ozuna & Bad Gyal', 'LUNA by Feid', 'LA RANGER (feat. Myke Towers) by The Academy: Segunda Misión & Justin Quiles & Lenny Tavárez', '1000COSAS by Lola Indigo & Manuel Turizo', 'Espresso by Sabrina Carpenter', 'VAGABUNDO by Sebastian Yatra & Manuel Turizo & Beéle', 'Trending Remix (with Myke Towers) by Dei V', '0 CONFIANZA by Rvfv', 'TU$$I (with Dei V) by YOVNGCHIMI', 'El Fin del Mundo by La La Love You', 'Beautiful Things by Benson Boone', 'SORRY 4 THAT MUCH by Feid', 'Lo Que Tiene by Morad & Beny Jr & Rvfv', 'RUEDA by Rvfv', 'Tengo Un Plan by Key-Key', 'Suano by NTG & Amenazzy', 'YO LO SOÑÉ by SAIKO', 'Mi Luz (ft. Rels B) by Rvfv', 'REAL GANGSTA LOVE by Trueno', 'El Patio by Pepe y Vizio & Delaossa & KIDDO', 'GATITAS SANDUNGUERAS VOL.1 by Alvaro Diaz', 'FRIKI by Gonzy', 'APAGA EL CEL by FloyyMenor & Lewis Somes', 'LA SEVILLANA - SEVILLANAS by Omar Montes', 'MODELITO by Mora', 'El Merengue by Marshmello', 'Santa by Rvssian', 'Columbia by Quevedo', 'Diabólica by Cris Mj', 'Gitana (feat. Bryartz) by Pablo Chill-E', 'COMUNA 3 by JC Reyes & The Rudeboyz', 'La Vida Sin Ti by Rels B', 'FARDOS by JC Reyes & De La Ghetto', ""X'CLUSIVO - REMIX by Gonzy & SAIKO & Arcángel"", 'Una Foto Remix (feat. Emilia) by Mesita & Nicki Nicole & Tiago PZK', 'BBY BOO - REMIX by iZaak & Jhayco & Anuel AA', 'DESATAAA by Ovy On The Drums & Myke Towers & Saiko', 'LA FALDA by Myke Towers', 'Potra Salvaje - Hard Remix by Isabel Aaiún & Fernando Moreno', 'Narcotics (with Bryant Myers) by Dei V & Bryant Myers', 'La Bachata by Manuel Turizo', 'Martini by Dei V', 'CRUSH by Sky Rompiendo & Dei V', 'offline by Young Miko', 'EL PANTALON - RUMBAS by Omar Montes', 'Gata Only by FloyyMenor & Cris Mj', 'El Conjuntito by El Bobe & Omar Montes'}",0,0,0.0,2025-06
2025-06-12,"{'Manos Rotas by DELLAFUENTE & Morad', 'ADIVINO by Myke Towers & Bad Bunny', 'BADGYAL by SAIKO', 'Guay by Ozuna & Bad Gyal', 'LUNA by Feid', 'LA RANGER (feat. Myke Towers) by The Academy: Segunda Misión & Justin Quiles & Lenny Tavárez', '1000COSAS by Lola Indigo & Manuel Turizo', 'Espresso by Sabrina Carpenter', 'BIRDS OF A FEATHER by Billie Eilish', 'Trending Remix (with Myke Towers) by Dei V', 'VAGABUNDO by Sebastian Yatra & Manuel Turizo & Beéle', '0 CONFIANZA by Rvfv', 'TU$$I (with Dei V) by YOVNGCHIMI', 'El Fin del Mundo by La La Love You', 'Beautiful Things by Benson Boone', 'SORRY 4 THAT MUCH by Feid', 'Lo Que Tiene by Morad & Beny Jr & Rvfv', 'RUEDA by Rvfv', 'Suano by NTG & Amenazzy', 'YO LO SOÑÉ by SAIKO', 'Mi Luz (ft. Rels B) by Rvfv', 'REAL GANGSTA LOVE by Trueno', 'El Patio by Pepe y Vizio & Delaossa & KIDDO', 'GATITAS SANDUNGUERAS VOL.1 by Alvaro Diaz', 'FRIKI by Gonzy', 'APAGA EL CEL by FloyyMenor & Lewis Somes', 'LA SEVILLANA - SEVILLANAS by Omar Montes', 'MODELITO by Mora', 'El Merengue by Marshmello', 'Santa by Rvssian', 'Columbia by Quevedo', 'Diabólica by Cris Mj', 'Gitana (feat. Bryartz) by Pablo Chill-E', 'COMUNA 3 by JC Reyes & The Rudeboyz', 'La Vida Sin Ti by Rels B', 'Please Please Please by Sabrina Carpenter', 'FARDOS by JC Reyes & De La Ghetto', ""X'CLUSIVO - REMIX by Gonzy & SAIKO & Arcángel"", 'Una Foto Remix (feat. Emilia) by Mesita & Nicki Nicole & Tiago PZK', 'BBY BOO - REMIX by iZaak & Jhayco & Anuel AA', 'DESATAAA by Ovy On The Drums & Myke Towers & Saiko', 'LA FALDA by Myke Towers', 'Potra Salvaje - Hard Remix by Isabel Aaiún & Fernando Moreno', 'La Bachata by Manuel Turizo', 'Martini by Dei V', 'CRUSH by Sky Rompiendo & Dei V', 'offline by Young Miko', 'EL PANTALON - RUMBAS by Omar Montes', 'Gata Only by FloyyMenor & Cris Mj', 'El Conjuntito by El Bobe & Omar Montes'}",2,2,0.04,2025-06
2025-06-13,"{'Manos Rotas by DELLAFUENTE & Morad', 'ADIVINO by Myke Towers & Bad Bunny', 'BADGYAL by SAIKO', 'Guay by Ozuna & Bad Gyal', 'LUNA by Feid', 'LA RANGER (feat. Myke Towers) by The Academy: Segunda Misión & Justin Quiles & Lenny Tavárez', '1000COSAS by Lola Indigo & Manuel Turizo', 'Espresso by Sabrina Carpenter', 'BIRDS OF A FEATHER by Billie Eilish', 'Trending Remix (with Myke Towers) by Dei V', 'VAGABUNDO by Sebastian Yatra & Manuel Turizo & Beéle', '0 CONFIANZA by Rvfv', 'TU$$I (with Dei V) by YOVNGCHIMI', 'El Fin del Mundo by La La Love You', 'Beautiful Things by Benson Boone', 'SORRY 4 THAT MUCH by Feid', 'Lo Que Tiene by Morad & Beny Jr & Rvfv', 'RUEDA by Rvfv', 'Suano by NTG & Amenazzy', 'YO LO SOÑÉ by SAIKO', 'Mi Luz (ft. Rels B) by Rvfv', 'REAL GANGSTA LOVE by Trueno', 'El Patio by Pepe y Vizio & Delaossa & KIDDO', 'GATITAS SANDUNGUERAS VOL.1 by Alvaro Diaz', 'FRIKI by Gonzy', 'APAGA EL CEL by FloyyMenor & Lewis Somes', 'LA SEVILLANA - SEVILLANAS by Omar Montes', 'MODELITO by Mora', 'El Merengue by Marshmello', 'Santa by Rvssian', 'Columbia by Quevedo', 'Diabólica by Cris Mj', 'Gitana (feat. Bryartz) by Pablo Chill-E', 'COMUNA 3 by JC Reyes & The Rudeboyz', 'La Vida Sin Ti by Rels B', 'Please Please Please by Sabrina Carpenter', 'FARDOS by JC Reyes & De La Ghetto', ""X'CLUSIVO - REMIX by Gonzy & SAIKO & Arcángel"", 'Una Foto Remix (feat. Emilia) by Mesita & Nicki Nicole & Tiago PZK', 'BBY BOO - REMIX by iZaak & Jhayco & Anuel AA', 'DESATAAA by Ovy On The Drums & Myke Towers & Saiko', 'LA FALDA by Myke Towers', 'Potra Salvaje - Hard Remix by Isabel Aaiún & Fernando Moreno', 'La Bachata by Manuel Turizo', 'Martini by Dei V', 'CRUSH by Sky Rompiendo & Dei V', 'offline by Young Miko', 'EL PANTALON - RUMBAS by Omar Montes', 'Gata Only by FloyyMenor & Cris Mj', 'El Conjuntito by El Bobe & Omar Montes'}",0,0,0.0,2025-06
2025-06-14,"{'Manos Rotas by DELLAFUENTE & Morad', 'ADIVINO by Myke Towers & Bad Bunny', 'BADGYAL by SAIKO', 'Guay by Ozuna & Bad Gyal', 'LUNA by Feid', 'LA RANGER (feat. Myke Towers) by The Academy: Segunda Misión & Justin Quiles & Lenny Tavárez', '1000COSAS by Lola Indigo & Manuel Turizo', 'Japoni (Feat. Camin, Moncho Chavea, Jthyago & Samueliyo Baby) by Oscar el Ruso & Samuel G & Omar Montes', 'Espresso by Sabrina Carpenter', 'VAGABUNDO by Sebastian Yatra & Manuel Turizo & Beéle', 'Trending Remix (with Myke Towers) by Dei V', '0 CONFIANZA by Rvfv', 'TU$$I (with Dei V) by YOVNGCHIMI', 'El Fin del Mundo by La La Love You', 'Beautiful Things by Benson Boone', 'SORRY 4 THAT MUCH by Feid', 'Lo Que Tiene by Morad & Beny Jr & Rvfv', 'RUEDA by Rvfv', 'Suano by NTG & Amenazzy', 'YO LO SOÑÉ by SAIKO', 'Mi Luz (ft. Rels B) by Rvfv', 'REAL GANGSTA LOVE by Trueno', 'El Patio by Pepe y Vizio & Delaossa & KIDDO', 'GATITAS SANDUNGUERAS VOL.1 by Alvaro Diaz', 'FRIKI by Gonzy', 'APAGA EL CEL by FloyyMenor & Lewis Somes', 'LA SEVILLANA - SEVILLANAS by Omar Montes', 'MODELITO by Mora', 'El Merengue by Marshmello', 'Santa by Rvssian', 'Columbia by Quevedo', 'Diabólica by Cris Mj', 'Gitana (feat. Bryartz) by Pablo Chill-E', 'COMUNA 3 by JC Reyes & The Rudeboyz', 'La Vida Sin Ti by Rels B', 'Please Please Please by Sabrina Carpenter', 'FARDOS by JC Reyes & De La Ghetto', ""X'CLUSIVO - REMIX by Gonzy & SAIKO & Arcángel"", 'Una Foto Remix (feat. Emilia) by Mesita & Nicki Nicole & Tiago PZK', 'BBY BOO - REMIX by iZaak & Jhayco & Anuel AA', 'DESATAAA by Ovy On The Drums & Myke Towers & Saiko', 'LA FALDA by Myke Towers', 'Potra Salvaje - Hard Remix by Isabel Aaiún & Fernando Moreno', 'La Bachata by Manuel Turizo', 'Martini by Dei V', 'CRUSH by Sky Rompiendo & Dei V', 'offline by Young Miko', 'EL PANTALON - RUMBAS by Omar Montes', 'Gata Only by FloyyMenor & Cris Mj', 'El Conjuntito by El Bobe & Omar Montes'}",1,1,0.02,2025-06
2025-06-15,"{'Manos Rotas by DELLAFUENTE & Morad', 'ADIVINO by Myke Towers & Bad Bunny', 'BADGYAL by SAIKO', 'Guay by Ozuna & Bad Gyal', 'LUNA by Feid', 'LA RANGER (feat. Myke Towers) by The Academy: Segunda Misión & Justin Quiles & Lenny Tavárez', '1000COSAS by Lola Indigo & Manuel Turizo', 'Japoni (Feat. Camin, Moncho Chavea, Jthyago & Samueliyo Baby) by Oscar el Ruso & Samuel G & Omar Montes', 'Espresso by Sabrina Carpenter', 'VAGABUNDO by Sebastian Yatra & Manuel Turizo & Beéle', 'Trending Remix (with Myke Towers) by Dei V', '0 CONFIANZA by Rvfv', 'TU$$I (with Dei V) by YOVNGCHIMI', 'El Fin del Mundo by La La Love You', 'Beautiful Things by Benson Boone', 'SORRY 4 THAT MUCH by Feid', 'Lo Que Tiene by Morad & Beny Jr & Rvfv', 'RUEDA by Rvfv', 'Suano by NTG & Amenazzy', 'YO LO SOÑÉ by SAIKO', 'Mi Luz (ft. Rels B) by Rvfv', 'REAL GANGSTA LOVE by Trueno', 'El Patio by Pepe y Vizio & Delaossa & KIDDO', 'GATITAS SANDUNGUERAS VOL.1 by Alvaro Diaz', 'FRIKI by Gonzy', 'APAGA EL CEL by FloyyMenor & Lewis Somes', 'LA SEVILLANA - SEVILLANAS by Omar Montes', 'MODELITO by Mora', 'El Merengue by Marshmello', 'Santa by Rvssian', 'Columbia by Quevedo', 'Diabólica by Cris Mj', 'Gitana (feat. Bryartz) by Pablo Chill-E', 'COMUNA 3 by JC Reyes & The Rudeboyz', 'La Vida Sin Ti by Rels B', 'Please Please Please by Sabrina Carpenter', 'FARDOS by JC Reyes & De La Ghetto', ""X'CLUSIVO - REMIX by Gonzy & SAIKO & Arcángel"", 'Una Foto Remix (feat. Emilia) by Mesita & Nicki Nicole & Tiago PZK', 'BBY BOO - REMIX by iZaak & Jhayco & Anuel AA', 'DESATAAA by Ovy On The Drums & Myke Towers & Saiko', 'LA FALDA by Myke Towers', 'Potra Salvaje - Hard Remix by Isabel Aaiún & Fernando Moreno', 'La Bachata by Manuel Turizo', 'Martini by Dei V', 'CRUSH by Sky Rompiendo & Dei V', 'offline by Young Miko', 'EL PANTALON - RUMBAS by Omar Montes', 'Gata Only by FloyyMenor & Cris Mj', 'El Conjuntito by El Bobe & Omar Montes'}",0,0,0.0,2025-06
2025-06-16,"{'Manos Rotas by DELLAFUENTE & Morad', 'LA REINA by Lola Indigo', 'ADIVINO by Myke Towers & Bad Bunny', 'BADGYAL by SAIKO', 'Guay by Ozuna & Bad Gyal', 'LUNA by Feid', 'LA RANGER (feat. Myke Towers) by The Academy: Segunda Misión & Justin Quiles & Lenny Tavárez', '1000COSAS by Lola Indigo & Manuel Turizo', 'Trending Remix (with Myke Towers) by Dei V', '0 CONFIANZA by Rvfv', 'TU$$I (with Dei V) by YOVNGCHIMI', 'El Fin del Mundo by La La Love You', 'Fosforito by DELLAFUENTE', 'SORRY 4 THAT MUCH by Feid', 'Lo Que Tiene by Morad & Beny Jr & Rvfv', 'RUEDA by Rvfv', 'Suano by NTG & Amenazzy', 'YO LO SOÑÉ by SAIKO', 'Mi Luz (ft. Rels B) by Rvfv', 'REAL GANGSTA LOVE by Trueno', 'El Patio by Pepe y Vizio & Delaossa & KIDDO', 'GATITAS SANDUNGUERAS VOL.1 by Alvaro Diaz', 'FRIKI by Gonzy', 'APAGA EL CEL by FloyyMenor & Lewis Somes', 'Rapido (with Cris Mj) by Dei V', 'LA SEVILLANA - SEVILLANAS by Omar Montes', 'MODELITO by Mora', 'El Merengue by Marshmello', 'Santa by Rvssian', 'Columbia by Quevedo', 'Diabólica by Cris Mj', 'Ayer by DELLAFUENTE', 'Quién es Dei V? by Dei V', 'COMUNA 3 by JC Reyes & The Rudeboyz', 'La Vida Sin Ti by Rels B', 'Please Please Please by Sabrina Carpenter', 'FARDOS by JC Reyes & De La Ghetto', ""X'CLUSIVO - REMIX by Gonzy & SAIKO & Arcángel"", 'BBY BOO - REMIX by iZaak & Jhayco & Anuel AA', 'Malicia by DELLAFUENTE', 'DESATAAA by Ovy On The Drums & Myke Towers & Saiko', 'LA FALDA by Myke Towers', 'Potra Salvaje - Hard Remix by Isabel Aaiún & Fernando Moreno', 'La Bachata by Manuel Turizo', 'Romero Santo by DELLAFUENTE', 'Martini by Dei V', 'CRUSH by Sky Rompiendo & Dei V', 'EL PANTALON - RUMBAS by Omar Montes', 'Gata Only by FloyyMenor & Cris Mj', 'El Conjuntito by El Bobe & Omar Montes'}",7,7,0.14,2025-06
2025-06-17,"{'Manos Rotas by DELLAFUENTE & Morad', 'LA REINA by Lola Indigo', 'ADIVINO by Myke Towers & Bad Bunny', 'BADGYAL by SAIKO', 'Guay by Ozuna & Bad Gyal', 'LUNA by Feid', 'LA RANGER (feat. Myke Towers) by The Academy: Segunda Misión & Justin Quiles & Lenny Tavárez', '1000COSAS by Lola Indigo & Manuel Turizo', 'Japoni (Feat. Camin, Moncho Chavea, Jthyago & Samueliyo Baby) by Oscar el Ruso & Samuel G & Omar Montes', 'Espresso by Sabrina Carpenter', 'VAGABUNDO by Sebastian Yatra & Manuel Turizo & Beéle', 'Trending Remix (with Myke Towers) by Dei V', '0 CONFIANZA by Rvfv', 'TU$$I (with Dei V) by YOVNGCHIMI', 'El Fin del Mundo by La La Love You', 'Beautiful Things by Benson Boone', 'SORRY 4 THAT MUCH by Feid', 'Lo Que Tiene by Morad & Beny Jr & Rvfv', 'RUEDA by Rvfv', 'Suano by NTG & Amenazzy', 'YO LO SOÑÉ by SAIKO', 'Mi Luz (ft. Rels B) by Rvfv', 'REAL GANGSTA LOVE by Trueno', 'El Patio by Pepe y Vizio & Delaossa & KIDDO', 'GATITAS SANDUNGUERAS VOL.1 by Alvaro Diaz', 'FRIKI by Gonzy', 'APAGA EL CEL by FloyyMenor & Lewis Somes', 'LA SEVILLANA - SEVILLANAS by Omar Montes', 'MODELITO by Mora', 'El Merengue by Marshmello', 'Santa by Rvssian', 'Columbia by Quevedo', 'Diabólica by Cris Mj', 'Gitana (feat. Bryartz) by Pablo Chill-E', 'COMUNA 3 by JC Reyes & The Rudeboyz', 'La Vida Sin Ti by Rels B', 'Please Please Please by Sabrina Carpenter', 'FARDOS by JC Reyes & De La Ghetto', ""X'CLUSIVO - REMIX by Gonzy & SAIKO & Arcángel"", 'BBY BOO - REMIX by iZaak & Jhayco & Anuel AA', 'Malicia by DELLAFUENTE', 'DESATAAA by Ovy On The Drums & Myke Towers & Saiko', 'LA FALDA by Myke Towers', 'Potra Salvaje - Hard Remix by Isabel Aaiún & Fernando Moreno', 'La Bachata by Manuel Turizo', 'Martini by Dei V', 'CRUSH by Sky Rompiendo & Dei V', 'EL PANTALON - RUMBAS by Omar Montes', 'Gata Only by FloyyMenor & Cris Mj', 'El Conjuntito by El Bobe & Omar Montes'}",5,5,0.1,2025-06
2025-06-18,"{'Manos Rotas by DELLAFUENTE & Morad', 'LA REINA by Lola Indigo', 'ADIVINO by Myke Towers & Bad Bunny', 'BADGYAL by SAIKO', 'Guay by Ozuna & Bad Gyal', 'LUNA by Feid', 'LA RANGER (feat. Myke Towers) by The Academy: Segunda Misión & Justin Quiles & Lenny Tavárez', '1000COSAS by Lola Indigo & Manuel Turizo', 'Espresso by Sabrina Carpenter', 'Trending Remix (with Myke Towers) by Dei V', '0 CONFIANZA by Rvfv', 'TU$$I (with Dei V) by YOVNGCHIMI', 'El Fin del Mundo by La La Love You', 'Beautiful Things by Benson Boone', 'SORRY 4 THAT MUCH by Feid', 'Lo Que Tiene by Morad & Beny Jr & Rvfv', 'RUEDA by Rvfv', 'SI NO ES CONTIGO by Cris Mj', 'Suano by NTG & Amenazzy', 'YO LO SOÑÉ by SAIKO', 'Mi Luz (ft. Rels B) by Rvfv', 'REAL GANGSTA LOVE by Trueno', 'El Patio by Pepe y Vizio & Delaossa & KIDDO', 'GATITAS SANDUNGUERAS VOL.1 by Alvaro Diaz', 'FRIKI by Gonzy', 'APAGA EL CEL by FloyyMenor & Lewis Somes', 'Rapido (with Cris Mj) by Dei V', 'LA SEVILLANA - SEVILLANAS by Omar Montes', 'Santa by Rvssian', 'El Merengue by Marshmello', 'Columbia by Quevedo', 'Diabólica by Cris Mj', 'Ayer by DELLAFUENTE', 'COMUNA 3 by JC Reyes & The Rudeboyz', 'La Vida Sin Ti by Rels B', 'Please Please Please by Sabrina Carpenter', 'FARDOS by JC Reyes & De La Ghetto', ""X'CLUSIVO - REMIX by Gonzy & SAIKO & Arcángel"", 'BBY BOO - REMIX by iZaak & Jhayco & Anuel AA', 'Malicia by DELLAFUENTE', 'DESATAAA by Ovy On The Drums & Myke Towers & Saiko', 'LA FALDA by Myke Towers', 'Potra Salvaje - Hard Remix by Isabel Aaiún & Fernando Moreno', 'La Bachata by Manuel Turizo', 'Romero Santo by DELLAFUENTE', 'Martini by Dei V', 'CRUSH by Sky Rompiendo & Dei V', 'EL PANTALON - RUMBAS by Omar Montes', 'Gata Only by FloyyMenor & Cris Mj', 'El Conjuntito by El Bobe & Omar Montes'}",4,4,0.08,2025-06
2025-06-19,"{'Manos Rotas by DELLAFUENTE & Morad', 'LA REINA by Lola Indigo', 'ADIVINO by Myke Towers & Bad Bunny', 'BADGYAL by SAIKO', 'Guay by Ozuna & Bad Gyal', 'LUNA by Feid', 'LA RANGER (feat. Myke Towers) by The Academy: Segunda Misión & Justin Quiles & Lenny Tavárez', '1000COSAS by Lola Indigo & Manuel Turizo', 'Espresso by Sabrina Carpenter', 'Trending Remix (with Myke Towers) by Dei V', '0 CONFIANZA by Rvfv', 'TU$$I (with Dei V) by YOVNGCHIMI', 'El Fin del Mundo by La La Love You', 'Beautiful Things by Benson Boone', 'SORRY 4 THAT MUCH by Feid', 'Lo Que Tiene by Morad & Beny Jr & Rvfv', 'RUEDA by Rvfv', 'SI NO ES CONTIGO by Cris Mj', 'Suano by NTG & Amenazzy', 'YO LO SOÑÉ by SAIKO', 'Mi Luz (ft. Rels B) by Rvfv', 'REAL GANGSTA LOVE by Trueno', 'El Patio by Pepe y Vizio & Delaossa & KIDDO', 'GATITAS SANDUNGUERAS VOL.1 by Alvaro Diaz', 'FRIKI by Gonzy', 'APAGA EL CEL by FloyyMenor & Lewis Somes', 'Rapido (with Cris Mj) by Dei V', 'LA SEVILLANA - SEVILLANAS by Omar Montes', 'Santa by Rvssian', 'El Merengue by Marshmello', 'Columbia by Quevedo', 'Diabólica by Cris Mj', 'COMUNA 3 by JC Reyes & The Rudeboyz', 'La Vida Sin Ti by Rels B', 'Please Please Please by Sabrina Carpenter', 'FARDOS by JC Reyes & De La Ghetto', ""X'CLUSIVO - REMIX by Gonzy & SAIKO & Arcángel"", 'BBY BOO - REMIX by iZaak & Jhayco & Anuel AA', 'Malicia by DELLAFUENTE', 'DESATAAA by Ovy On The Drums & Myke Towers & Saiko', 'LA FALDA by Myke Towers', 'Potra Salvaje - Hard Remix by Isabel Aaiún & Fernando Moreno', 'WYA REMIX RED by J Abdiel & De La Rose & Yan Block', 'La Bachata by Manuel Turizo', 'Romero Santo by DELLAFUENTE', 'Martini by Dei V', 'CRUSH by Sky Rompiendo & Dei V', 'EL PANTALON - RUMBAS by Omar Montes', 'Gata Only by FloyyMenor & Cris Mj', 'El Conjuntito by El Bobe & Omar Montes'}",1,1,0.02,2025-06
2025-06-20,"{'Manos Rotas by DELLAFUENTE & Morad', 'LA REINA by Lola Indigo', 'ADIVINO by Myke Towers & Bad Bunny', 'BADGYAL by SAIKO', 'Guay by Ozuna & Bad Gyal', 'LUNA by Feid', 'LA RANGER (feat. Myke Towers) by The Academy: Segunda Misión & Justin Quiles & Lenny Tavárez', '1000COSAS by Lola Indigo & Manuel Turizo', 'Espresso by Sabrina Carpenter', 'Trending Remix (with Myke Towers) by Dei V', '0 CONFIANZA by Rvfv', 'TU$$I (with Dei V) by YOVNGCHIMI', 'El Fin del Mundo by La La Love You', 'Beautiful Things by Benson Boone', 'SORRY 4 THAT MUCH by Feid', 'Lo Que Tiene by Morad & Beny Jr & Rvfv', 'RUEDA by Rvfv', 'SI NO ES CONTIGO by Cris Mj', 'Suano by NTG & Amenazzy', 'YO LO SOÑÉ by SAIKO', 'Mi Luz (ft. Rels B) by Rvfv', 'REAL GANGSTA LOVE by Trueno', 'El Patio by Pepe y Vizio & Delaossa & KIDDO', 'GATITAS SANDUNGUERAS VOL.1 by Alvaro Diaz', 'FRIKI by Gonzy', 'APAGA EL CEL by FloyyMenor & Lewis Somes', 'Rapido (with Cris Mj) by Dei V', 'LA SEVILLANA - SEVILLANAS by Omar Montes', 'Santa by Rvssian', 'El Merengue by Marshmello', 'Columbia by Quevedo', 'Diabólica by Cris Mj', 'COMUNA 3 by JC Reyes & The Rudeboyz', 'La Vida Sin Ti by Rels B', 'Please Please Please by Sabrina Carpenter', 'FARDOS by JC Reyes & De La Ghetto', ""X'CLUSIVO - REMIX by Gonzy & SAIKO & Arcángel"", 'BBY BOO - REMIX by iZaak & Jhayco & Anuel AA', 'Malicia by DELLAFUENTE', 'DESATAAA by Ovy On The Drums & Myke Towers & Saiko', 'LA FALDA by Myke Towers', 'Potra Salvaje - Hard Remix by Isabel Aaiún & Fernando Moreno', 'WYA REMIX RED by J Abdiel & De La Rose & Yan Block', 'La Bachata by Manuel Turizo', 'Romero Santo by DELLAFUENTE', 'Martini by Dei V', 'CRUSH by Sky Rompiendo & Dei V', 'EL PANTALON - RUMBAS by Omar Montes', 'Gata Only by FloyyMenor & Cris Mj', 'El Conjuntito by El Bobe & Omar Montes'}",0,0,0.0,2025-06
2025-06-21,"{'Manos Rotas by DELLAFUENTE & Morad', 'LA REINA by Lola Indigo', 'ADIVINO by Myke Towers & Bad Bunny', 'BADGYAL by SAIKO', 'Guay by Ozuna & Bad Gyal', 'LUNA by Feid', 'LA RANGER (feat. Myke Towers) by The Academy: Segunda Misión & Justin Quiles & Lenny Tavárez', '1000COSAS by Lola Indigo & Manuel Turizo', 'Espresso by Sabrina Carpenter', 'Trending Remix (with Myke Towers) by Dei V', '0 CONFIANZA by Rvfv', 'TU$$I (with Dei V) by YOVNGCHIMI', 'Beautiful Things by Benson Boone', 'BANDIT by Don Toliver', 'SORRY 4 THAT MUCH by Feid', 'Lo Que Tiene by Morad & Beny Jr & Rvfv', 'RUEDA by Rvfv', 'SI NO ES CONTIGO by Cris Mj', 'Suano by NTG & Amenazzy', 'YO LO SOÑÉ by SAIKO', 'Mi Luz (ft. Rels B) by Rvfv', 'REAL GANGSTA LOVE by Trueno', 'ATTITUDE (FEAT. CHARLIE WILSON & CASH COBAIN) by Don Toliver', 'El Patio by Pepe y Vizio & Delaossa & KIDDO', 'GATITAS SANDUNGUERAS VOL.1 by Alvaro Diaz', 'FRIKI by Gonzy', 'APAGA EL CEL by FloyyMenor & Lewis Somes', 'Rapido (with Cris Mj) by Dei V', 'LA SEVILLANA - SEVILLANAS by Omar Montes', 'Santa by Rvssian', 'El Merengue by Marshmello', 'Columbia by Quevedo', 'Diabólica by Cris Mj', 'COMUNA 3 by JC Reyes & The Rudeboyz', 'La Vida Sin Ti by Rels B', 'FARDOS by JC Reyes & De La Ghetto', ""X'CLUSIVO - REMIX by Gonzy & SAIKO & Arcángel"", 'BBY BOO - REMIX by iZaak & Jhayco & Anuel AA', 'Malicia by DELLAFUENTE', 'DESATAAA by Ovy On The Drums & Myke Towers & Saiko', 'LA FALDA by Myke Towers', 'Potra Salvaje - Hard Remix by Isabel Aaiún & Fernando Moreno', 'WYA REMIX RED by J Abdiel & De La Rose & Yan Block', 'La Bachata by Manuel Turizo', 'Romero Santo by DELLAFUENTE', 'Martini by Dei V', 'CRUSH by Sky Rompiendo & Dei V', 'EL PANTALON - RUMBAS by Omar Montes', 'Gata Only by FloyyMenor & Cris Mj', 'El Conjuntito by El Bobe & Omar Montes'}",2,2,0.04,2025-06
2025-06-22,"{'Manos Rotas by DELLAFUENTE & Morad', 'LA REINA by Lola Indigo', 'ADIVINO by Myke Towers & Bad Bunny', 'BADGYAL by SAIKO', 'Guay by Ozuna & Bad Gyal', 'LUNA by Feid', 'LA RANGER (feat. Myke Towers) by The Academy: Segunda Misión & Justin Quiles & Lenny Tavárez', '1000COSAS by Lola Indigo & Manuel Turizo', 'Espresso by Sabrina Carpenter', 'VAGABUNDO by Sebastian Yatra & Manuel Turizo & Beéle', 'Trending Remix (with Myke Towers) by Dei V', '0 CONFIANZA by Rvfv', 'TU$$I (with Dei V) by YOVNGCHIMI', 'Beautiful Things by Benson Boone', 'SORRY 4 THAT MUCH by Feid', 'Lo Que Tiene by Morad & Beny Jr & Rvfv', 'RUEDA by Rvfv', 'SI NO ES CONTIGO by Cris Mj', 'Suano by NTG & Amenazzy', 'YO LO SOÑÉ by SAIKO', 'Mi Luz (ft. Rels B) by Rvfv', 'REAL GANGSTA LOVE by Trueno', 'El Patio by Pepe y Vizio & Delaossa & KIDDO', 'GATITAS SANDUNGUERAS VOL.1 by Alvaro Diaz', 'FRIKI by Gonzy', 'APAGA EL CEL by FloyyMenor & Lewis Somes', 'Rapido (with Cris Mj) by Dei V', 'LA SEVILLANA - SEVILLANAS by Omar Montes', 'Santa by Rvssian', 'El Merengue by Marshmello', 'Si Antes Te Hubiera Conocido by KAROL G', 'Columbia by Quevedo', 'Diabólica by Cris Mj', 'COMUNA 3 by JC Reyes & The Rudeboyz', 'La Vida Sin Ti by Rels B', 'FARDOS by JC Reyes & De La Ghetto', ""X'CLUSIVO - REMIX by Gonzy & SAIKO & Arcángel"", 'BBY BOO - REMIX by iZaak & Jhayco & Anuel AA', 'Es un Secreto by Plan B', 'DESATAAA by Ovy On The Drums & Myke Towers & Saiko', 'LA FALDA by Myke Towers', 'Potra Salvaje - Hard Remix by Isabel Aaiún & Fernando Moreno', 'QLONA by KAROL G', 'WYA REMIX RED by J Abdiel & De La Rose & Yan Block', 'La Bachata by Manuel Turizo', 'Martini by Dei V', 'CRUSH by Sky Rompiendo & Dei V', 'EL PANTALON - RUMBAS by Omar Montes', 'Gata Only by FloyyMenor & Cris Mj', 'El Conjuntito by El Bobe & Omar Montes'}",4,4,0.08,2025-06
2025-06-23,"{'Manos Rotas by DELLAFUENTE & Morad', 'LA REINA by Lola Indigo', 'ADIVINO by Myke Towers & Bad Bunny', 'BADGYAL by SAIKO', 'Guay by Ozuna & Bad Gyal', 'LUNA by Feid', 'LA RANGER (feat. Myke Towers) by The Academy: Segunda Misión & Justin Quiles & Lenny Tavárez', '1000COSAS by Lola Indigo & Manuel Turizo', 'Espresso by Sabrina Carpenter', 'VAGABUNDO by Sebastian Yatra & Manuel Turizo & Beéle', 'Trending Remix (with Myke Towers) by Dei V', '0 CONFIANZA by Rvfv', 'TU$$I (with Dei V) by YOVNGCHIMI', 'Beautiful Things by Benson Boone', 'SORRY 4 THAT MUCH by Feid', 'Lo Que Tiene by Morad & Beny Jr & Rvfv', 'RUEDA by Rvfv', 'SI NO ES CONTIGO by Cris Mj', 'Suano by NTG & Amenazzy', 'YO LO SOÑÉ by SAIKO', 'Mi Luz (ft. Rels B) by Rvfv', 'REAL GANGSTA LOVE by Trueno', 'El Patio by Pepe y Vizio & Delaossa & KIDDO', 'GATITAS SANDUNGUERAS VOL.1 by Alvaro Diaz', 'FRIKI by Gonzy', 'APAGA EL CEL by FloyyMenor & Lewis Somes', 'Rapido (with Cris Mj) by Dei V', 'LA SEVILLANA - SEVILLANAS by Omar Montes', 'Santa by Rvssian', 'El Merengue by Marshmello', 'Si Antes Te Hubiera Conocido by KAROL G', 'Columbia by Quevedo', 'Diabólica by Cris Mj', 'COMUNA 3 by JC Reyes & The Rudeboyz', 'La Vida Sin Ti by Rels B', 'FARDOS by JC Reyes & De La Ghetto', ""X'CLUSIVO - REMIX by Gonzy & SAIKO & Arcángel"", 'BBY BOO - REMIX by iZaak & Jhayco & Anuel AA', 'Es un Secreto by Plan B', 'DESATAAA by Ovy On The Drums & Myke Towers & Saiko', 'LA FALDA by Myke Towers', 'Potra Salvaje - Hard Remix by Isabel Aaiún & Fernando Moreno', 'QLONA by KAROL G', 'WYA REMIX RED by J Abdiel & De La Rose & Yan Block', 'La Bachata by Manuel Turizo', 'Martini by Dei V', 'CRUSH by Sky Rompiendo & Dei V', 'EL PANTALON - RUMBAS by Omar Montes', 'Gata Only by FloyyMenor & Cris Mj', 'El Conjuntito by El Bobe & Omar Montes'}",0,0,0.0,2025-06
2025-06-24,"{'Manos Rotas by DELLAFUENTE & Morad', 'LA REINA by Lola Indigo', 'ADIVINO by Myke Towers & Bad Bunny', 'BADGYAL by SAIKO', 'Guay by Ozuna & Bad Gyal', 'LUNA by Feid', 'LA RANGER (feat. Myke Towers) by The Academy: Segunda Misión & Justin Quiles & Lenny Tavárez', '1000COSAS by Lola Indigo & Manuel Turizo', 'Espresso by Sabrina Carpenter', 'VAGABUNDO by Sebastian Yatra & Manuel Turizo & Beéle', 'Trending Remix (with Myke Towers) by Dei V', 'TU$$I (with Dei V) by YOVNGCHIMI', 'El Fin del Mundo by La La Love You', 'SORRY 4 THAT MUCH by Feid', 'Lo Que Tiene by Morad & Beny Jr & Rvfv', 'RUEDA by Rvfv', 'SI NO ES CONTIGO by Cris Mj', 'Suano by NTG & Amenazzy', 'YO LO SOÑÉ by SAIKO', 'Mi Luz (ft. Rels B) by Rvfv', 'REAL GANGSTA LOVE by Trueno', 'El Patio by Pepe y Vizio & Delaossa & KIDDO', 'GATITAS SANDUNGUERAS VOL.1 by Alvaro Diaz', 'FRIKI by Gonzy', 'APAGA EL CEL by FloyyMenor & Lewis Somes', 'Rapido (with Cris Mj) by Dei V', 'LA SEVILLANA - SEVILLANAS by Omar Montes', 'Santa by Rvssian', 'El Merengue by Marshmello', 'Si Antes Te Hubiera Conocido by KAROL G', 'Columbia by Quevedo', 'Diabólica by Cris Mj', 'COMUNA 3 by JC Reyes & The Rudeboyz', 'La Vida Sin Ti by Rels B', 'FARDOS by JC Reyes & De La Ghetto', ""X'CLUSIVO - REMIX by Gonzy & SAIKO & Arcángel"", 'BBY BOO - REMIX by iZaak & Jhayco & Anuel AA', 'Es un Secreto by Plan B', 'DESATAAA by Ovy On The Drums & Myke Towers & Saiko', 'LA FALDA by Myke Towers', 'Potra Salvaje - Hard Remix by Isabel Aaiún & Fernando Moreno', 'QLONA by KAROL G', 'WYA REMIX RED by J Abdiel & De La Rose & Yan Block', 'La Bachata by Manuel Turizo', 'Martini by Dei V', 'CRUSH by Sky Rompiendo & Dei V', 'LA CAPI by Myke Towers', 'EL PANTALON - RUMBAS by Omar Montes', 'Gata Only by FloyyMenor & Cris Mj', 'El Conjuntito by El Bobe & Omar Montes'}",2,2,0.04,2025-06
2025-06-25,"{'Manos Rotas by DELLAFUENTE & Morad', 'LA REINA by Lola Indigo', 'ADIVINO by Myke Towers & Bad Bunny', 'BADGYAL by SAIKO', 'Guay by Ozuna & Bad Gyal', 'LUNA by Feid', 'LA RANGER (feat. Myke Towers) by The Academy: Segunda Misión & Justin Quiles & Lenny Tavárez', '1000COSAS by Lola Indigo & Manuel Turizo', 'Espresso by Sabrina Carpenter', 'VAGABUNDO by Sebastian Yatra & Manuel Turizo & Beéle', 'Trending Remix (with Myke Towers) by Dei V', 'TU$$I (with Dei V) by YOVNGCHIMI', 'El Fin del Mundo by La La Love You', 'SORRY 4 THAT MUCH by Feid', 'Lo Que Tiene by Morad & Beny Jr & Rvfv', 'RUEDA by Rvfv', 'SI NO ES CONTIGO by Cris Mj', 'Suano by NTG & Amenazzy', 'YO LO SOÑÉ by SAIKO', 'Mi Luz (ft. Rels B) by Rvfv', 'REAL GANGSTA LOVE by Trueno', 'El Patio by Pepe y Vizio & Delaossa & KIDDO', 'GATITAS SANDUNGUERAS VOL.1 by Alvaro Diaz', 'FRIKI by Gonzy', 'APAGA EL CEL by FloyyMenor & Lewis Somes', 'Rapido (with Cris Mj) by Dei V', 'LA SEVILLANA - SEVILLANAS by Omar Montes', 'Santa by Rvssian', 'El Merengue by Marshmello', 'Si Antes Te Hubiera Conocido by KAROL G', 'Columbia by Quevedo', 'Diabólica by Cris Mj', 'COMUNA 3 by JC Reyes & The Rudeboyz', 'La Vida Sin Ti by Rels B', 'FARDOS by JC Reyes & De La Ghetto', ""X'CLUSIVO - REMIX by Gonzy & SAIKO & Arcángel"", 'BBY BOO - REMIX by iZaak & Jhayco & Anuel AA', 'Es un Secreto by Plan B', 'DESATAAA by Ovy On The Drums & Myke Towers & Saiko', 'LA FALDA by Myke Towers', 'Potra Salvaje - Hard Remix by Isabel Aaiún & Fernando Moreno', 'QLONA by KAROL G', 'WYA REMIX RED by J Abdiel & De La Rose & Yan Block', 'La Bachata by Manuel Turizo', 'Martini by Dei V', 'CRUSH by Sky Rompiendo & Dei V', 'LA CAPI by Myke Towers', 'EL PANTALON - RUMBAS by Omar Montes', 'Gata Only by FloyyMenor & Cris Mj', 'El Conjuntito by El Bobe & Omar Montes'}",0,0,0.0,2025-06
2025-06-26,"{'Manos Rotas by DELLAFUENTE & Morad', 'LA REINA by Lola Indigo', 'ADIVINO by Myke Towers & Bad Bunny', 'BADGYAL by SAIKO', 'Guay by Ozuna & Bad Gyal', 'LUNA by Feid', 'LA RANGER (feat. Myke Towers) by The Academy: Segunda Misión & Justin Quiles & Lenny Tavárez', '1000COSAS by Lola Indigo & Manuel Turizo', 'Espresso by Sabrina Carpenter', 'VAGABUNDO by Sebastian Yatra & Manuel Turizo & Beéle', 'Trending Remix (with Myke Towers) by Dei V', 'TU$$I (with Dei V) by YOVNGCHIMI', 'El Fin del Mundo by La La Love You', 'SORRY 4 THAT MUCH by Feid', 'Lo Que Tiene by Morad & Beny Jr & Rvfv', 'RUEDA by Rvfv', 'SI NO ES CONTIGO by Cris Mj', 'Suano by NTG & Amenazzy', 'YO LO SOÑÉ by SAIKO', 'Mi Luz (ft. Rels B) by Rvfv', 'REAL GANGSTA LOVE by Trueno', 'El Patio by Pepe y Vizio & Delaossa & KIDDO', 'GATITAS SANDUNGUERAS VOL.1 by Alvaro Diaz', 'FRIKI by Gonzy', 'APAGA EL CEL by FloyyMenor & Lewis Somes', 'Rapido (with Cris Mj) by Dei V', 'LA SEVILLANA - SEVILLANAS by Omar Montes', 'Santa by Rvssian', 'El Merengue by Marshmello', 'Si Antes Te Hubiera Conocido by KAROL G', 'Columbia by Quevedo', 'Diabólica by Cris Mj', 'COMUNA 3 by JC Reyes & The Rudeboyz', 'La Vida Sin Ti by Rels B', 'FARDOS by JC Reyes & De La Ghetto', 'Amanece by Anuel AA & Haze', ""X'CLUSIVO - REMIX by Gonzy & SAIKO & Arcángel"", 'BBY BOO - REMIX by iZaak & Jhayco & Anuel AA', 'Es un Secreto by Plan B', 'DESATAAA by Ovy On The Drums & Myke Towers & Saiko', 'LA FALDA by Myke Towers', 'Potra Salvaje - Hard Remix by Isabel Aaiún & Fernando Moreno', 'WYA REMIX RED by J Abdiel & De La Rose & Yan Block', 'La Bachata by Manuel Turizo', 'Martini by Dei V', 'CRUSH by Sky Rompiendo & Dei V', 'LA CAPI by Myke Towers', 'EL PANTALON - RUMBAS by Omar Montes', 'Gata Only by FloyyMenor & Cris Mj', 'El Conjuntito by El Bobe & Omar Montes'}",1,1,0.02,2025-06
2025-06-27,"{'Manos Rotas by DELLAFUENTE & Morad', 'LA REINA by Lola Indigo', 'ADIVINO by Myke Towers & Bad Bunny', 'BADGYAL by SAIKO', 'Guay by Ozuna & Bad Gyal', 'LUNA by Feid', 'LA RANGER (feat. Myke Towers) by The Academy: Segunda Misión & Justin Quiles & Lenny Tavárez', '1000COSAS by Lola Indigo & Manuel Turizo', 'Espresso by Sabrina Carpenter', 'VAGABUNDO by Sebastian Yatra & Manuel Turizo & Beéle', 'Trending Remix (with Myke Towers) by Dei V', 'TU$$I (with Dei V) by YOVNGCHIMI', 'El Fin del Mundo by La La Love You', 'SORRY 4 THAT MUCH by Feid', 'Lo Que Tiene by Morad & Beny Jr & Rvfv', 'RUEDA by Rvfv', 'SI NO ES CONTIGO by Cris Mj', 'Suano by NTG & Amenazzy', 'YO LO SOÑÉ by SAIKO', 'Mi Luz (ft. Rels B) by Rvfv', 'REAL GANGSTA LOVE by Trueno', 'El Patio by Pepe y Vizio & Delaossa & KIDDO', 'GATITAS SANDUNGUERAS VOL.1 by Alvaro Diaz', 'FRIKI by Gonzy', 'APAGA EL CEL by FloyyMenor & Lewis Somes', 'Rapido (with Cris Mj) by Dei V', 'LA SEVILLANA - SEVILLANAS by Omar Montes', 'Santa by Rvssian', 'El Merengue by Marshmello', 'Si Antes Te Hubiera Conocido by KAROL G', 'Columbia by Quevedo', 'Diabólica by Cris Mj', 'COMUNA 3 by JC Reyes & The Rudeboyz', 'La Vida Sin Ti by Rels B', 'FARDOS by JC Reyes & De La Ghetto', 'Amanece by Anuel AA & Haze', ""X'CLUSIVO - REMIX by Gonzy & SAIKO & Arcángel"", 'BBY BOO - REMIX by iZaak & Jhayco & Anuel AA', 'Es un Secreto by Plan B', 'DESATAAA by Ovy On The Drums & Myke Towers & Saiko', 'LA FALDA by Myke Towers', 'Potra Salvaje - Hard Remix by Isabel Aaiún & Fernando Moreno', 'QLONA by KAROL G', 'La Bachata by Manuel Turizo', 'Martini by Dei V', 'CRUSH by Sky Rompiendo & Dei V', 'LA CAPI by Myke Towers', 'EL PANTALON - RUMBAS by Omar Montes', 'Gata Only by FloyyMenor & Cris Mj', 'El Conjuntito by El Bobe & Omar Montes'}",1,1,0.02,2025-06
2025-06-28,"{'Manos Rotas by DELLAFUENTE & Morad', 'LA REINA by Lola Indigo', 'ADIVINO by Myke Towers & Bad Bunny', 'BADGYAL by SAIKO', 'Guay by Ozuna & Bad Gyal', 'LUNA by Feid', 'LA RANGER (feat. Myke Towers) by The Academy: Segunda Misión & Justin Quiles & Lenny Tavárez', '1000COSAS by Lola Indigo & Manuel Turizo', 'Espresso by Sabrina Carpenter', 'VAGABUNDO by Sebastian Yatra & Manuel Turizo & Beéle', 'Trending Remix (with Myke Towers) by Dei V', 'Hay Lupita by Megan Koffe', 'TU$$I (with Dei V) by YOVNGCHIMI', 'El Fin del Mundo by La La Love You', 'SORRY 4 THAT MUCH by Feid', 'Lo Que Tiene by Morad & Beny Jr & Rvfv', 'RUEDA by Rvfv', 'SI NO ES CONTIGO by Cris Mj', 'Suano by NTG & Amenazzy', 'YO LO SOÑÉ by SAIKO', 'Mi Luz (ft. Rels B) by Rvfv', 'REAL GANGSTA LOVE by Trueno', 'El Patio by Pepe y Vizio & Delaossa & KIDDO', 'GATITAS SANDUNGUERAS VOL.1 by Alvaro Diaz', 'FRIKI by Gonzy', 'APAGA EL CEL by FloyyMenor & Lewis Somes', 'Rapido (with Cris Mj) by Dei V', 'LA SEVILLANA - SEVILLANAS by Omar Montes', 'Santa by Rvssian', 'El Merengue by Marshmello', 'Si Antes Te Hubiera Conocido by KAROL G', 'Columbia by Quevedo', 'Diabólica by Cris Mj', 'COMUNA 3 by JC Reyes & The Rudeboyz', 'La Vida Sin Ti by Rels B', 'FARDOS by JC Reyes & De La Ghetto', 'Amanece by Anuel AA & Haze', ""X'CLUSIVO - REMIX by Gonzy & SAIKO & Arcángel"", 'BBY BOO - REMIX by iZaak & Jhayco & Anuel AA', 'Es un Secreto by Plan B', 'DESATAAA by Ovy On The Drums & Myke Towers & Saiko', 'LA FALDA by Myke Towers', 'Potra Salvaje - Hard Remix by Isabel Aaiún & Fernando Moreno', 'La Bachata by Manuel Turizo', 'Martini by Dei V', 'CRUSH by Sky Rompiendo & Dei V', 'LA CAPI by Myke Towers', 'EL PANTALON - RUMBAS by Omar Montes', 'Gata Only by FloyyMenor & Cris Mj', 'El Conjuntito by El Bobe & Omar Montes'}",1,1,0.02,2025-06
2025-06-29,"{'Manos Rotas by DELLAFUENTE & Morad', 'LA REINA by Lola Indigo', 'ADIVINO by Myke Towers & Bad Bunny', 'BADGYAL by SAIKO', 'Guay by Ozuna & Bad Gyal', 'LUNA by Feid', 'LA RANGER (feat. Myke Towers) by The Academy: Segunda Misión & Justin Quiles & Lenny Tavárez', '1000COSAS by Lola Indigo & Manuel Turizo', 'Espresso by Sabrina Carpenter', 'VAGABUNDO by Sebastian Yatra & Manuel Turizo & Beéle', 'Trending Remix (with Myke Towers) by Dei V', 'Hay Lupita by Megan Koffe', 'TU$$I (with Dei V) by YOVNGCHIMI', 'El Fin del Mundo by La La Love You', 'SORRY 4 THAT MUCH by Feid', 'Lo Que Tiene by Morad & Beny Jr & Rvfv', 'RUEDA by Rvfv', 'SI NO ES CONTIGO by Cris Mj', 'Suano by NTG & Amenazzy', 'YO LO SOÑÉ by SAIKO', 'Mi Luz (ft. Rels B) by Rvfv', 'REAL GANGSTA LOVE by Trueno', 'El Patio by Pepe y Vizio & Delaossa & KIDDO', 'GATITAS SANDUNGUERAS VOL.1 by Alvaro Diaz', 'FRIKI by Gonzy', 'APAGA EL CEL by FloyyMenor & Lewis Somes', 'Rapido (with Cris Mj) by Dei V', 'LA SEVILLANA - SEVILLANAS by Omar Montes', 'Santa by Rvssian', 'El Merengue by Marshmello', 'Si Antes Te Hubiera Conocido by KAROL G', 'Columbia by Quevedo', 'Diabólica by Cris Mj', 'COMUNA 3 by JC Reyes & The Rudeboyz', 'La Vida Sin Ti by Rels B', 'FARDOS by JC Reyes & De La Ghetto', 'Amanece by Anuel AA & Haze', ""X'CLUSIVO - REMIX by Gonzy & SAIKO & Arcángel"", 'BBY BOO - REMIX by iZaak & Jhayco & Anuel AA', 'Es un Secreto by Plan B', 'DESATAAA by Ovy On The Drums & Myke Towers & Saiko', 'LA FALDA by Myke Towers', 'Potra Salvaje - Hard Remix by Isabel Aaiún & Fernando Moreno', 'La Bachata by Manuel Turizo', 'Martini by Dei V', 'CRUSH by Sky Rompiendo & Dei V', 'LA CAPI by Myke Towers', 'EL PANTALON - RUMBAS by Omar Montes', 'Gata Only by FloyyMenor & Cris Mj', 'El Conjuntito by El Bobe & Omar Montes'}",0,0,0.0,2025-06
2025-06-30,"{'LA REINA by Lola Indigo', 'ADIVINO by Myke Towers & Bad Bunny', 'BADGYAL by SAIKO', 'Guay by Ozuna & Bad Gyal', 'LUNA by Feid', 'LA RANGER (feat. Myke Towers) by The Academy: Segunda Misión & Justin Quiles & Lenny Tavárez', '1000COSAS by Lola Indigo & Manuel Turizo', 'Espresso by Sabrina Carpenter', 'VAGABUNDO by Sebastian Yatra & Manuel Turizo & Beéle', 'Trending Remix (with Myke Towers) by Dei V', 'Hay Lupita by Megan Koffe', 'TU$$I (with Dei V) by YOVNGCHIMI', 'El Fin del Mundo by La La Love You', 'SORRY 4 THAT MUCH by Feid', 'Lo Que Tiene by Morad & Beny Jr & Rvfv', 'RUEDA by Rvfv', 'SI NO ES CONTIGO by Cris Mj', 'Suano by NTG & Amenazzy', 'YO LO SOÑÉ by SAIKO', 'Goteras by Omar Montes & JC Reyes', 'Mi Luz (ft. Rels B) by Rvfv', 'REAL GANGSTA LOVE by Trueno', 'El Patio by Pepe y Vizio & Delaossa & KIDDO', 'GATITAS SANDUNGUERAS VOL.1 by Alvaro Diaz', 'FRIKI by Gonzy', 'APAGA EL CEL by FloyyMenor & Lewis Somes', 'Rapido (with Cris Mj) by Dei V', 'LA SEVILLANA - SEVILLANAS by Omar Montes', 'Santa by Rvssian', 'El Merengue by Marshmello', 'Si Antes Te Hubiera Conocido by KAROL G', 'Columbia by Quevedo', 'Diabólica by Cris Mj', 'Razones by Ozuna & Anuel AA & Mambo Kingz', 'COMUNA 3 by JC Reyes & The Rudeboyz', 'FARDOS by JC Reyes & De La Ghetto', 'Amanece by Anuel AA & Haze', ""X'CLUSIVO - REMIX by Gonzy & SAIKO & Arcángel"", 'BBY BOO - REMIX by iZaak & Jhayco & Anuel AA', 'Es un Secreto by Plan B', 'DESATAAA by Ovy On The Drums & Myke Towers & Saiko', 'LA FALDA by Myke Towers', 'Potra Salvaje - Hard Remix by Isabel Aaiún & Fernando Moreno', 'La Bachata by Manuel Turizo', 'Martini by Dei V', 'CRUSH by Sky Rompiendo & Dei V', 'LA CAPI by Myke Towers', 'EL PANTALON - RUMBAS by Omar Montes', 'Gata Only by FloyyMenor & Cris Mj', 'El Conjuntito by El Bobe & Omar Montes'}",2,2,0.04,2025-06
2025-07-01,"{'LA REINA by Lola Indigo', 'ADIVINO by Myke Towers & Bad Bunny', 'BADGYAL by SAIKO', 'Guay by Ozuna & Bad Gyal', 'LUNA by Feid', 'LA RANGER (feat. Myke Towers) by The Academy: Segunda Misión & Justin Quiles & Lenny Tavárez', '1000COSAS by Lola Indigo & Manuel Turizo', 'Espresso by Sabrina Carpenter', 'VAGABUNDO by Sebastian Yatra & Manuel Turizo & Beéle', 'Trending Remix (with Myke Towers) by Dei V', 'Hay Lupita by Megan Koffe', 'TU$$I (with Dei V) by YOVNGCHIMI', 'El Fin del Mundo by La La Love You', 'SORRY 4 THAT MUCH by Feid', 'Lo Que Tiene by Morad & Beny Jr & Rvfv', 'RUEDA by Rvfv', 'SI NO ES CONTIGO by Cris Mj', 'Suano by NTG & Amenazzy', 'YO LO SOÑÉ by SAIKO', 'Goteras by Omar Montes & JC Reyes', 'Mi Luz (ft. Rels B) by Rvfv', 'REAL GANGSTA LOVE by Trueno', 'El Patio by Pepe y Vizio & Delaossa & KIDDO', 'GATITAS SANDUNGUERAS VOL.1 by Alvaro Diaz', 'FRIKI by Gonzy', 'APAGA EL CEL by FloyyMenor & Lewis Somes', 'Rapido (with Cris Mj) by Dei V', 'LA SEVILLANA - SEVILLANAS by Omar Montes', 'Santa by Rvssian', 'El Merengue by Marshmello', 'Si Antes Te Hubiera Conocido by KAROL G', 'Columbia by Quevedo', 'Diabólica by Cris Mj', 'Razones by Ozuna & Anuel AA & Mambo Kingz', 'COMUNA 3 by JC Reyes & The Rudeboyz', 'FARDOS by JC Reyes & De La Ghetto', 'Amanece by Anuel AA & Haze', ""X'CLUSIVO - REMIX by Gonzy & SAIKO & Arcángel"", 'BBY BOO - REMIX by iZaak & Jhayco & Anuel AA', 'Es un Secreto by Plan B', 'DESATAAA by Ovy On The Drums & Myke Towers & Saiko', 'LA FALDA by Myke Towers', 'Potra Salvaje - Hard Remix by Isabel Aaiún & Fernando Moreno', 'La Bachata by Manuel Turizo', 'Martini by Dei V', 'CRUSH by Sky Rompiendo & Dei V', 'LA CAPI by Myke Towers', 'EL PANTALON - RUMBAS by Omar Montes', 'Gata Only by FloyyMenor & Cris Mj', 'El Conjuntito by El Bobe & Omar Montes'}",0,0,0.0,2025-07
2025-07-02,"{'Manos Rotas by DELLAFUENTE & Morad', 'LA REINA by Lola Indigo', 'ADIVINO by Myke Towers & Bad Bunny', 'BADGYAL by SAIKO', 'Guay by Ozuna & Bad Gyal', 'LUNA by Feid', 'LA RANGER (feat. Myke Towers) by The Academy: Segunda Misión & Justin Quiles & Lenny Tavárez', '1000COSAS by Lola Indigo & Manuel Turizo', 'Espresso by Sabrina Carpenter', 'VAGABUNDO by Sebastian Yatra & Manuel Turizo & Beéle', 'Trending Remix (with Myke Towers) by Dei V', 'Hay Lupita by Megan Koffe', 'TU$$I (with Dei V) by YOVNGCHIMI', 'SORRY 4 THAT MUCH by Feid', 'Lo Que Tiene by Morad & Beny Jr & Rvfv', 'RUEDA by Rvfv', 'SI NO ES CONTIGO by Cris Mj', 'Suano by NTG & Amenazzy', 'YO LO SOÑÉ by SAIKO', 'Goteras by Omar Montes & JC Reyes', 'Mi Luz (ft. Rels B) by Rvfv', 'REAL GANGSTA LOVE by Trueno', 'El Patio by Pepe y Vizio & Delaossa & KIDDO', 'GATITAS SANDUNGUERAS VOL.1 by Alvaro Diaz', 'FRIKI by Gonzy', 'APAGA EL CEL by FloyyMenor & Lewis Somes', 'Rapido (with Cris Mj) by Dei V', 'LA SEVILLANA - SEVILLANAS by Omar Montes', 'Santa by Rvssian', 'El Merengue by Marshmello', 'Si Antes Te Hubiera Conocido by KAROL G', 'Columbia by Quevedo', 'Diabólica by Cris Mj', 'Razones by Ozuna & Anuel AA & Mambo Kingz', 'COMUNA 3 by JC Reyes & The Rudeboyz', 'FARDOS by JC Reyes & De La Ghetto', 'Amanece by Anuel AA & Haze', ""X'CLUSIVO - REMIX by Gonzy & SAIKO & Arcángel"", 'BBY BOO - REMIX by iZaak & Jhayco & Anuel AA', 'Es un Secreto by Plan B', 'DESATAAA by Ovy On The Drums & Myke Towers & Saiko', 'LA FALDA by Myke Towers', 'Potra Salvaje - Hard Remix by Isabel Aaiún & Fernando Moreno', 'La Bachata by Manuel Turizo', 'Martini by Dei V', 'CRUSH by Sky Rompiendo & Dei V', 'LA CAPI by Myke Towers', 'EL PANTALON - RUMBAS by Omar Montes', 'Gata Only by FloyyMenor & Cris Mj', 'El Conjuntito by El Bobe & Omar Montes'}",1,1,0.02,2025-07
2025-07-03,"{'Manos Rotas by DELLAFUENTE & Morad', 'LA REINA by Lola Indigo', 'ADIVINO by Myke Towers & Bad Bunny', 'BADGYAL by SAIKO', 'Guay by Ozuna & Bad Gyal', 'LUNA by Feid', 'LA RANGER (feat. Myke Towers) by The Academy: Segunda Misión & Justin Quiles & Lenny Tavárez', '1000COSAS by Lola Indigo & Manuel Turizo', 'Espresso by Sabrina Carpenter', 'VAGABUNDO by Sebastian Yatra & Manuel Turizo & Beéle', 'Trending Remix (with Myke Towers) by Dei V', 'Hay Lupita by Megan Koffe', 'TU$$I (with Dei V) by YOVNGCHIMI', 'SORRY 4 THAT MUCH by Feid', 'Lo Que Tiene by Morad & Beny Jr & Rvfv', 'RUEDA by Rvfv', 'SI NO ES CONTIGO by Cris Mj', 'Suano by NTG & Amenazzy', 'YO LO SOÑÉ by SAIKO', 'Goteras by Omar Montes & JC Reyes', 'Mi Luz (ft. Rels B) by Rvfv', 'REAL GANGSTA LOVE by Trueno', 'El Patio by Pepe y Vizio & Delaossa & KIDDO', 'GATITAS SANDUNGUERAS VOL.1 by Alvaro Diaz', 'FRIKI by Gonzy', 'APAGA EL CEL by FloyyMenor & Lewis Somes', 'Rapido (with Cris Mj) by Dei V', 'LA SEVILLANA - SEVILLANAS by Omar Montes', 'Santa by Rvssian', 'El Merengue by Marshmello', 'Si Antes Te Hubiera Conocido by KAROL G', 'Columbia by Quevedo', 'Diabólica by Cris Mj', 'Razones by Ozuna & Anuel AA & Mambo Kingz', 'COMUNA 3 by JC Reyes & The Rudeboyz', 'FARDOS by JC Reyes & De La Ghetto', 'Amanece by Anuel AA & Haze', ""X'CLUSIVO - REMIX by Gonzy & SAIKO & Arcángel"", 'BBY BOO - REMIX by iZaak & Jhayco & Anuel AA', 'Es un Secreto by Plan B', 'DESATAAA by Ovy On The Drums & Myke Towers & Saiko', 'LA FALDA by Myke Towers', 'Potra Salvaje - Hard Remix by Isabel Aaiún & Fernando Moreno', 'La Bachata by Manuel Turizo', 'Martini by Dei V', 'CRUSH by Sky Rompiendo & Dei V', 'LA CAPI by Myke Towers', 'EL PANTALON - RUMBAS by Omar Montes', 'Gata Only by FloyyMenor & Cris Mj', 'El Conjuntito by El Bobe & Omar Montes'}",0,0,0.0,2025-07
2025-07-04,"{'Manos Rotas by DELLAFUENTE & Morad', 'LA REINA by Lola Indigo', 'ADIVINO by Myke Towers & Bad Bunny', 'BADGYAL by SAIKO', 'Ohnana by Kapo', 'Guay by Ozuna & Bad Gyal', 'LUNA by Feid', 'LA RANGER (feat. Myke Towers) by The Academy: Segunda Misión & Justin Quiles & Lenny Tavárez', 'PERROS&GATA$ by Nicki Nicole & SAIKO', '1000COSAS by Lola Indigo & Manuel Turizo', 'VAGABUNDO by Sebastian Yatra & Manuel Turizo & Beéle', 'Trending Remix (with Myke Towers) by Dei V', 'Hay Lupita by Megan Koffe', 'TU$$I (with Dei V) by YOVNGCHIMI', 'SORRY 4 THAT MUCH by Feid', 'Lo Que Tiene by Morad & Beny Jr & Rvfv', 'RUEDA by Rvfv', 'SI NO ES CONTIGO by Cris Mj', 'Suano by NTG & Amenazzy', 'YO LO SOÑÉ by SAIKO', 'Goteras by Omar Montes & JC Reyes', 'Mi Luz (ft. Rels B) by Rvfv', 'REAL GANGSTA LOVE by Trueno', 'El Patio by Pepe y Vizio & Delaossa & KIDDO', 'FRIKI by Gonzy', 'APAGA EL CEL by FloyyMenor & Lewis Somes', 'Rapido (with Cris Mj) by Dei V', 'Santa by Rvssian', 'El Merengue by Marshmello', 'Si Antes Te Hubiera Conocido by KAROL G', 'Columbia by Quevedo', 'Diabólica by Cris Mj', 'Razones by Ozuna & Anuel AA & Mambo Kingz', 'COMUNA 3 by JC Reyes & The Rudeboyz', 'FARDOS by JC Reyes & De La Ghetto', 'Amanece by Anuel AA & Haze', ""X'CLUSIVO - REMIX by Gonzy & SAIKO & Arcángel"", 'BBY BOO - REMIX by iZaak & Jhayco & Anuel AA', 'Es un Secreto by Plan B', 'DESATAAA by Ovy On The Drums & Myke Towers & Saiko', 'LA FALDA by Myke Towers', 'Potra Salvaje - Hard Remix by Isabel Aaiún & Fernando Moreno', 'WYA REMIX RED by J Abdiel & De La Rose & Yan Block', 'La Bachata by Manuel Turizo', 'Martini by Dei V', 'CRUSH by Sky Rompiendo & Dei V', 'LA CAPI by Myke Towers', 'EL PANTALON - RUMBAS by Omar Montes', 'Gata Only by FloyyMenor & Cris Mj', 'El Conjuntito by El Bobe & Omar Montes'}",3,3,0.06,2025-07
2025-07-05,"{'Manos Rotas by DELLAFUENTE & Morad', 'LA REINA by Lola Indigo', 'ADIVINO by Myke Towers & Bad Bunny', 'BADGYAL by SAIKO', 'Ohnana by Kapo', 'Guay by Ozuna & Bad Gyal', 'LUNA by Feid', 'LA RANGER (feat. Myke Towers) by The Academy: Segunda Misión & Justin Quiles & Lenny Tavárez', 'PERROS&GATA$ by Nicki Nicole & SAIKO', '1000COSAS by Lola Indigo & Manuel Turizo', 'Trending Remix (with Myke Towers) by Dei V', 'Hay Lupita by Megan Koffe', 'TU$$I (with Dei V) by YOVNGCHIMI', 'SORRY 4 THAT MUCH by Feid', 'Lo Que Tiene by Morad & Beny Jr & Rvfv', 'RUEDA by Rvfv', 'SI NO ES CONTIGO by Cris Mj', 'Suano by NTG & Amenazzy', 'YO LO SOÑÉ by SAIKO', 'Goteras by Omar Montes & JC Reyes', 'Mi Luz (ft. Rels B) by Rvfv', 'REAL GANGSTA LOVE by Trueno', 'El Patio by Pepe y Vizio & Delaossa & KIDDO', 'FRIKI by Gonzy', 'APAGA EL CEL by FloyyMenor & Lewis Somes', 'Rapido (with Cris Mj) by Dei V', 'Santa by Rvssian', 'El Merengue by Marshmello', 'Si Antes Te Hubiera Conocido by KAROL G', 'Columbia by Quevedo', 'Diabólica by Cris Mj', 'Razones by Ozuna & Anuel AA & Mambo Kingz', 'COMUNA 3 by JC Reyes & The Rudeboyz', 'FARDOS by JC Reyes & De La Ghetto', 'Amanece by Anuel AA & Haze', ""X'CLUSIVO - REMIX by Gonzy & SAIKO & Arcángel"", 'Cuando Te Vi | CROSSOVER #5 by Big One & Maria Becerra & Trueno', 'BBY BOO - REMIX by iZaak & Jhayco & Anuel AA', 'DESATAAA by Ovy On The Drums & Myke Towers & Saiko', 'LA FALDA by Myke Towers', 'Potra Salvaje - Hard Remix by Isabel Aaiún & Fernando Moreno', 'QLONA by KAROL G', 'WYA REMIX RED by J Abdiel & De La Rose & Yan Block', 'La Bachata by Manuel Turizo', 'Martini by Dei V', 'CRUSH by Sky Rompiendo & Dei V', 'LA CAPI by Myke Towers', 'EL PANTALON - RUMBAS by Omar Montes', 'Gata Only by FloyyMenor & Cris Mj', 'El Conjuntito by El Bobe & Omar Montes'}",2,2,0.04,2025-07
2025-07-06,"{'Manos Rotas by DELLAFUENTE & Morad', 'LA REINA by Lola Indigo', 'ADIVINO by Myke Towers & Bad Bunny', 'BADGYAL by SAIKO', 'Ohnana by Kapo', 'Guay by Ozuna & Bad Gyal', 'LUNA by Feid', 'LA RANGER (feat. Myke Towers) by The Academy: Segunda Misión & Justin Quiles & Lenny Tavárez', 'PERROS&GATA$ by Nicki Nicole & SAIKO', '1000COSAS by Lola Indigo & Manuel Turizo', 'VAGABUNDO by Sebastian Yatra & Manuel Turizo & Beéle', 'Trending Remix (with Myke Towers) by Dei V', 'Hay Lupita by Megan Koffe', 'TU$$I (with Dei V) by YOVNGCHIMI', 'SORRY 4 THAT MUCH by Feid', 'Lo Que Tiene by Morad & Beny Jr & Rvfv', 'RUEDA by Rvfv', 'SI NO ES CONTIGO by Cris Mj', 'Suano by NTG & Amenazzy', 'YO LO SOÑÉ by SAIKO', 'Goteras by Omar Montes & JC Reyes', 'Mi Luz (ft. Rels B) by Rvfv', 'REAL GANGSTA LOVE by Trueno', 'El Patio by Pepe y Vizio & Delaossa & KIDDO', 'FRIKI by Gonzy', 'APAGA EL CEL by FloyyMenor & Lewis Somes', 'Rapido (with Cris Mj) by Dei V', 'Santa by Rvssian', 'El Merengue by Marshmello', 'Si Antes Te Hubiera Conocido by KAROL G', 'Columbia by Quevedo', 'Diabólica by Cris Mj', 'COMUNA 3 by JC Reyes & The Rudeboyz', 'FARDOS by JC Reyes & De La Ghetto', 'Amanece by Anuel AA & Haze', ""X'CLUSIVO - REMIX by Gonzy & SAIKO & Arcángel"", 'Cuando Te Vi | CROSSOVER #5 by Big One & Maria Becerra & Trueno', 'BBY BOO - REMIX by iZaak & Jhayco & Anuel AA', 'DESATAAA by Ovy On The Drums & Myke Towers & Saiko', 'LA FALDA by Myke Towers', 'Potra Salvaje - Hard Remix by Isabel Aaiún & Fernando Moreno', 'QLONA by KAROL G', 'WYA REMIX RED by J Abdiel & De La Rose & Yan Block', 'La Bachata by Manuel Turizo', 'Martini by Dei V', 'CRUSH by Sky Rompiendo & Dei V', 'LA CAPI by Myke Towers', 'EL PANTALON - RUMBAS by Omar Montes', 'Gata Only by FloyyMenor & Cris Mj', 'El Conjuntito by El Bobe & Omar Montes'}",1,1,0.02,2025-07
2025-07-07,"{'Manos Rotas by DELLAFUENTE & Morad', 'LA REINA by Lola Indigo', 'ADIVINO by Myke Towers & Bad Bunny', 'BADGYAL by SAIKO', 'Ohnana by Kapo', 'Guay by Ozuna & Bad Gyal', 'LUNA by Feid', 'LA RANGER (feat. Myke Towers) by The Academy: Segunda Misión & Justin Quiles & Lenny Tavárez', 'PERROS&GATA$ by Nicki Nicole & SAIKO', '1000COSAS by Lola Indigo & Manuel Turizo', 'VAGABUNDO by Sebastian Yatra & Manuel Turizo & Beéle', 'Trending Remix (with Myke Towers) by Dei V', 'Hay Lupita by Megan Koffe', 'TU$$I (with Dei V) by YOVNGCHIMI', 'SORRY 4 THAT MUCH by Feid', 'Lo Que Tiene by Morad & Beny Jr & Rvfv', 'RUEDA by Rvfv', 'SI NO ES CONTIGO by Cris Mj', 'Suano by NTG & Amenazzy', 'YO LO SOÑÉ by SAIKO', 'Goteras by Omar Montes & JC Reyes', 'Mi Luz (ft. Rels B) by Rvfv', 'REAL GANGSTA LOVE by Trueno', 'El Patio by Pepe y Vizio & Delaossa & KIDDO', 'Potra Salvaje by Isabel Aaiún', 'FRIKI by Gonzy', 'APAGA EL CEL by FloyyMenor & Lewis Somes', 'Rapido (with Cris Mj) by Dei V', 'Santa by Rvssian', 'El Merengue by Marshmello', 'Si Antes Te Hubiera Conocido by KAROL G', 'Columbia by Quevedo', 'Diabólica by Cris Mj', 'COMUNA 3 by JC Reyes & The Rudeboyz', 'FARDOS by JC Reyes & De La Ghetto', '4TO 23 by Aitana', ""X'CLUSIVO - REMIX by Gonzy & SAIKO & Arcángel"", 'Cuando Te Vi | CROSSOVER #5 by Big One & Maria Becerra & Trueno', 'BBY BOO - REMIX by iZaak & Jhayco & Anuel AA', 'LA FALDA by Myke Towers', 'Potra Salvaje - Hard Remix by Isabel Aaiún & Fernando Moreno', 'QLONA by KAROL G', 'WYA REMIX RED by J Abdiel & De La Rose & Yan Block', 'La Bachata by Manuel Turizo', 'Martini by Dei V', 'CRUSH by Sky Rompiendo & Dei V', 'LA CAPI by Myke Towers', 'EL PANTALON - RUMBAS by Omar Montes', 'Gata Only by FloyyMenor & Cris Mj', 'El Conjuntito by El Bobe & Omar Montes'}",2,2,0.04,2025-07
2025-07-08,"{'Manos Rotas by DELLAFUENTE & Morad', 'LA REINA by Lola Indigo', 'ADIVINO by Myke Towers & Bad Bunny', 'BADGYAL by SAIKO', 'Ohnana by Kapo', 'Guay by Ozuna & Bad Gyal', 'LUNA by Feid', 'LA RANGER (feat. Myke Towers) by The Academy: Segunda Misión & Justin Quiles & Lenny Tavárez', '1000COSAS by Lola Indigo & Manuel Turizo', 'VAGABUNDO by Sebastian Yatra & Manuel Turizo & Beéle', 'Trending Remix (with Myke Towers) by Dei V', 'Hay Lupita by Megan Koffe', 'TU$$I (with Dei V) by YOVNGCHIMI', 'SORRY 4 THAT MUCH by Feid', 'Lo Que Tiene by Morad & Beny Jr & Rvfv', 'RUEDA by Rvfv', 'SI NO ES CONTIGO by Cris Mj', 'Suano by NTG & Amenazzy', 'YO LO SOÑÉ by SAIKO', 'Goteras by Omar Montes & JC Reyes', 'Mi Luz (ft. Rels B) by Rvfv', 'REAL GANGSTA LOVE by Trueno', 'El Patio by Pepe y Vizio & Delaossa & KIDDO', 'Potra Salvaje by Isabel Aaiún', 'FRIKI by Gonzy', 'APAGA EL CEL by FloyyMenor & Lewis Somes', 'Rapido (with Cris Mj) by Dei V', 'Santa by Rvssian', 'El Merengue by Marshmello', 'Si Antes Te Hubiera Conocido by KAROL G', 'Columbia by Quevedo', 'Diabólica by Cris Mj', 'COMUNA 3 by JC Reyes & The Rudeboyz', 'FARDOS by JC Reyes & De La Ghetto', '4TO 23 by Aitana', ""X'CLUSIVO - REMIX by Gonzy & SAIKO & Arcángel"", 'Cuando Te Vi | CROSSOVER #5 by Big One & Maria Becerra & Trueno', 'BBY BOO - REMIX by iZaak & Jhayco & Anuel AA', 'DESATAAA by Ovy On The Drums & Myke Towers & Saiko', 'LA FALDA by Myke Towers', 'Potra Salvaje - Hard Remix by Isabel Aaiún & Fernando Moreno', 'QLONA by KAROL G', 'WYA REMIX RED by J Abdiel & De La Rose & Yan Block', 'La Bachata by Manuel Turizo', 'Martini by Dei V', 'CRUSH by Sky Rompiendo & Dei V', 'LA CAPI by Myke Towers', 'EL PANTALON - RUMBAS by Omar Montes', 'Gata Only by FloyyMenor & Cris Mj', 'El Conjuntito by El Bobe & Omar Montes'}",1,1,0.02,2025-07
2025-07-09,"{'Manos Rotas by DELLAFUENTE & Morad', 'LA REINA by Lola Indigo', 'ADIVINO by Myke Towers & Bad Bunny', 'BADGYAL by SAIKO', 'Ohnana by Kapo', 'Guay by Ozuna & Bad Gyal', 'LUNA by Feid', 'LA RANGER (feat. Myke Towers) by The Academy: Segunda Misión & Justin Quiles & Lenny Tavárez', '1000COSAS by Lola Indigo & Manuel Turizo', 'VAGABUNDO by Sebastian Yatra & Manuel Turizo & Beéle', 'Trending Remix (with Myke Towers) by Dei V', 'Hay Lupita by Megan Koffe', 'TU$$I (with Dei V) by YOVNGCHIMI', 'SORRY 4 THAT MUCH by Feid', 'Lo Que Tiene by Morad & Beny Jr & Rvfv', 'RUEDA by Rvfv', 'SI NO ES CONTIGO by Cris Mj', 'Suano by NTG & Amenazzy', 'YO LO SOÑÉ by SAIKO', 'Goteras by Omar Montes & JC Reyes', 'Mi Luz (ft. Rels B) by Rvfv', 'REAL GANGSTA LOVE by Trueno', 'El Patio by Pepe y Vizio & Delaossa & KIDDO', 'Potra Salvaje by Isabel Aaiún', 'FRIKI by Gonzy', 'APAGA EL CEL by FloyyMenor & Lewis Somes', 'Rapido (with Cris Mj) by Dei V', 'Santa by Rvssian', 'El Merengue by Marshmello', 'Si Antes Te Hubiera Conocido by KAROL G', 'Columbia by Quevedo', 'Diabólica by Cris Mj', 'COMUNA 3 by JC Reyes & The Rudeboyz', 'FARDOS by JC Reyes & De La Ghetto', '4TO 23 by Aitana', ""X'CLUSIVO - REMIX by Gonzy & SAIKO & Arcángel"", 'Cuando Te Vi | CROSSOVER #5 by Big One & Maria Becerra & Trueno', 'BBY BOO - REMIX by iZaak & Jhayco & Anuel AA', 'DESATAAA by Ovy On The Drums & Myke Towers & Saiko', 'LA FALDA by Myke Towers', 'Potra Salvaje - Hard Remix by Isabel Aaiún & Fernando Moreno', 'QLONA by KAROL G', 'WYA REMIX RED by J Abdiel & De La Rose & Yan Block', 'La Bachata by Manuel Turizo', 'Martini by Dei V', 'CRUSH by Sky Rompiendo & Dei V', 'LA CAPI by Myke Towers', 'EL PANTALON - RUMBAS by Omar Montes', 'Gata Only by FloyyMenor & Cris Mj', 'El Conjuntito by El Bobe & Omar Montes'}",0,0,0.0,2025-07
2025-07-10,"{'Manos Rotas by DELLAFUENTE & Morad', 'LA REINA by Lola Indigo', 'ADIVINO by Myke Towers & Bad Bunny', 'BADGYAL by SAIKO', 'Ohnana by Kapo', 'Guay by Ozuna & Bad Gyal', 'LUNA by Feid', 'LA RANGER (feat. Myke Towers) by The Academy: Segunda Misión & Justin Quiles & Lenny Tavárez', '1000COSAS by Lola Indigo & Manuel Turizo', 'VAGABUNDO by Sebastian Yatra & Manuel Turizo & Beéle', 'Trending Remix (with Myke Towers) by Dei V', 'Hay Lupita by Megan Koffe', 'TU$$I (with Dei V) by YOVNGCHIMI', 'SORRY 4 THAT MUCH by Feid', 'Lo Que Tiene by Morad & Beny Jr & Rvfv', 'RUEDA by Rvfv', 'SI NO ES CONTIGO by Cris Mj', 'Suano by NTG & Amenazzy', 'YO LO SOÑÉ by SAIKO', 'Goteras by Omar Montes & JC Reyes', 'Mi Luz (ft. Rels B) by Rvfv', 'REAL GANGSTA LOVE by Trueno', 'El Patio by Pepe y Vizio & Delaossa & KIDDO', 'Potra Salvaje by Isabel Aaiún', 'FRIKI by Gonzy', 'APAGA EL CEL by FloyyMenor & Lewis Somes', 'Rapido (with Cris Mj) by Dei V', 'Santa by Rvssian', 'El Merengue by Marshmello', 'Si Antes Te Hubiera Conocido by KAROL G', 'Columbia by Quevedo', 'Diabólica by Cris Mj', 'COMUNA 3 by JC Reyes & The Rudeboyz', 'FARDOS by JC Reyes & De La Ghetto', '4TO 23 by Aitana', ""X'CLUSIVO - REMIX by Gonzy & SAIKO & Arcángel"", 'Cuando Te Vi | CROSSOVER #5 by Big One & Maria Becerra & Trueno', 'BBY BOO - REMIX by iZaak & Jhayco & Anuel AA', 'LA FALDA by Myke Towers', 'Potra Salvaje - Hard Remix by Isabel Aaiún & Fernando Moreno', 'QLONA by KAROL G', 'WYA REMIX RED by J Abdiel & De La Rose & Yan Block', 'La Bachata by Manuel Turizo', 'Martini by Dei V', 'CRUSH by Sky Rompiendo & Dei V', 'Maquillaje - Remix by Renn & Myke Towers & Nio Garcia', 'LA CAPI by Myke Towers', 'EL PANTALON - RUMBAS by Omar Montes', 'Gata Only by FloyyMenor & Cris Mj', 'El Conjuntito by El Bobe & Omar Montes'}",1,1,0.02,2025-07
2025-07-12,"{'Manos Rotas by DELLAFUENTE & Morad', 'LA REINA by Lola Indigo', 'ADIVINO by Myke Towers & Bad Bunny', 'BADGYAL by SAIKO', 'Ohnana by Kapo', 'Guay by Ozuna & Bad Gyal', 'HAY LUPITA by Lomiiel', 'LA RANGER (feat. Myke Towers) by The Academy: Segunda Misión & Justin Quiles & Lenny Tavárez', 'LUNA by Feid', '1000COSAS by Lola Indigo & Manuel Turizo', 'Trending Remix (with Myke Towers) by Dei V', 'TU$$I (with Dei V) by YOVNGCHIMI', 'SORRY 4 THAT MUCH by Feid', 'Lo Que Tiene by Morad & Beny Jr & Rvfv', 'RUEDA by Rvfv', 'SI NO ES CONTIGO by Cris Mj', 'Suano by NTG & Amenazzy', 'YO LO SOÑÉ by SAIKO', 'Goteras by Omar Montes & JC Reyes', 'REAL GANGSTA LOVE by Trueno', 'El Patio by Pepe y Vizio & Delaossa & KIDDO', 'Potra Salvaje by Isabel Aaiún', 'FRIKI by Gonzy', 'APAGA EL CEL by FloyyMenor & Lewis Somes', 'Rapido (with Cris Mj) by Dei V', 'Santa by Rvssian', 'El Merengue by Marshmello', 'Si Antes Te Hubiera Conocido by KAROL G', 'Columbia by Quevedo', 'AMARGURA by KAROL G', 'Diabólica by Cris Mj', 'COMUNA 3 by JC Reyes & The Rudeboyz', 'FARDOS by JC Reyes & De La Ghetto', '4TO 23 by Aitana', ""X'CLUSIVO - REMIX by Gonzy & SAIKO & Arcángel"", 'Cuando Te Vi | CROSSOVER #5 by Big One & Maria Becerra & Trueno', '2xLL by JC Reyes & YOVNGCHIMI & Slayter', 'BBY BOO - REMIX by iZaak & Jhayco & Anuel AA', 'LA FALDA by Myke Towers', 'Potra Salvaje - Hard Remix by Isabel Aaiún & Fernando Moreno', 'QLONA by KAROL G', 'WYA REMIX RED by J Abdiel & De La Rose & Yan Block', 'La Bachata by Manuel Turizo', 'Martini by Dei V', 'CRUSH by Sky Rompiendo & Dei V', 'Maquillaje - Remix by Renn & Myke Towers & Nio Garcia', 'LA CAPI by Myke Towers', 'EL PANTALON - RUMBAS by Omar Montes', 'Gata Only by FloyyMenor & Cris Mj', 'El Conjuntito by El Bobe & Omar Montes'}",3,3,0.06,2025-07
2025-07-13,"{'Manos Rotas by DELLAFUENTE & Morad', 'LA REINA by Lola Indigo', 'ADIVINO by Myke Towers & Bad Bunny', 'BADGYAL by SAIKO', 'Ohnana by Kapo', 'Guay by Ozuna & Bad Gyal', 'HAY LUPITA by Lomiiel', 'LA RANGER (feat. Myke Towers) by The Academy: Segunda Misión & Justin Quiles & Lenny Tavárez', 'LUNA by Feid', '1000COSAS by Lola Indigo & Manuel Turizo', 'Trending Remix (with Myke Towers) by Dei V', 'TU$$I (with Dei V) by YOVNGCHIMI', 'SORRY 4 THAT MUCH by Feid', 'Lo Que Tiene by Morad & Beny Jr & Rvfv', 'RUEDA by Rvfv', 'SI NO ES CONTIGO by Cris Mj', 'Suano by NTG & Amenazzy', 'YO LO SOÑÉ by SAIKO', 'Goteras by Omar Montes & JC Reyes', 'REAL GANGSTA LOVE by Trueno', 'El Patio by Pepe y Vizio & Delaossa & KIDDO', 'Potra Salvaje by Isabel Aaiún', 'FRIKI by Gonzy', 'APAGA EL CEL by FloyyMenor & Lewis Somes', 'Rapido (with Cris Mj) by Dei V', 'Santa by Rvssian', 'El Merengue by Marshmello', 'Si Antes Te Hubiera Conocido by KAROL G', 'Columbia by Quevedo', 'AMARGURA by KAROL G', 'Diabólica by Cris Mj', 'COMUNA 3 by JC Reyes & The Rudeboyz', 'FARDOS by JC Reyes & De La Ghetto', '4TO 23 by Aitana', ""X'CLUSIVO - REMIX by Gonzy & SAIKO & Arcángel"", 'Cuando Te Vi | CROSSOVER #5 by Big One & Maria Becerra & Trueno', '2xLL by JC Reyes & YOVNGCHIMI & Slayter', 'BBY BOO - REMIX by iZaak & Jhayco & Anuel AA', 'LA FALDA by Myke Towers', 'Potra Salvaje - Hard Remix by Isabel Aaiún & Fernando Moreno', 'QLONA by KAROL G', 'WYA REMIX RED by J Abdiel & De La Rose & Yan Block', 'La Bachata by Manuel Turizo', 'Martini by Dei V', 'CRUSH by Sky Rompiendo & Dei V', 'Maquillaje - Remix by Renn & Myke Towers & Nio Garcia', 'LA CAPI by Myke Towers', 'EL PANTALON - RUMBAS by Omar Montes', 'Gata Only by FloyyMenor & Cris Mj', 'El Conjuntito by El Bobe & Omar Montes'}",0,0,0.0,2025-07
2025-07-14,"{'LA REINA by Lola Indigo', 'ADIVINO by Myke Towers & Bad Bunny', 'BADGYAL by SAIKO', 'Ohnana by Kapo', 'Guay by Ozuna & Bad Gyal', 'HAY LUPITA by Lomiiel', 'LA RANGER (feat. Myke Towers) by The Academy: Segunda Misión & Justin Quiles & Lenny Tavárez', 'LUNA by Feid', '1000COSAS by Lola Indigo & Manuel Turizo', 'Trending Remix (with Myke Towers) by Dei V', 'TU$$I (with Dei V) by YOVNGCHIMI', 'SORRY 4 THAT MUCH by Feid', 'Lo Que Tiene by Morad & Beny Jr & Rvfv', 'RUEDA by Rvfv', 'SI NO ES CONTIGO by Cris Mj', 'Suano by NTG & Amenazzy', 'YO LO SOÑÉ by SAIKO', 'Goteras by Omar Montes & JC Reyes', 'REAL GANGSTA LOVE by Trueno', 'El Patio by Pepe y Vizio & Delaossa & KIDDO', 'Potra Salvaje by Isabel Aaiún', 'FRIKI by Gonzy', 'APAGA EL CEL by FloyyMenor & Lewis Somes', 'Rapido (with Cris Mj) by Dei V', 'Santa by Rvssian', 'El Merengue by Marshmello', 'Si Antes Te Hubiera Conocido by KAROL G', 'Columbia by Quevedo', 'Tu Silueta by Diegote', 'AMARGURA by KAROL G', 'Diabólica by Cris Mj', 'YOTULOKO by Omar Montes & Rels B', 'COMUNA 3 by JC Reyes & The Rudeboyz', 'FARDOS by JC Reyes & De La Ghetto', '4TO 23 by Aitana', ""X'CLUSIVO - REMIX by Gonzy & SAIKO & Arcángel"", 'Cuando Te Vi | CROSSOVER #5 by Big One & Maria Becerra & Trueno', 'BBY BOO - REMIX by iZaak & Jhayco & Anuel AA', 'LA FALDA by Myke Towers', 'Potra Salvaje - Hard Remix by Isabel Aaiún & Fernando Moreno', 'QLONA by KAROL G', 'WYA REMIX RED by J Abdiel & De La Rose & Yan Block', 'La Bachata by Manuel Turizo', 'Martini by Dei V', 'CRUSH by Sky Rompiendo & Dei V', 'Maquillaje - Remix by Renn & Myke Towers & Nio Garcia', 'LA CAPI by Myke Towers', 'EL PANTALON - RUMBAS by Omar Montes', 'Gata Only by FloyyMenor & Cris Mj', 'El Conjuntito by El Bobe & Omar Montes'}",2,2,0.04,2025-07
2025-07-15,"{'LA REINA by Lola Indigo', 'ADIVINO by Myke Towers & Bad Bunny', 'BADGYAL by SAIKO', 'Ohnana by Kapo', 'Guay by Ozuna & Bad Gyal', 'HAY LUPITA by Lomiiel', 'LA RANGER (feat. Myke Towers) by The Academy: Segunda Misión & Justin Quiles & Lenny Tavárez', 'LUNA by Feid', '1000COSAS by Lola Indigo & Manuel Turizo', 'Trending Remix (with Myke Towers) by Dei V', 'SORRY 4 THAT MUCH by Feid', 'Lo Que Tiene by Morad & Beny Jr & Rvfv', 'RUEDA by Rvfv', 'SI NO ES CONTIGO by Cris Mj', 'Suano by NTG & Amenazzy', 'YO LO SOÑÉ by SAIKO', 'Goteras by Omar Montes & JC Reyes', 'REAL GANGSTA LOVE by Trueno', 'El Patio by Pepe y Vizio & Delaossa & KIDDO', 'Potra Salvaje by Isabel Aaiún', 'FRIKI by Gonzy', 'APAGA EL CEL by FloyyMenor & Lewis Somes', 'Rapido (with Cris Mj) by Dei V', 'Santa by Rvssian', 'El Merengue by Marshmello', 'Si Antes Te Hubiera Conocido by KAROL G', 'Mirame by Blessd & Ovy On The Drums', 'Columbia by Quevedo', 'Tu Silueta by Diegote', 'AMARGURA by KAROL G', 'Diabólica by Cris Mj', 'YOTULOKO by Omar Montes & Rels B', 'COMUNA 3 by JC Reyes & The Rudeboyz', 'FARDOS by JC Reyes & De La Ghetto', '4TO 23 by Aitana', ""X'CLUSIVO - REMIX by Gonzy & SAIKO & Arcángel"", 'Cuando Te Vi | CROSSOVER #5 by Big One & Maria Becerra & Trueno', 'La roja baila - Himno oficial de la selección española by Sergio Ramos & Niña Pastori & RedOne', 'BBY BOO - REMIX by iZaak & Jhayco & Anuel AA', 'LA FALDA by Myke Towers', 'Potra Salvaje - Hard Remix by Isabel Aaiún & Fernando Moreno', 'QLONA by KAROL G', 'WYA REMIX RED by J Abdiel & De La Rose & Yan Block', 'La Bachata by Manuel Turizo', 'Martini by Dei V', 'CRUSH by Sky Rompiendo & Dei V', 'LA CAPI by Myke Towers', 'EL PANTALON - RUMBAS by Omar Montes', 'Gata Only by FloyyMenor & Cris Mj', 'El Conjuntito by El Bobe & Omar Montes'}",2,2,0.04,2025-07
2025-07-16,"{'LA REINA by Lola Indigo', 'ADIVINO by Myke Towers & Bad Bunny', 'BADGYAL by SAIKO', 'Ohnana by Kapo', 'Guay by Ozuna & Bad Gyal', 'HAY LUPITA by Lomiiel', 'LA RANGER (feat. Myke Towers) by The Academy: Segunda Misión & Justin Quiles & Lenny Tavárez', 'LUNA by Feid', '1000COSAS by Lola Indigo & Manuel Turizo', 'Trending Remix (with Myke Towers) by Dei V', 'SORRY 4 THAT MUCH by Feid', 'Lo Que Tiene by Morad & Beny Jr & Rvfv', 'RUEDA by Rvfv', 'SI NO ES CONTIGO by Cris Mj', 'Suano by NTG & Amenazzy', 'YO LO SOÑÉ by SAIKO', 'Goteras by Omar Montes & JC Reyes', 'REAL GANGSTA LOVE by Trueno', 'El Patio by Pepe y Vizio & Delaossa & KIDDO', 'Potra Salvaje by Isabel Aaiún', 'FRIKI by Gonzy', 'APAGA EL CEL by FloyyMenor & Lewis Somes', 'Rapido (with Cris Mj) by Dei V', 'Santa by Rvssian', 'El Merengue by Marshmello', 'Si Antes Te Hubiera Conocido by KAROL G', 'Mirame by Blessd & Ovy On The Drums', 'Columbia by Quevedo', 'Tu Silueta by Diegote', 'AMARGURA by KAROL G', 'Diabólica by Cris Mj', 'YOTULOKO by Omar Montes & Rels B', 'COMUNA 3 by JC Reyes & The Rudeboyz', 'FARDOS by JC Reyes & De La Ghetto', '4TO 23 by Aitana', ""X'CLUSIVO - REMIX by Gonzy & SAIKO & Arcángel"", 'Cuando Te Vi | CROSSOVER #5 by Big One & Maria Becerra & Trueno', 'La roja baila - Himno oficial de la selección española by Sergio Ramos & Niña Pastori & RedOne', 'BBY BOO - REMIX by iZaak & Jhayco & Anuel AA', 'LA FALDA by Myke Towers', 'Potra Salvaje - Hard Remix by Isabel Aaiún & Fernando Moreno', 'QLONA by KAROL G', 'WYA REMIX RED by J Abdiel & De La Rose & Yan Block', 'La Bachata by Manuel Turizo', 'Martini by Dei V', 'CRUSH by Sky Rompiendo & Dei V', 'LA CAPI by Myke Towers', 'EL PANTALON - RUMBAS by Omar Montes', 'Gata Only by FloyyMenor & Cris Mj', 'El Conjuntito by El Bobe & Omar Montes'}",0,0,0.0,2025-07
2025-07-17,"{'LA REINA by Lola Indigo', 'ADIVINO by Myke Towers & Bad Bunny', 'BADGYAL by SAIKO', 'Ohnana by Kapo', 'Guay by Ozuna & Bad Gyal', 'HAY LUPITA by Lomiiel', 'LUNA by Feid', '1000COSAS by Lola Indigo & Manuel Turizo', 'Trending Remix (with Myke Towers) by Dei V', 'TU$$I (with Dei V) by YOVNGCHIMI', 'SORRY 4 THAT MUCH by Feid', 'Lo Que Tiene by Morad & Beny Jr & Rvfv', 'RUEDA by Rvfv', 'SI NO ES CONTIGO by Cris Mj', 'Suano by NTG & Amenazzy', 'YO LO SOÑÉ by SAIKO', 'Goteras by Omar Montes & JC Reyes', 'REAL GANGSTA LOVE by Trueno', 'El Patio by Pepe y Vizio & Delaossa & KIDDO', 'Potra Salvaje by Isabel Aaiún', 'FRIKI by Gonzy', 'APAGA EL CEL by FloyyMenor & Lewis Somes', 'Rapido (with Cris Mj) by Dei V', 'Santa by Rvssian', 'El Merengue by Marshmello', 'Si Antes Te Hubiera Conocido by KAROL G', 'Mirame by Blessd & Ovy On The Drums', 'Columbia by Quevedo', 'Tu Silueta by Diegote', 'AMARGURA by KAROL G', 'Diabólica by Cris Mj', 'YOTULOKO by Omar Montes & Rels B', 'COMUNA 3 by JC Reyes & The Rudeboyz', 'FARDOS by JC Reyes & De La Ghetto', ""X'CLUSIVO - REMIX by Gonzy & SAIKO & Arcángel"", 'Cuando Te Vi | CROSSOVER #5 by Big One & Maria Becerra & Trueno', '2xLL by JC Reyes & YOVNGCHIMI & Slayter', 'BBY BOO - REMIX by iZaak & Jhayco & Anuel AA', 'LA FALDA by Myke Towers', 'Potra Salvaje - Hard Remix by Isabel Aaiún & Fernando Moreno', 'QLONA by KAROL G', 'WYA REMIX RED by J Abdiel & De La Rose & Yan Block', 'La Bachata by Manuel Turizo', 'Martini by Dei V', 'CRUSH by Sky Rompiendo & Dei V', 'LA CAPI by Myke Towers', 'EL PANTALON - RUMBAS by Omar Montes', 'Gata Only by FloyyMenor & Cris Mj', 'Whisky by Samuel G & Oscar el Ruso & Aissa', 'El Conjuntito by El Bobe & Omar Montes'}",3,3,0.06,2025-07
2025-07-18,"{'Manos Rotas by DELLAFUENTE & Morad', 'LA REINA by Lola Indigo', 'ADIVINO by Myke Towers & Bad Bunny', 'BADGYAL by SAIKO', 'Ohnana by Kapo', 'Guay by Ozuna & Bad Gyal', 'HAY LUPITA by Lomiiel', 'LUNA by Feid', 'Thalía - Remix by Cyril Kamer & Rvfv & Polimá Westcoast', '1000COSAS by Lola Indigo & Manuel Turizo', 'Trending Remix (with Myke Towers) by Dei V', 'TU$$I (with Dei V) by YOVNGCHIMI', 'Lo Que Tiene by Morad & Beny Jr & Rvfv', 'RUEDA by Rvfv', 'SI NO ES CONTIGO by Cris Mj', 'Suano by NTG & Amenazzy', 'YO LO SOÑÉ by SAIKO', 'Goteras by Omar Montes & JC Reyes', 'REAL GANGSTA LOVE by Trueno', 'El Patio by Pepe y Vizio & Delaossa & KIDDO', 'Potra Salvaje by Isabel Aaiún', 'FRIKI by Gonzy', 'APAGA EL CEL by FloyyMenor & Lewis Somes', 'Rapido (with Cris Mj) by Dei V', 'Santa by Rvssian', 'El Merengue by Marshmello', 'Si Antes Te Hubiera Conocido by KAROL G', 'Mirame by Blessd & Ovy On The Drums', 'Columbia by Quevedo', 'Tu Silueta by Diegote', 'AMARGURA by KAROL G', 'Diabólica by Cris Mj', 'YOTULOKO by Omar Montes & Rels B', 'COMUNA 3 by JC Reyes & The Rudeboyz', 'FARDOS by JC Reyes & De La Ghetto', ""X'CLUSIVO - REMIX by Gonzy & SAIKO & Arcángel"", 'Cuando Te Vi | CROSSOVER #5 by Big One & Maria Becerra & Trueno', '2xLL by JC Reyes & YOVNGCHIMI & Slayter', 'BBY BOO - REMIX by iZaak & Jhayco & Anuel AA', 'LA FALDA by Myke Towers', 'Potra Salvaje - Hard Remix by Isabel Aaiún & Fernando Moreno', 'QLONA by KAROL G', 'WYA REMIX RED by J Abdiel & De La Rose & Yan Block', 'La Bachata by Manuel Turizo', 'CRUSH by Sky Rompiendo & Dei V', 'LA CAPI by Myke Towers', 'EL PANTALON - RUMBAS by Omar Montes', 'Gata Only by FloyyMenor & Cris Mj', 'Whisky by Samuel G & Oscar el Ruso & Aissa', 'El Conjuntito by El Bobe & Omar Montes'}",2,2,0.04,2025-07
2025-07-19,"{'Manos Rotas by DELLAFUENTE & Morad', 'LA REINA by Lola Indigo', 'ADIVINO by Myke Towers & Bad Bunny', 'BADGYAL by SAIKO', 'Ohnana by Kapo', 'Guay by Ozuna & Bad Gyal', 'HAY LUPITA by Lomiiel', 'LUNA by Feid', 'Thalía - Remix by Cyril Kamer & Rvfv & Polimá Westcoast', '1000COSAS by Lola Indigo & Manuel Turizo', 'Trending Remix (with Myke Towers) by Dei V', 'TU$$I (with Dei V) by YOVNGCHIMI', 'Lo Que Tiene by Morad & Beny Jr & Rvfv', 'RUEDA by Rvfv', 'SI NO ES CONTIGO by Cris Mj', 'Suano by NTG & Amenazzy', 'YO LO SOÑÉ by SAIKO', 'Goteras by Omar Montes & JC Reyes', 'REAL GANGSTA LOVE by Trueno', 'El Patio by Pepe y Vizio & Delaossa & KIDDO', 'Potra Salvaje by Isabel Aaiún', 'FRIKI by Gonzy', 'APAGA EL CEL by FloyyMenor & Lewis Somes', 'Rapido (with Cris Mj) by Dei V', 'Santa by Rvssian', 'El Merengue by Marshmello', 'Si Antes Te Hubiera Conocido by KAROL G', 'Mirame by Blessd & Ovy On The Drums', 'Columbia by Quevedo', 'Tu Silueta by Diegote', 'AMARGURA by KAROL G', 'Diabólica by Cris Mj', 'YOTULOKO by Omar Montes & Rels B', 'COMUNA 3 by JC Reyes & The Rudeboyz', 'FARDOS by JC Reyes & De La Ghetto', ""X'CLUSIVO - REMIX by Gonzy & SAIKO & Arcángel"", 'Cuando Te Vi | CROSSOVER #5 by Big One & Maria Becerra & Trueno', '2xLL by JC Reyes & YOVNGCHIMI & Slayter', 'BBY BOO - REMIX by iZaak & Jhayco & Anuel AA', 'LA FALDA by Myke Towers', 'Potra Salvaje - Hard Remix by Isabel Aaiún & Fernando Moreno', 'QLONA by KAROL G', 'WYA REMIX RED by J Abdiel & De La Rose & Yan Block', 'La Bachata by Manuel Turizo', 'CRUSH by Sky Rompiendo & Dei V', 'LA CAPI by Myke Towers', 'EL PANTALON - RUMBAS by Omar Montes', 'Gata Only by FloyyMenor & Cris Mj', 'Whisky by Samuel G & Oscar el Ruso & Aissa', 'El Conjuntito by El Bobe & Omar Montes'}",0,0,0.0,2025-07
2025-07-20,"{'Manos Rotas by DELLAFUENTE & Morad', 'LA REINA by Lola Indigo', 'ADIVINO by Myke Towers & Bad Bunny', 'BADGYAL by SAIKO', 'Ohnana by Kapo', 'Guay by Ozuna & Bad Gyal', 'HAY LUPITA by Lomiiel', 'LUNA by Feid', 'Thalía - Remix by Cyril Kamer & Rvfv & Polimá Westcoast', '1000COSAS by Lola Indigo & Manuel Turizo', 'Trending Remix (with Myke Towers) by Dei V', 'TU$$I (with Dei V) by YOVNGCHIMI', 'Lo Que Tiene by Morad & Beny Jr & Rvfv', 'RUEDA by Rvfv', 'SI NO ES CONTIGO by Cris Mj', 'Suano by NTG & Amenazzy', 'YO LO SOÑÉ by SAIKO', 'Goteras by Omar Montes & JC Reyes', 'REAL GANGSTA LOVE by Trueno', 'El Patio by Pepe y Vizio & Delaossa & KIDDO', 'Potra Salvaje by Isabel Aaiún', 'FRIKI by Gonzy', 'APAGA EL CEL by FloyyMenor & Lewis Somes', 'Rapido (with Cris Mj) by Dei V', 'Santa by Rvssian', 'El Merengue by Marshmello', 'Si Antes Te Hubiera Conocido by KAROL G', 'Mirame by Blessd & Ovy On The Drums', 'Columbia by Quevedo', 'Tu Silueta by Diegote', 'AMARGURA by KAROL G', 'Diabólica by Cris Mj', 'YOTULOKO by Omar Montes & Rels B', 'COMUNA 3 by JC Reyes & The Rudeboyz', 'FARDOS by JC Reyes & De La Ghetto', ""X'CLUSIVO - REMIX by Gonzy & SAIKO & Arcángel"", 'Cuando Te Vi | CROSSOVER #5 by Big One & Maria Becerra & Trueno', '2xLL by JC Reyes & YOVNGCHIMI & Slayter', 'BBY BOO - REMIX by iZaak & Jhayco & Anuel AA', 'LA FALDA by Myke Towers', 'Potra Salvaje - Hard Remix by Isabel Aaiún & Fernando Moreno', 'QLONA by KAROL G', 'WYA REMIX RED by J Abdiel & De La Rose & Yan Block', 'La Bachata by Manuel Turizo', 'CRUSH by Sky Rompiendo & Dei V', 'LA CAPI by Myke Towers', 'EL PANTALON - RUMBAS by Omar Montes', 'Gata Only by FloyyMenor & Cris Mj', 'Whisky by Samuel G & Oscar el Ruso & Aissa', 'El Conjuntito by El Bobe & Omar Montes'}",0,0,0.0,2025-07
2025-07-21,"{'do it 4 th€ gram by Cruz Cafuné', 'LA REINA by Lola Indigo', 'ADIVINO by Myke Towers & Bad Bunny', 'BADGYAL by SAIKO', 'Ohnana by Kapo', 'HAY LUPITA by Lomiiel', 'LUNA by Feid', '1000COSAS by Lola Indigo & Manuel Turizo', 'TU$$I (with Dei V) by YOVNGCHIMI', 'Mis Tías by Juanjo Bona', 'rang€ rov€r by Cruz Cafuné', 'Lo Que Tiene by Morad & Beny Jr & Rvfv', 'RUEDA by Rvfv', 'SI NO ES CONTIGO by Cris Mj', 'Suano by NTG & Amenazzy', 'YO LO SOÑÉ by SAIKO', 'Goteras by Omar Montes & JC Reyes', 'REAL GANGSTA LOVE by Trueno', 'Potra Salvaje by Isabel Aaiún', 'FRIKI by Gonzy', 'APAGA EL CEL by FloyyMenor & Lewis Somes', 'Rapido (with Cris Mj) by Dei V', 'Santa by Rvssian', 'El Merengue by Marshmello', 'Si Antes Te Hubiera Conocido by KAROL G', 'Mirame by Blessd & Ovy On The Drums', 'Columbia by Quevedo', 'la raíz d€l mal by Cruz Cafuné', 'Tu Silueta by Diegote', 'AMARGURA by KAROL G', 'Diabólica by Cris Mj', 'm€ntiras by Cruz Cafuné', 'YOTULOKO by Omar Montes & Rels B', 'COMUNA 3 by JC Reyes & The Rudeboyz', 'FARDOS by JC Reyes & De La Ghetto', ""X'CLUSIVO - REMIX by Gonzy & SAIKO & Arcángel"", 'Cuando Te Vi | CROSSOVER #5 by Big One & Maria Becerra & Trueno', '2xLL by JC Reyes & YOVNGCHIMI & Slayter', 'BBY BOO - REMIX by iZaak & Jhayco & Anuel AA', 'LA FALDA by Myke Towers', 'Potra Salvaje - Hard Remix by Isabel Aaiún & Fernando Moreno', 'QLONA by KAROL G', 'WYA REMIX RED by J Abdiel & De La Rose & Yan Block', 'La Bachata by Manuel Turizo', 'CRUSH by Sky Rompiendo & Dei V', 'LA CAPI by Myke Towers', 'EL PANTALON - RUMBAS by Omar Montes', 'Gata Only by FloyyMenor & Cris Mj', 'Whisky by Samuel G & Oscar el Ruso & Aissa', 'El Conjuntito by El Bobe & Omar Montes'}",5,5,0.1,2025-07
2025-07-22,"{'LA REINA by Lola Indigo', 'ADIVINO by Myke Towers & Bad Bunny', 'BADGYAL by SAIKO', 'Ohnana by Kapo', 'HAY LUPITA by Lomiiel', 'LUNA by Feid', 'Thalía - Remix by Cyril Kamer & Rvfv & Polimá Westcoast', '1000COSAS by Lola Indigo & Manuel Turizo', 'VAGABUNDO by Sebastian Yatra & Manuel Turizo & Beéle', 'TU$$I (with Dei V) by YOVNGCHIMI', 'El Fin del Mundo by La La Love You', 'Lo Que Tiene by Morad & Beny Jr & Rvfv', 'RUEDA by Rvfv', 'SI NO ES CONTIGO by Cris Mj', 'Suano by NTG & Amenazzy', 'YO LO SOÑÉ by SAIKO', 'Goteras by Omar Montes & JC Reyes', 'REAL GANGSTA LOVE by Trueno', 'El Patio by Pepe y Vizio & Delaossa & KIDDO', 'Potra Salvaje by Isabel Aaiún', 'FRIKI by Gonzy', 'APAGA EL CEL by FloyyMenor & Lewis Somes', 'Rapido (with Cris Mj) by Dei V', 'Santa by Rvssian', 'El Merengue by Marshmello', 'Si Antes Te Hubiera Conocido by KAROL G', 'Mirame by Blessd & Ovy On The Drums', 'Columbia by Quevedo', 'Tu Silueta by Diegote', 'AMARGURA by KAROL G', 'Diabólica by Cris Mj', 'YOTULOKO by Omar Montes & Rels B', 'COMUNA 3 by JC Reyes & The Rudeboyz', 'TQG by KAROL G', 'FARDOS by JC Reyes & De La Ghetto', ""X'CLUSIVO - REMIX by Gonzy & SAIKO & Arcángel"", 'Cuando Te Vi | CROSSOVER #5 by Big One & Maria Becerra & Trueno', '2xLL by JC Reyes & YOVNGCHIMI & Slayter', 'BBY BOO - REMIX by iZaak & Jhayco & Anuel AA', 'LA FALDA by Myke Towers', 'Potra Salvaje - Hard Remix by Isabel Aaiún & Fernando Moreno', 'QLONA by KAROL G', 'WYA REMIX RED by J Abdiel & De La Rose & Yan Block', 'La Bachata by Manuel Turizo', 'CRUSH by Sky Rompiendo & Dei V', 'LA CAPI by Myke Towers', 'EL PANTALON - RUMBAS by Omar Montes', 'Gata Only by FloyyMenor & Cris Mj', 'Whisky by Samuel G & Oscar el Ruso & Aissa', 'El Conjuntito by El Bobe & Omar Montes'}",5,5,0.1,2025-07
2025-07-23,"{'LA REINA by Lola Indigo', 'ADIVINO by Myke Towers & Bad Bunny', 'BADGYAL by SAIKO', 'Ohnana by Kapo', 'HAY LUPITA by Lomiiel', 'LUNA by Feid', '1000COSAS by Lola Indigo & Manuel Turizo', 'VAGABUNDO by Sebastian Yatra & Manuel Turizo & Beéle', 'TU$$I (with Dei V) by YOVNGCHIMI', 'El Fin del Mundo by La La Love You', 'Mis Tías by Juanjo Bona', 'Lo Que Tiene by Morad & Beny Jr & Rvfv', 'MI EX TENÍA RAZÓN by KAROL G', 'RUEDA by Rvfv', 'SI NO ES CONTIGO by Cris Mj', 'Suano by NTG & Amenazzy', 'YO LO SOÑÉ by SAIKO', 'Goteras by Omar Montes & JC Reyes', 'REAL GANGSTA LOVE by Trueno', 'Potra Salvaje by Isabel Aaiún', 'FRIKI by Gonzy', 'APAGA EL CEL by FloyyMenor & Lewis Somes', 'Rapido (with Cris Mj) by Dei V', 'Santa by Rvssian', 'El Merengue by Marshmello', 'Si Antes Te Hubiera Conocido by KAROL G', 'Mirame by Blessd & Ovy On The Drums', 'Columbia by Quevedo', 'Tu Silueta by Diegote', 'AMARGURA by KAROL G', 'Diabólica by Cris Mj', 'YOTULOKO by Omar Montes & Rels B', 'COMUNA 3 by JC Reyes & The Rudeboyz', 'TQG by KAROL G', 'FARDOS by JC Reyes & De La Ghetto', ""X'CLUSIVO - REMIX by Gonzy & SAIKO & Arcángel"", 'Cuando Te Vi | CROSSOVER #5 by Big One & Maria Becerra & Trueno', '2xLL by JC Reyes & YOVNGCHIMI & Slayter', 'BBY BOO - REMIX by iZaak & Jhayco & Anuel AA', 'LA FALDA by Myke Towers', 'Potra Salvaje - Hard Remix by Isabel Aaiún & Fernando Moreno', 'QLONA by KAROL G', 'WYA REMIX RED by J Abdiel & De La Rose & Yan Block', 'La Bachata by Manuel Turizo', 'CRUSH by Sky Rompiendo & Dei V', 'LA CAPI by Myke Towers', 'EL PANTALON - RUMBAS by Omar Montes', 'Gata Only by FloyyMenor & Cris Mj', 'Whisky by Samuel G & Oscar el Ruso & Aissa', 'El Conjuntito by El Bobe & Omar Montes'}",2,2,0.04,2025-07
2025-07-24,"{'LA REINA by Lola Indigo', 'ADIVINO by Myke Towers & Bad Bunny', 'BADGYAL by SAIKO', 'Ohnana by Kapo', 'HAY LUPITA by Lomiiel', 'LUNA by Feid', 'Thalía - Remix by Cyril Kamer & Rvfv & Polimá Westcoast', '1000COSAS by Lola Indigo & Manuel Turizo', 'VAGABUNDO by Sebastian Yatra & Manuel Turizo & Beéle', 'TU$$I (with Dei V) by YOVNGCHIMI', 'Lo Que Tiene by Morad & Beny Jr & Rvfv', 'MI EX TENÍA RAZÓN by KAROL G', 'RUEDA by Rvfv', 'SI NO ES CONTIGO by Cris Mj', 'Suano by NTG & Amenazzy', 'YO LO SOÑÉ by SAIKO', 'Goteras by Omar Montes & JC Reyes', 'REAL GANGSTA LOVE by Trueno', 'Potra Salvaje by Isabel Aaiún', 'FRIKI by Gonzy', 'APAGA EL CEL by FloyyMenor & Lewis Somes', 'Rapido (with Cris Mj) by Dei V', 'Santa by Rvssian', 'El Merengue by Marshmello', 'Si Antes Te Hubiera Conocido by KAROL G', 'Mirame by Blessd & Ovy On The Drums', 'Columbia by Quevedo', 'la raíz d€l mal by Cruz Cafuné', 'Tu Silueta by Diegote', 'AMARGURA by KAROL G', 'Diabólica by Cris Mj', 'MIENTRAS ME CURO DEL CORA by KAROL G', 'YOTULOKO by Omar Montes & Rels B', 'COMUNA 3 by JC Reyes & The Rudeboyz', 'TQG by KAROL G', 'FARDOS by JC Reyes & De La Ghetto', ""X'CLUSIVO - REMIX by Gonzy & SAIKO & Arcángel"", 'Cuando Te Vi | CROSSOVER #5 by Big One & Maria Becerra & Trueno', '2xLL by JC Reyes & YOVNGCHIMI & Slayter', 'LA FALDA by Myke Towers', 'Potra Salvaje - Hard Remix by Isabel Aaiún & Fernando Moreno', 'QLONA by KAROL G', 'WYA REMIX RED by J Abdiel & De La Rose & Yan Block', 'La Bachata by Manuel Turizo', 'CRUSH by Sky Rompiendo & Dei V', 'LA CAPI by Myke Towers', 'EL PANTALON - RUMBAS by Omar Montes', 'Gata Only by FloyyMenor & Cris Mj', 'Whisky by Samuel G & Oscar el Ruso & Aissa', 'El Conjuntito by El Bobe & Omar Montes'}",3,3,0.06,2025-07
2025-07-25,"{'LA REINA by Lola Indigo', 'ADIVINO by Myke Towers & Bad Bunny', 'BADGYAL by SAIKO', 'Ohnana by Kapo', 'HAY LUPITA by Lomiiel', 'LUNA by Feid', 'PROVENZA by KAROL G', 'Thalía - Remix by Cyril Kamer & Rvfv & Polimá Westcoast', '1000COSAS by Lola Indigo & Manuel Turizo', 'Lo Que Tiene by Morad & Beny Jr & Rvfv', 'MI EX TENÍA RAZÓN by KAROL G', 'RUEDA by Rvfv', 'SI NO ES CONTIGO by Cris Mj', 'Suano by NTG & Amenazzy', 'YO LO SOÑÉ by SAIKO', 'Goteras by Omar Montes & JC Reyes', 'REAL GANGSTA LOVE by Trueno', 'Potra Salvaje by Isabel Aaiún', 'FRIKI by Gonzy', 'APAGA EL CEL by FloyyMenor & Lewis Somes', 'Rapido (with Cris Mj) by Dei V', 'Santa by Rvssian', 'El Merengue by Marshmello', 'Si Antes Te Hubiera Conocido by KAROL G', 'Mirame by Blessd & Ovy On The Drums', 'Columbia by Quevedo', 'la raíz d€l mal by Cruz Cafuné', 'Tu Silueta by Diegote', 'AMARGURA by KAROL G', 'Diabólica by Cris Mj', 'MIENTRAS ME CURO DEL CORA by KAROL G', 'YOTULOKO by Omar Montes & Rels B', 'COMUNA 3 by JC Reyes & The Rudeboyz', 'TQG by KAROL G', 'FARDOS by JC Reyes & De La Ghetto', ""X'CLUSIVO - REMIX by Gonzy & SAIKO & Arcángel"", 'Cuando Te Vi | CROSSOVER #5 by Big One & Maria Becerra & Trueno', '2xLL by JC Reyes & YOVNGCHIMI & Slayter', 'LA FALDA by Myke Towers', 'Potra Salvaje - Hard Remix by Isabel Aaiún & Fernando Moreno', 'Déjame Entrar by Rauw Alejandro', 'QLONA by KAROL G', 'WYA REMIX RED by J Abdiel & De La Rose & Yan Block', 'La Bachata by Manuel Turizo', 'CRUSH by Sky Rompiendo & Dei V', 'LA CAPI by Myke Towers', 'EL PANTALON - RUMBAS by Omar Montes', 'Gata Only by FloyyMenor & Cris Mj', 'Whisky by Samuel G & Oscar el Ruso & Aissa', 'El Conjuntito by El Bobe & Omar Montes'}",2,2,0.04,2025-07
2025-07-26,"{'LA REINA by Lola Indigo', 'ADIVINO by Myke Towers & Bad Bunny', 'BADGYAL by SAIKO', 'Ohnana by Kapo', 'HAY LUPITA by Lomiiel', 'LUNA by Feid', 'PROVENZA by KAROL G', 'Thalía - Remix by Cyril Kamer & Rvfv & Polimá Westcoast', '1000COSAS by Lola Indigo & Manuel Turizo', 'TU$$I (with Dei V) by YOVNGCHIMI', 'Lo Que Tiene by Morad & Beny Jr & Rvfv', 'MI EX TENÍA RAZÓN by KAROL G', 'RUEDA by Rvfv', 'SI NO ES CONTIGO by Cris Mj', 'Suano by NTG & Amenazzy', 'YO LO SOÑÉ by SAIKO', 'Goteras by Omar Montes & JC Reyes', 'REAL GANGSTA LOVE by Trueno', 'Potra Salvaje by Isabel Aaiún', 'FRIKI by Gonzy', 'APAGA EL CEL by FloyyMenor & Lewis Somes', 'Rapido (with Cris Mj) by Dei V', 'Santa by Rvssian', 'El Merengue by Marshmello', 'Si Antes Te Hubiera Conocido by KAROL G', 'Mirame by Blessd & Ovy On The Drums', 'Columbia by Quevedo', 'la raíz d€l mal by Cruz Cafuné', 'Tu Silueta by Diegote', 'AMARGURA by KAROL G', 'Diabólica by Cris Mj', 'MIENTRAS ME CURO DEL CORA by KAROL G', 'YOTULOKO by Omar Montes & Rels B', 'COMUNA 3 by JC Reyes & The Rudeboyz', 'TQG by KAROL G', 'FARDOS by JC Reyes & De La Ghetto', ""X'CLUSIVO - REMIX by Gonzy & SAIKO & Arcángel"", 'Cuando Te Vi | CROSSOVER #5 by Big One & Maria Becerra & Trueno', '2xLL by JC Reyes & YOVNGCHIMI & Slayter', 'LA FALDA by Myke Towers', 'Potra Salvaje - Hard Remix by Isabel Aaiún & Fernando Moreno', 'QLONA by KAROL G', 'WYA REMIX RED by J Abdiel & De La Rose & Yan Block', 'La Bachata by Manuel Turizo', 'CRUSH by Sky Rompiendo & Dei V', 'LA CAPI by Myke Towers', 'EL PANTALON - RUMBAS by Omar Montes', 'Gata Only by FloyyMenor & Cris Mj', 'Whisky by Samuel G & Oscar el Ruso & Aissa', 'El Conjuntito by El Bobe & Omar Montes'}",1,1,0.02,2025-07
2025-07-27,"{'LA REINA by Lola Indigo', 'ADIVINO by Myke Towers & Bad Bunny', 'BADGYAL by SAIKO', 'Ohnana by Kapo', 'HAY LUPITA by Lomiiel', 'LUNA by Feid', 'PROVENZA by KAROL G', 'Thalía - Remix by Cyril Kamer & Rvfv & Polimá Westcoast', '1000COSAS by Lola Indigo & Manuel Turizo', 'TU$$I (with Dei V) by YOVNGCHIMI', 'Lo Que Tiene by Morad & Beny Jr & Rvfv', 'MI EX TENÍA RAZÓN by KAROL G', 'RUEDA by Rvfv', 'SI NO ES CONTIGO by Cris Mj', 'Suano by NTG & Amenazzy', 'YO LO SOÑÉ by SAIKO', 'Goteras by Omar Montes & JC Reyes', 'REAL GANGSTA LOVE by Trueno', 'Potra Salvaje by Isabel Aaiún', 'FRIKI by Gonzy', 'APAGA EL CEL by FloyyMenor & Lewis Somes', 'Rapido (with Cris Mj) by Dei V', 'Santa by Rvssian', 'El Merengue by Marshmello', 'Si Antes Te Hubiera Conocido by KAROL G', 'Mirame by Blessd & Ovy On The Drums', 'Columbia by Quevedo', 'Tu Silueta by Diegote', 'AMARGURA by KAROL G', 'Diabólica by Cris Mj', 'MIENTRAS ME CURO DEL CORA by KAROL G', 'YOTULOKO by Omar Montes & Rels B', 'COMUNA 3 by JC Reyes & The Rudeboyz', 'TQG by KAROL G', 'FARDOS by JC Reyes & De La Ghetto', ""X'CLUSIVO - REMIX by Gonzy & SAIKO & Arcángel"", 'Cuando Te Vi | CROSSOVER #5 by Big One & Maria Becerra & Trueno', '2xLL by JC Reyes & YOVNGCHIMI & Slayter', 'LA FALDA by Myke Towers', 'Potra Salvaje - Hard Remix by Isabel Aaiún & Fernando Moreno', 'Déjame Entrar by Rauw Alejandro', 'QLONA by KAROL G', 'WYA REMIX RED by J Abdiel & De La Rose & Yan Block', 'La Bachata by Manuel Turizo', 'CRUSH by Sky Rompiendo & Dei V', 'LA CAPI by Myke Towers', 'EL PANTALON - RUMBAS by Omar Montes', 'Gata Only by FloyyMenor & Cris Mj', 'Whisky by Samuel G & Oscar el Ruso & Aissa', 'El Conjuntito by El Bobe & Omar Montes'}",1,1,0.02,2025-07
2025-07-28,"{'LA REINA by Lola Indigo', 'ADIVINO by Myke Towers & Bad Bunny', 'BADGYAL by SAIKO', 'Ohnana by Kapo', 'HAY LUPITA by Lomiiel', 'LUNA by Feid', 'PROVENZA by KAROL G', 'Thalía - Remix by Cyril Kamer & Rvfv & Polimá Westcoast', '1000COSAS by Lola Indigo & Manuel Turizo', 'VAGABUNDO by Sebastian Yatra & Manuel Turizo & Beéle', 'TU$$I (with Dei V) by YOVNGCHIMI', 'Lo Que Tiene by Morad & Beny Jr & Rvfv', 'MI EX TENÍA RAZÓN by KAROL G', 'RUEDA by Rvfv', 'SI NO ES CONTIGO by Cris Mj', 'Suano by NTG & Amenazzy', 'YO LO SOÑÉ by SAIKO', 'Goteras by Omar Montes & JC Reyes', 'REAL GANGSTA LOVE by Trueno', 'Potra Salvaje by Isabel Aaiún', 'FRIKI by Gonzy', 'APAGA EL CEL by FloyyMenor & Lewis Somes', 'Rapido (with Cris Mj) by Dei V', 'Santa by Rvssian', 'El Merengue by Marshmello', 'Si Antes Te Hubiera Conocido by KAROL G', 'Mirame by Blessd & Ovy On The Drums', 'Columbia by Quevedo', 'Tu Silueta by Diegote', 'AMARGURA by KAROL G', 'Diabólica by Cris Mj', 'MIENTRAS ME CURO DEL CORA by KAROL G', 'YOTULOKO by Omar Montes & Rels B', 'COMUNA 3 by JC Reyes & The Rudeboyz', 'TQG by KAROL G', 'FARDOS by JC Reyes & De La Ghetto', ""X'CLUSIVO - REMIX by Gonzy & SAIKO & Arcángel"", 'Cuando Te Vi | CROSSOVER #5 by Big One & Maria Becerra & Trueno', '2xLL by JC Reyes & YOVNGCHIMI & Slayter', 'LA FALDA by Myke Towers', 'Potra Salvaje - Hard Remix by Isabel Aaiún & Fernando Moreno', 'QLONA by KAROL G', 'WYA REMIX RED by J Abdiel & De La Rose & Yan Block', 'La Bachata by Manuel Turizo', 'CRUSH by Sky Rompiendo & Dei V', 'LA CAPI by Myke Towers', 'EL PANTALON - RUMBAS by Omar Montes', 'Gata Only by FloyyMenor & Cris Mj', 'Whisky by Samuel G & Oscar el Ruso & Aissa', 'El Conjuntito by El Bobe & Omar Montes'}",1,1,0.02,2025-07
2025-07-29,"{'LA REINA by Lola Indigo', 'ADIVINO by Myke Towers & Bad Bunny', 'BADGYAL by SAIKO', 'Ohnana by Kapo', 'HAY LUPITA by Lomiiel', 'LUNA by Feid', 'PROVENZA by KAROL G', 'Thalía - Remix by Cyril Kamer & Rvfv & Polimá Westcoast', '1000COSAS by Lola Indigo & Manuel Turizo', 'VAGABUNDO by Sebastian Yatra & Manuel Turizo & Beéle', 'TU$$I (with Dei V) by YOVNGCHIMI', 'Lo Que Tiene by Morad & Beny Jr & Rvfv', 'MI EX TENÍA RAZÓN by KAROL G', 'RUEDA by Rvfv', 'SI NO ES CONTIGO by Cris Mj', 'Suano by NTG & Amenazzy', 'YO LO SOÑÉ by SAIKO', 'Goteras by Omar Montes & JC Reyes', 'REAL GANGSTA LOVE by Trueno', 'Potra Salvaje by Isabel Aaiún', 'FRIKI by Gonzy', 'APAGA EL CEL by FloyyMenor & Lewis Somes', 'Rapido (with Cris Mj) by Dei V', 'Santa by Rvssian', 'El Merengue by Marshmello', 'Si Antes Te Hubiera Conocido by KAROL G', 'Mirame by Blessd & Ovy On The Drums', 'Columbia by Quevedo', 'Tu Silueta by Diegote', 'AMARGURA by KAROL G', 'Diabólica by Cris Mj', 'MIENTRAS ME CURO DEL CORA by KAROL G', 'YOTULOKO by Omar Montes & Rels B', 'COMUNA 3 by JC Reyes & The Rudeboyz', 'TQG by KAROL G', 'FARDOS by JC Reyes & De La Ghetto', ""X'CLUSIVO - REMIX by Gonzy & SAIKO & Arcángel"", 'Cuando Te Vi | CROSSOVER #5 by Big One & Maria Becerra & Trueno', '2xLL by JC Reyes & YOVNGCHIMI & Slayter', 'LA FALDA by Myke Towers', 'Potra Salvaje - Hard Remix by Isabel Aaiún & Fernando Moreno', 'QLONA by KAROL G', 'WYA REMIX RED by J Abdiel & De La Rose & Yan Block', 'La Bachata by Manuel Turizo', 'CRUSH by Sky Rompiendo & Dei V', 'LA CAPI by Myke Towers', 'EL PANTALON - RUMBAS by Omar Montes', 'Gata Only by FloyyMenor & Cris Mj', 'Whisky by Samuel G & Oscar el Ruso & Aissa', 'El Conjuntito by El Bobe & Omar Montes'}",0,0,0.0,2025-07
2025-07-30,"{'LA REINA by Lola Indigo', 'ADIVINO by Myke Towers & Bad Bunny', 'BADGYAL by SAIKO', 'Ohnana by Kapo', 'HAY LUPITA by Lomiiel', 'LUNA by Feid', 'PROVENZA by KAROL G', 'Thalía - Remix by Cyril Kamer & Rvfv & Polimá Westcoast', '1000COSAS by Lola Indigo & Manuel Turizo', 'VAGABUNDO by Sebastian Yatra & Manuel Turizo & Beéle', 'TU$$I (with Dei V) by YOVNGCHIMI', 'Lo Que Tiene by Morad & Beny Jr & Rvfv', 'MI EX TENÍA RAZÓN by KAROL G', 'RUEDA by Rvfv', 'SI NO ES CONTIGO by Cris Mj', 'Suano by NTG & Amenazzy', 'YO LO SOÑÉ by SAIKO', 'Goteras by Omar Montes & JC Reyes', 'REAL GANGSTA LOVE by Trueno', 'Potra Salvaje by Isabel Aaiún', 'FRIKI by Gonzy', 'APAGA EL CEL by FloyyMenor & Lewis Somes', 'Rapido (with Cris Mj) by Dei V', 'Santa by Rvssian', 'El Merengue by Marshmello', 'Si Antes Te Hubiera Conocido by KAROL G', 'Mirame by Blessd & Ovy On The Drums', 'Columbia by Quevedo', 'Tu Silueta by Diegote', 'AMARGURA by KAROL G', 'Diabólica by Cris Mj', 'MIENTRAS ME CURO DEL CORA by KAROL G', 'YOTULOKO by Omar Montes & Rels B', 'COMUNA 3 by JC Reyes & The Rudeboyz', 'TQG by KAROL G', 'FARDOS by JC Reyes & De La Ghetto', ""X'CLUSIVO - REMIX by Gonzy & SAIKO & Arcángel"", 'Cuando Te Vi | CROSSOVER #5 by Big One & Maria Becerra & Trueno', '2xLL by JC Reyes & YOVNGCHIMI & Slayter', 'LA FALDA by Myke Towers', 'Potra Salvaje - Hard Remix by Isabel Aaiún & Fernando Moreno', 'QLONA by KAROL G', 'WYA REMIX RED by J Abdiel & De La Rose & Yan Block', 'La Bachata by Manuel Turizo', 'CRUSH by Sky Rompiendo & Dei V', 'LA CAPI by Myke Towers', 'EL PANTALON - RUMBAS by Omar Montes', 'Gata Only by FloyyMenor & Cris Mj', 'Whisky by Samuel G & Oscar el Ruso & Aissa', 'El Conjuntito by El Bobe & Omar Montes'}",0,0,0.0,2025-07
2025-07-31,"{'Manos Rotas by DELLAFUENTE & Morad', 'LA REINA by Lola Indigo', 'ADIVINO by Myke Towers & Bad Bunny', 'BADGYAL by SAIKO', 'Ohnana by Kapo', 'HAY LUPITA by Lomiiel', 'LUNA by Feid', 'Thalía - Remix by Cyril Kamer & Rvfv & Polimá Westcoast', '1000COSAS by Lola Indigo & Manuel Turizo', 'PELIGROSA by FloyyMenor', 'TU$$I (with Dei V) by YOVNGCHIMI', 'Lo Que Tiene by Morad & Beny Jr & Rvfv', 'MI EX TENÍA RAZÓN by KAROL G', 'RUEDA by Rvfv', 'SI NO ES CONTIGO by Cris Mj', 'Suano by NTG & Amenazzy', 'YO LO SOÑÉ by SAIKO', 'Goteras by Omar Montes & JC Reyes', 'REAL GANGSTA LOVE by Trueno', 'Luna llena by Beny Jr', 'Potra Salvaje by Isabel Aaiún', 'FRIKI by Gonzy', 'APAGA EL CEL by FloyyMenor & Lewis Somes', 'Rapido (with Cris Mj) by Dei V', 'Santa by Rvssian', 'El Merengue by Marshmello', 'Si Antes Te Hubiera Conocido by KAROL G', 'Capri Sun by B10 & Kilvertz', 'Columbia by Quevedo', 'Tu Silueta by Diegote', 'AMARGURA by KAROL G', 'Diabólica by Cris Mj', 'MIENTRAS ME CURO DEL CORA by KAROL G', 'YOTULOKO by Omar Montes & Rels B', 'COMUNA 3 by JC Reyes & The Rudeboyz', 'TQG by KAROL G', ""X'CLUSIVO - REMIX by Gonzy & SAIKO & Arcángel"", 'Cuando Te Vi | CROSSOVER #5 by Big One & Maria Becerra & Trueno', '2xLL by JC Reyes & YOVNGCHIMI & Slayter', 'LA FALDA by Myke Towers', 'Potra Salvaje - Hard Remix by Isabel Aaiún & Fernando Moreno', 'QLONA by KAROL G', 'WYA REMIX RED by J Abdiel & De La Rose & Yan Block', 'La Bachata by Manuel Turizo', 'CRUSH by Sky Rompiendo & Dei V', 'LA CAPI by Myke Towers', 'EL PANTALON - RUMBAS by Omar Montes', 'Gata Only by FloyyMenor & Cris Mj', 'Whisky by Samuel G & Oscar el Ruso & Aissa', 'El Conjuntito by El Bobe & Omar Montes'}",4,4,0.08,2025-07
2025-08-01,"{'Manos Rotas by DELLAFUENTE & Morad', 'LA REINA by Lola Indigo', 'ADIVINO by Myke Towers & Bad Bunny', 'BADGYAL by SAIKO', 'Ohnana by Kapo', 'HAY LUPITA by Lomiiel', 'LUNA by Feid', 'Thalía - Remix by Cyril Kamer & Rvfv & Polimá Westcoast', '1000COSAS by Lola Indigo & Manuel Turizo', 'PELIGROSA by FloyyMenor', 'TU$$I (with Dei V) by YOVNGCHIMI', 'Lo Que Tiene by Morad & Beny Jr & Rvfv', 'RUEDA by Rvfv', 'SI NO ES CONTIGO by Cris Mj', 'Suano by NTG & Amenazzy', 'YO LO SOÑÉ by SAIKO', 'Goteras by Omar Montes & JC Reyes', 'Mi Luz (ft. Rels B) by Rvfv', 'REAL GANGSTA LOVE by Trueno', 'Luna llena by Beny Jr', 'Potra Salvaje by Isabel Aaiún', 'FRIKI by Gonzy', 'APAGA EL CEL by FloyyMenor & Lewis Somes', 'Rapido (with Cris Mj) by Dei V', 'Santa by Rvssian', 'El Merengue by Marshmello', 'Si Antes Te Hubiera Conocido by KAROL G', 'Capri Sun by B10 & Kilvertz', 'Columbia by Quevedo', 'Tu Silueta by Diegote', 'AMARGURA by KAROL G', 'Diabólica by Cris Mj', 'MIENTRAS ME CURO DEL CORA by KAROL G', 'YOTULOKO by Omar Montes & Rels B', 'COMUNA 3 by JC Reyes & The Rudeboyz', 'TQG by KAROL G', ""X'CLUSIVO - REMIX by Gonzy & SAIKO & Arcángel"", 'Cuando Te Vi | CROSSOVER #5 by Big One & Maria Becerra & Trueno', '2xLL by JC Reyes & YOVNGCHIMI & Slayter', 'LA FALDA by Myke Towers', 'Potra Salvaje - Hard Remix by Isabel Aaiún & Fernando Moreno', 'QLONA by KAROL G', 'WYA REMIX RED by J Abdiel & De La Rose & Yan Block', 'Cúrame by Rauw Alejandro', 'La Bachata by Manuel Turizo', 'CRUSH by Sky Rompiendo & Dei V', 'LA CAPI by Myke Towers', 'EL PANTALON - RUMBAS by Omar Montes', 'Gata Only by FloyyMenor & Cris Mj', 'El Conjuntito by El Bobe & Omar Montes'}",2,2,0.04,2025-08
2025-08-02,"{'Manos Rotas by DELLAFUENTE & Morad', 'LA REINA by Lola Indigo', 'ADIVINO by Myke Towers & Bad Bunny', 'BADGYAL by SAIKO', 'Ohnana by Kapo', 'HAY LUPITA by Lomiiel', 'LUNA by Feid', 'Thalía - Remix by Cyril Kamer & Rvfv & Polimá Westcoast', '1000COSAS by Lola Indigo & Manuel Turizo', 'PELIGROSA by FloyyMenor', 'TU$$I (with Dei V) by YOVNGCHIMI', 'Lo Que Tiene by Morad & Beny Jr & Rvfv', 'RUEDA by Rvfv', 'SI NO ES CONTIGO by Cris Mj', 'Suano by NTG & Amenazzy', 'YO LO SOÑÉ by SAIKO', 'Goteras by Omar Montes & JC Reyes', 'Mi Luz (ft. Rels B) by Rvfv', 'REAL GANGSTA LOVE by Trueno', 'Luna llena by Beny Jr', 'Potra Salvaje by Isabel Aaiún', 'FRIKI by Gonzy', 'APAGA EL CEL by FloyyMenor & Lewis Somes', 'Rapido (with Cris Mj) by Dei V', 'Santa by Rvssian', 'El Merengue by Marshmello', 'Si Antes Te Hubiera Conocido by KAROL G', 'Capri Sun by B10 & Kilvertz', 'Columbia by Quevedo', 'Tu Silueta by Diegote', 'AMARGURA by KAROL G', 'Diabólica by Cris Mj', 'MIENTRAS ME CURO DEL CORA by KAROL G', 'YOTULOKO by Omar Montes & Rels B', 'COMUNA 3 by JC Reyes & The Rudeboyz', 'TQG by KAROL G', ""X'CLUSIVO - REMIX by Gonzy & SAIKO & Arcángel"", 'Cuando Te Vi | CROSSOVER #5 by Big One & Maria Becerra & Trueno', '2xLL by JC Reyes & YOVNGCHIMI & Slayter', 'LA FALDA by Myke Towers', 'Potra Salvaje - Hard Remix by Isabel Aaiún & Fernando Moreno', 'QLONA by KAROL G', 'WYA REMIX RED by J Abdiel & De La Rose & Yan Block', 'Cúrame by Rauw Alejandro', 'La Bachata by Manuel Turizo', 'CRUSH by Sky Rompiendo & Dei V', 'LA CAPI by Myke Towers', 'EL PANTALON - RUMBAS by Omar Montes', 'Gata Only by FloyyMenor & Cris Mj', 'El Conjuntito by El Bobe & Omar Montes'}",0,0,0.0,2025-08
2025-08-03,"{'Manos Rotas by DELLAFUENTE & Morad', 'LA REINA by Lola Indigo', 'ADIVINO by Myke Towers & Bad Bunny', 'BADGYAL by SAIKO', 'Ohnana by Kapo', 'HAY LUPITA by Lomiiel', 'LUNA by Feid', 'Thalía - Remix by Cyril Kamer & Rvfv & Polimá Westcoast', '1000COSAS by Lola Indigo & Manuel Turizo', 'PELIGROSA by FloyyMenor', 'TU$$I (with Dei V) by YOVNGCHIMI', 'Lo Que Tiene by Morad & Beny Jr & Rvfv', 'RUEDA by Rvfv', 'SI NO ES CONTIGO by Cris Mj', 'Suano by NTG & Amenazzy', 'YO LO SOÑÉ by SAIKO', 'Goteras by Omar Montes & JC Reyes', 'Mi Luz (ft. Rels B) by Rvfv', 'REAL GANGSTA LOVE by Trueno', 'Luna llena by Beny Jr', 'Potra Salvaje by Isabel Aaiún', 'FRIKI by Gonzy', 'APAGA EL CEL by FloyyMenor & Lewis Somes', 'Rapido (with Cris Mj) by Dei V', 'Santa by Rvssian', 'El Merengue by Marshmello', 'Si Antes Te Hubiera Conocido by KAROL G', 'Capri Sun by B10 & Kilvertz', 'Columbia by Quevedo', 'Tu Silueta by Diegote', 'AMARGURA by KAROL G', 'Diabólica by Cris Mj', 'YOTULOKO by Omar Montes & Rels B', 'COMUNA 3 by JC Reyes & The Rudeboyz', 'LALA by Myke Towers', ""X'CLUSIVO - REMIX by Gonzy & SAIKO & Arcángel"", 'Cuando Te Vi | CROSSOVER #5 by Big One & Maria Becerra & Trueno', '2xLL by JC Reyes & YOVNGCHIMI & Slayter', 'LA FALDA by Myke Towers', 'Potra Salvaje - Hard Remix by Isabel Aaiún & Fernando Moreno', 'QLONA by KAROL G', 'WYA REMIX RED by J Abdiel & De La Rose & Yan Block', 'Cúrame by Rauw Alejandro', 'La Bachata by Manuel Turizo', 'Martini by Dei V', 'CRUSH by Sky Rompiendo & Dei V', 'LA CAPI by Myke Towers', 'EL PANTALON - RUMBAS by Omar Montes', 'Gata Only by FloyyMenor & Cris Mj', 'El Conjuntito by El Bobe & Omar Montes'}",2,2,0.04,2025-08
2025-08-04,"{'Manos Rotas by DELLAFUENTE & Morad', 'LA REINA by Lola Indigo', 'ADIVINO by Myke Towers & Bad Bunny', 'BADGYAL by SAIKO', 'Ohnana by Kapo', 'HAY LUPITA by Lomiiel', 'LUNA by Feid', 'Thalía - Remix by Cyril Kamer & Rvfv & Polimá Westcoast', '1000COSAS by Lola Indigo & Manuel Turizo', 'PELIGROSA by FloyyMenor', 'VAGABUNDO by Sebastian Yatra & Manuel Turizo & Beéle', 'TU$$I (with Dei V) by YOVNGCHIMI', 'Lo Que Tiene by Morad & Beny Jr & Rvfv', 'RUEDA by Rvfv', 'SI NO ES CONTIGO by Cris Mj', 'YO LO SOÑÉ by SAIKO', 'Goteras by Omar Montes & JC Reyes', 'REAL GANGSTA LOVE by Trueno', 'Luna llena by Beny Jr', 'Potra Salvaje by Isabel Aaiún', 'FRIKI by Gonzy', 'APAGA EL CEL by FloyyMenor & Lewis Somes', 'Rapido (with Cris Mj) by Dei V', 'Santa by Rvssian', 'El Merengue by Marshmello', 'Si Antes Te Hubiera Conocido by KAROL G', 'Capri Sun by B10 & Kilvertz', 'Columbia by Quevedo', 'Tu Silueta by Diegote', 'AMARGURA by KAROL G', 'Diabólica by Cris Mj', 'YOTULOKO by Omar Montes & Rels B', 'COMUNA 3 by JC Reyes & The Rudeboyz', 'TQG by KAROL G', 'LALA by Myke Towers', ""X'CLUSIVO - REMIX by Gonzy & SAIKO & Arcángel"", 'Cuando Te Vi | CROSSOVER #5 by Big One & Maria Becerra & Trueno', '2xLL by JC Reyes & YOVNGCHIMI & Slayter', 'LA FALDA by Myke Towers', 'Potra Salvaje - Hard Remix by Isabel Aaiún & Fernando Moreno', 'QLONA by KAROL G', 'WYA REMIX RED by J Abdiel & De La Rose & Yan Block', 'Cúrame by Rauw Alejandro', 'La Bachata by Manuel Turizo', 'Martini by Dei V', 'CRUSH by Sky Rompiendo & Dei V', 'LA CAPI by Myke Towers', 'EL PANTALON - RUMBAS by Omar Montes', 'Gata Only by FloyyMenor & Cris Mj', 'El Conjuntito by El Bobe & Omar Montes'}",2,2,0.04,2025-08
2025-08-05,"{'Manos Rotas by DELLAFUENTE & Morad', 'LA REINA by Lola Indigo', 'ADIVINO by Myke Towers & Bad Bunny', 'BADGYAL by SAIKO', 'Ohnana by Kapo', 'HAY LUPITA by Lomiiel', 'LUNA by Feid', 'Thalía - Remix by Cyril Kamer & Rvfv & Polimá Westcoast', '1000COSAS by Lola Indigo & Manuel Turizo', 'PELIGROSA by FloyyMenor', 'VAGABUNDO by Sebastian Yatra & Manuel Turizo & Beéle', 'TU$$I (with Dei V) by YOVNGCHIMI', 'Lo Que Tiene by Morad & Beny Jr & Rvfv', 'RUEDA by Rvfv', 'SI NO ES CONTIGO by Cris Mj', 'YO LO SOÑÉ by SAIKO', 'Goteras by Omar Montes & JC Reyes', 'REAL GANGSTA LOVE by Trueno', 'Luna llena by Beny Jr', 'Potra Salvaje by Isabel Aaiún', 'FRIKI by Gonzy', 'APAGA EL CEL by FloyyMenor & Lewis Somes', 'Rapido (with Cris Mj) by Dei V', 'Santa by Rvssian', 'El Merengue by Marshmello', 'Si Antes Te Hubiera Conocido by KAROL G', 'Capri Sun by B10 & Kilvertz', 'Columbia by Quevedo', 'Tu Silueta by Diegote', 'AMARGURA by KAROL G', 'Diabólica by Cris Mj', 'YOTULOKO by Omar Montes & Rels B', 'COMUNA 3 by JC Reyes & The Rudeboyz', 'TQG by KAROL G', 'LALA by Myke Towers', ""X'CLUSIVO - REMIX by Gonzy & SAIKO & Arcángel"", 'Cuando Te Vi | CROSSOVER #5 by Big One & Maria Becerra & Trueno', '2xLL by JC Reyes & YOVNGCHIMI & Slayter', 'LA FALDA by Myke Towers', 'Potra Salvaje - Hard Remix by Isabel Aaiún & Fernando Moreno', 'QLONA by KAROL G', 'WYA REMIX RED by J Abdiel & De La Rose & Yan Block', 'Cúrame by Rauw Alejandro', 'La Bachata by Manuel Turizo', 'Martini by Dei V', 'CRUSH by Sky Rompiendo & Dei V', 'LA CAPI by Myke Towers', 'EL PANTALON - RUMBAS by Omar Montes', 'Gata Only by FloyyMenor & Cris Mj', 'El Conjuntito by El Bobe & Omar Montes'}",0,0,0.0,2025-08
2025-08-06,"{'Manos Rotas by DELLAFUENTE & Morad', 'LA REINA by Lola Indigo', 'ADIVINO by Myke Towers & Bad Bunny', 'BADGYAL by SAIKO', 'Ohnana by Kapo', 'HAY LUPITA by Lomiiel', 'LUNA by Feid', 'Thalía - Remix by Cyril Kamer & Rvfv & Polimá Westcoast', '1000COSAS by Lola Indigo & Manuel Turizo', 'PELIGROSA by FloyyMenor', 'VAGABUNDO by Sebastian Yatra & Manuel Turizo & Beéle', 'TU$$I (with Dei V) by YOVNGCHIMI', 'Lo Que Tiene by Morad & Beny Jr & Rvfv', 'RUEDA by Rvfv', 'SI NO ES CONTIGO by Cris Mj', 'YO LO SOÑÉ by SAIKO', 'Goteras by Omar Montes & JC Reyes', 'REAL GANGSTA LOVE by Trueno', 'Luna llena by Beny Jr', 'Potra Salvaje by Isabel Aaiún', 'FRIKI by Gonzy', 'APAGA EL CEL by FloyyMenor & Lewis Somes', 'Rapido (with Cris Mj) by Dei V', 'Santa by Rvssian', 'El Merengue by Marshmello', 'Si Antes Te Hubiera Conocido by KAROL G', 'Capri Sun by B10 & Kilvertz', 'Columbia by Quevedo', 'Tu Silueta by Diegote', 'AMARGURA by KAROL G', 'Diabólica by Cris Mj', 'YOTULOKO by Omar Montes & Rels B', 'COMUNA 3 by JC Reyes & The Rudeboyz', 'TQG by KAROL G', 'LALA by Myke Towers', ""X'CLUSIVO - REMIX by Gonzy & SAIKO & Arcángel"", 'Cuando Te Vi | CROSSOVER #5 by Big One & Maria Becerra & Trueno', '2xLL by JC Reyes & YOVNGCHIMI & Slayter', 'LA FALDA by Myke Towers', 'Potra Salvaje - Hard Remix by Isabel Aaiún & Fernando Moreno', 'QLONA by KAROL G', 'WYA REMIX RED by J Abdiel & De La Rose & Yan Block', 'Cúrame by Rauw Alejandro', 'La Bachata by Manuel Turizo', 'Martini by Dei V', 'CRUSH by Sky Rompiendo & Dei V', 'LA CAPI by Myke Towers', 'EL PANTALON - RUMBAS by Omar Montes', 'Gata Only by FloyyMenor & Cris Mj', 'El Conjuntito by El Bobe & Omar Montes'}",0,0,0.0,2025-08
2025-08-07,"{'Manos Rotas by DELLAFUENTE & Morad', 'LA REINA by Lola Indigo', 'ADIVINO by Myke Towers & Bad Bunny', 'BADGYAL by SAIKO', 'Ohnana by Kapo', 'HAY LUPITA by Lomiiel', 'LUNA by Feid', 'Thalía - Remix by Cyril Kamer & Rvfv & Polimá Westcoast', '1000COSAS by Lola Indigo & Manuel Turizo', 'PELIGROSA by FloyyMenor', 'TU$$I (with Dei V) by YOVNGCHIMI', 'Lo Que Tiene by Morad & Beny Jr & Rvfv', 'RUEDA by Rvfv', 'SI NO ES CONTIGO by Cris Mj', 'YO LO SOÑÉ by SAIKO', 'Goteras by Omar Montes & JC Reyes', 'REAL GANGSTA LOVE by Trueno', 'Luna llena by Beny Jr', 'Potra Salvaje by Isabel Aaiún', 'FRIKI by Gonzy', 'APAGA EL CEL by FloyyMenor & Lewis Somes', 'Rapido (with Cris Mj) by Dei V', 'Santa by Rvssian', 'El Merengue by Marshmello', 'Si Antes Te Hubiera Conocido by KAROL G', 'Capri Sun by B10 & Kilvertz', 'Columbia by Quevedo', 'Tu Silueta by Diegote', 'AMARGURA by KAROL G', 'Diabólica by Cris Mj', 'YOTULOKO by Omar Montes & Rels B', 'LA MARINA STA MORENA by Figa Flawas', 'COMUNA 3 by JC Reyes & The Rudeboyz', 'TQG by KAROL G', 'LALA by Myke Towers', ""X'CLUSIVO - REMIX by Gonzy & SAIKO & Arcángel"", 'Cuando Te Vi | CROSSOVER #5 by Big One & Maria Becerra & Trueno', '2xLL by JC Reyes & YOVNGCHIMI & Slayter', 'LA FALDA by Myke Towers', 'Potra Salvaje - Hard Remix by Isabel Aaiún & Fernando Moreno', 'QLONA by KAROL G', 'WYA REMIX RED by J Abdiel & De La Rose & Yan Block', 'Cúrame by Rauw Alejandro', 'La Bachata by Manuel Turizo', 'Martini by Dei V', 'CRUSH by Sky Rompiendo & Dei V', 'LA CAPI by Myke Towers', 'EL PANTALON - RUMBAS by Omar Montes', 'Gata Only by FloyyMenor & Cris Mj', 'El Conjuntito by El Bobe & Omar Montes'}",1,1,0.02,2025-08
2025-08-08,"{'Manos Rotas by DELLAFUENTE & Morad', 'LA REINA by Lola Indigo', 'ADIVINO by Myke Towers & Bad Bunny', 'BADGYAL by SAIKO', 'Ohnana by Kapo', 'HAY LUPITA by Lomiiel', 'LUNA by Feid', 'Thalía - Remix by Cyril Kamer & Rvfv & Polimá Westcoast', '1000COSAS by Lola Indigo & Manuel Turizo', 'PELIGROSA by FloyyMenor', 'TU$$I (with Dei V) by YOVNGCHIMI', 'Lo Que Tiene by Morad & Beny Jr & Rvfv', 'RUEDA by Rvfv', 'SI NO ES CONTIGO by Cris Mj', 'YO LO SOÑÉ by SAIKO', 'Goteras by Omar Montes & JC Reyes', 'REAL GANGSTA LOVE by Trueno', 'Luna llena by Beny Jr', 'Potra Salvaje by Isabel Aaiún', 'FRIKI by Gonzy', 'APAGA EL CEL by FloyyMenor & Lewis Somes', 'Rapido (with Cris Mj) by Dei V', 'Santa by Rvssian', 'El Merengue by Marshmello', 'Si Antes Te Hubiera Conocido by KAROL G', 'Capri Sun by B10 & Kilvertz', 'Columbia by Quevedo', 'Tu Silueta by Diegote', 'AMARGURA by KAROL G', 'Diabólica by Cris Mj', 'YOTULOKO by Omar Montes & Rels B', 'LA MARINA STA MORENA by Figa Flawas', 'COMUNA 3 by JC Reyes & The Rudeboyz', 'TQG by KAROL G', 'LALA by Myke Towers', ""X'CLUSIVO - REMIX by Gonzy & SAIKO & Arcángel"", 'Cuando Te Vi | CROSSOVER #5 by Big One & Maria Becerra & Trueno', '2xLL by JC Reyes & YOVNGCHIMI & Slayter', 'LA FALDA by Myke Towers', 'Potra Salvaje - Hard Remix by Isabel Aaiún & Fernando Moreno', 'QLONA by KAROL G', 'WYA REMIX RED by J Abdiel & De La Rose & Yan Block', 'Cúrame by Rauw Alejandro', 'La Bachata by Manuel Turizo', 'Martini by Dei V', 'CRUSH by Sky Rompiendo & Dei V', 'LA CAPI by Myke Towers', 'EL PANTALON - RUMBAS by Omar Montes', 'Gata Only by FloyyMenor & Cris Mj', 'El Conjuntito by El Bobe & Omar Montes'}",0,0,0.0,2025-08
2025-08-09,"{'Manos Rotas by DELLAFUENTE & Morad', 'LA REINA by Lola Indigo', 'ADIVINO by Myke Towers & Bad Bunny', 'BADGYAL by SAIKO', 'Ohnana by Kapo', 'HAY LUPITA by Lomiiel', 'LUNA by Feid', 'Thalía - Remix by Cyril Kamer & Rvfv & Polimá Westcoast', '1000COSAS by Lola Indigo & Manuel Turizo', 'PELIGROSA by FloyyMenor', 'TU$$I (with Dei V) by YOVNGCHIMI', 'Lo Que Tiene by Morad & Beny Jr & Rvfv', 'RUEDA by Rvfv', 'SI NO ES CONTIGO by Cris Mj', 'Suano by NTG & Amenazzy', 'YO LO SOÑÉ by SAIKO', 'Goteras by Omar Montes & JC Reyes', 'REAL GANGSTA LOVE by Trueno', 'Luna llena by Beny Jr', 'Potra Salvaje by Isabel Aaiún', 'FRIKI by Gonzy', 'APAGA EL CEL by FloyyMenor & Lewis Somes', 'Rapido (with Cris Mj) by Dei V', 'Santa by Rvssian', 'El Merengue by Marshmello', 'Si Antes Te Hubiera Conocido by KAROL G', 'Capri Sun by B10 & Kilvertz', 'Columbia by Quevedo', 'Tu Silueta by Diegote', 'AMARGURA by KAROL G', 'Diabólica by Cris Mj', 'YOTULOKO by Omar Montes & Rels B', 'LA MARINA STA MORENA by Figa Flawas', 'COMUNA 3 by JC Reyes & The Rudeboyz', 'LALA by Myke Towers', ""X'CLUSIVO - REMIX by Gonzy & SAIKO & Arcángel"", 'Cuando Te Vi | CROSSOVER #5 by Big One & Maria Becerra & Trueno', '2xLL by JC Reyes & YOVNGCHIMI & Slayter', 'LA FALDA by Myke Towers', 'Potra Salvaje - Hard Remix by Isabel Aaiún & Fernando Moreno', 'QLONA by KAROL G', 'WYA REMIX RED by J Abdiel & De La Rose & Yan Block', 'Cúrame by Rauw Alejandro', 'La Bachata by Manuel Turizo', 'Martini by Dei V', 'CRUSH by Sky Rompiendo & Dei V', 'LA CAPI by Myke Towers', 'EL PANTALON - RUMBAS by Omar Montes', 'Gata Only by FloyyMenor & Cris Mj', 'El Conjuntito by El Bobe & Omar Montes'}",1,1,0.02,2025-08
2025-08-10,"{'Manos Rotas by DELLAFUENTE & Morad', 'LA REINA by Lola Indigo', 'ADIVINO by Myke Towers & Bad Bunny', 'BADGYAL by SAIKO', 'Ohnana by Kapo', 'HAY LUPITA by Lomiiel', 'LUNA by Feid', 'Thalía - Remix by Cyril Kamer & Rvfv & Polimá Westcoast', '1000COSAS by Lola Indigo & Manuel Turizo', 'PELIGROSA by FloyyMenor', 'TU$$I (with Dei V) by YOVNGCHIMI', 'Lo Que Tiene by Morad & Beny Jr & Rvfv', 'RUEDA by Rvfv', 'Doblexxó by J Balvin', 'SI NO ES CONTIGO by Cris Mj', 'YO LO SOÑÉ by SAIKO', 'Goteras by Omar Montes & JC Reyes', 'REAL GANGSTA LOVE by Trueno', 'Luna llena by Beny Jr', 'Potra Salvaje by Isabel Aaiún', 'FRIKI by Gonzy', 'Rapido (with Cris Mj) by Dei V', 'Santa by Rvssian', 'El Merengue by Marshmello', 'Si Antes Te Hubiera Conocido by KAROL G', 'Capri Sun by B10 & Kilvertz', 'Columbia by Quevedo', 'Tu Silueta by Diegote', 'AMARGURA by KAROL G', 'Diabólica by Cris Mj', 'YOTULOKO by Omar Montes & Rels B', 'LA MARINA STA MORENA by Figa Flawas', 'APAGA EL CEL by FloyyMenor', 'COMUNA 3 by JC Reyes & The Rudeboyz', 'LALA by Myke Towers', ""X'CLUSIVO - REMIX by Gonzy & SAIKO & Arcángel"", 'Cuando Te Vi | CROSSOVER #5 by Big One & Maria Becerra & Trueno', 'Gata Only by FloyyMenor', 'LA FALDA by Myke Towers', 'Potra Salvaje - Hard Remix by Isabel Aaiún & Fernando Moreno', 'QLONA by KAROL G', 'WYA REMIX RED by J Abdiel & De La Rose & Yan Block', 'Cúrame by Rauw Alejandro', 'La Bachata by Manuel Turizo', 'Martini by Dei V', 'CRUSH by Sky Rompiendo & Dei V', 'Like I Can (feat. Aitana) by Sam Smith & Aitana', 'LA CAPI by Myke Towers', 'EL PANTALON - RUMBAS by Omar Montes', 'El Conjuntito by El Bobe & Omar Montes'}",4,4,0.08,2025-08
2025-08-11,"{'Manos Rotas by DELLAFUENTE & Morad', 'LA REINA by Lola Indigo', 'ADIVINO by Myke Towers & Bad Bunny', 'BADGYAL by SAIKO', 'Ohnana by Kapo', 'HAY LUPITA by Lomiiel', 'LUNA by Feid', 'Thalía - Remix by Cyril Kamer & Rvfv & Polimá Westcoast', '1000COSAS by Lola Indigo & Manuel Turizo', 'PELIGROSA by FloyyMenor', 'VAGABUNDO by Sebastian Yatra & Manuel Turizo & Beéle', 'Lo Que Tiene by Morad & Beny Jr & Rvfv', 'RUEDA by Rvfv', 'Doblexxó by J Balvin', 'SI NO ES CONTIGO by Cris Mj', 'YO LO SOÑÉ by SAIKO', 'Goteras by Omar Montes & JC Reyes', 'REAL GANGSTA LOVE by Trueno', 'Luna llena by Beny Jr', 'Potra Salvaje by Isabel Aaiún', 'FRIKI by Gonzy', 'Rapido (with Cris Mj) by Dei V', 'Santa by Rvssian', 'El Merengue by Marshmello', 'Si Antes Te Hubiera Conocido by KAROL G', 'ESKELETO by SAIKO', 'Capri Sun by B10 & Kilvertz', 'Columbia by Quevedo', 'Tu Silueta by Diegote', 'AMARGURA by KAROL G', 'Diabólica by Cris Mj', 'YOTULOKO by Omar Montes & Rels B', 'LA MARINA STA MORENA by Figa Flawas', 'APAGA EL CEL by FloyyMenor', 'COMUNA 3 by JC Reyes & The Rudeboyz', 'LALA by Myke Towers', ""X'CLUSIVO - REMIX by Gonzy & SAIKO & Arcángel"", 'Cuando Te Vi | CROSSOVER #5 by Big One & Maria Becerra & Trueno', 'Gata Only by FloyyMenor', 'LA FALDA by Myke Towers', 'Potra Salvaje - Hard Remix by Isabel Aaiún & Fernando Moreno', 'QLONA by KAROL G', 'WYA REMIX RED by J Abdiel & De La Rose & Yan Block', 'Cúrame by Rauw Alejandro', 'La Bachata by Manuel Turizo', 'Martini by Dei V', 'CRUSH by Sky Rompiendo & Dei V', 'LA CAPI by Myke Towers', 'EL PANTALON - RUMBAS by Omar Montes', 'El Conjuntito by El Bobe & Omar Montes'}",2,2,0.04,2025-08
2025-08-12,"{'Manos Rotas by DELLAFUENTE & Morad', 'LA REINA by Lola Indigo', 'ADIVINO by Myke Towers & Bad Bunny', 'BADGYAL by SAIKO', 'Ohnana by Kapo', 'HAY LUPITA by Lomiiel', 'LUNA by Feid', 'Thalía - Remix by Cyril Kamer & Rvfv & Polimá Westcoast', '1000COSAS by Lola Indigo & Manuel Turizo', 'PELIGROSA by FloyyMenor', 'VAGABUNDO by Sebastian Yatra & Manuel Turizo & Beéle', 'TU$$I (with Dei V) by YOVNGCHIMI', 'Lo Que Tiene by Morad & Beny Jr & Rvfv', 'RUEDA by Rvfv', 'SI NO ES CONTIGO by Cris Mj', 'YO LO SOÑÉ by SAIKO', 'Goteras by Omar Montes & JC Reyes', 'REAL GANGSTA LOVE by Trueno', 'Luna llena by Beny Jr', 'El Patio by Pepe y Vizio & Delaossa & KIDDO', 'Potra Salvaje by Isabel Aaiún', 'FRIKI by Gonzy', 'Rapido (with Cris Mj) by Dei V', 'Santa by Rvssian', 'El Merengue by Marshmello', 'Si Antes Te Hubiera Conocido by KAROL G', 'ESKELETO by SAIKO', 'Capri Sun by B10 & Kilvertz', 'Columbia by Quevedo', 'Tu Silueta by Diegote', 'AMARGURA by KAROL G', 'Diabólica by Cris Mj', 'YOTULOKO by Omar Montes & Rels B', 'LA MARINA STA MORENA by Figa Flawas', 'APAGA EL CEL by FloyyMenor', 'COMUNA 3 by JC Reyes & The Rudeboyz', 'LALA by Myke Towers', ""X'CLUSIVO - REMIX by Gonzy & SAIKO & Arcángel"", 'Cuando Te Vi | CROSSOVER #5 by Big One & Maria Becerra & Trueno', 'Gata Only by FloyyMenor', 'LA FALDA by Myke Towers', 'Potra Salvaje - Hard Remix by Isabel Aaiún & Fernando Moreno', 'QLONA by KAROL G', 'WYA REMIX RED by J Abdiel & De La Rose & Yan Block', 'Cúrame by Rauw Alejandro', 'La Bachata by Manuel Turizo', 'CRUSH by Sky Rompiendo & Dei V', 'LA CAPI by Myke Towers', 'EL PANTALON - RUMBAS by Omar Montes', 'El Conjuntito by El Bobe & Omar Montes'}",2,2,0.04,2025-08
2025-08-14,"{'Manos Rotas by DELLAFUENTE & Morad', 'LA REINA by Lola Indigo', 'ADIVINO by Myke Towers & Bad Bunny', 'BADGYAL by SAIKO', 'Ohnana by Kapo', 'HAY LUPITA by Lomiiel', 'LUNA by Feid', 'Thalía - Remix by Cyril Kamer & Rvfv & Polimá Westcoast', '1000COSAS by Lola Indigo & Manuel Turizo', 'PELIGROSA by FloyyMenor', 'VAGABUNDO by Sebastian Yatra & Manuel Turizo & Beéle', 'TU$$I (with Dei V) by YOVNGCHIMI', 'Lo Que Tiene by Morad & Beny Jr & Rvfv', 'RUEDA by Rvfv', 'Doblexxó by J Balvin', 'SI NO ES CONTIGO by Cris Mj', 'YO LO SOÑÉ by SAIKO', 'Goteras by Omar Montes & JC Reyes', 'REAL GANGSTA LOVE by Trueno', 'Luna llena by Beny Jr', 'Potra Salvaje by Isabel Aaiún', 'FRIKI by Gonzy', 'Rapido (with Cris Mj) by Dei V', 'Santa by Rvssian', 'El Merengue by Marshmello', 'Si Antes Te Hubiera Conocido by KAROL G', 'ESKELETO by SAIKO', 'Capri Sun by B10 & Kilvertz', 'Columbia by Quevedo', 'Tu Silueta by Diegote', 'AMARGURA by KAROL G', 'Diabólica by Cris Mj', 'YOTULOKO by Omar Montes & Rels B', 'LA MARINA STA MORENA by Figa Flawas', 'APAGA EL CEL by FloyyMenor', 'COMUNA 3 by JC Reyes & The Rudeboyz', 'LALA by Myke Towers', ""X'CLUSIVO - REMIX by Gonzy & SAIKO & Arcángel"", 'Cuando Te Vi | CROSSOVER #5 by Big One & Maria Becerra & Trueno', 'Gata Only by FloyyMenor', 'LA FALDA by Myke Towers', 'Potra Salvaje - Hard Remix by Isabel Aaiún & Fernando Moreno', 'QLONA by KAROL G', 'WYA REMIX RED by J Abdiel & De La Rose & Yan Block', 'Cúrame by Rauw Alejandro', 'La Bachata by Manuel Turizo', 'CRUSH by Sky Rompiendo & Dei V', 'LA CAPI by Myke Towers', 'EL PANTALON - RUMBAS by Omar Montes', 'El Conjuntito by El Bobe & Omar Montes'}",1,1,0.02,2025-08
2025-08-15,"{'Manos Rotas by DELLAFUENTE & Morad', 'LA REINA by Lola Indigo', 'ADIVINO by Myke Towers & Bad Bunny', 'BADGYAL by SAIKO', 'Ohnana by Kapo', 'HAY LUPITA by Lomiiel', 'LUNA by Feid', 'Thalía - Remix by Cyril Kamer & Rvfv & Polimá Westcoast', 'Vacile by Yan Block', '1000COSAS by Lola Indigo & Manuel Turizo', 'PELIGROSA by FloyyMenor', 'TU$$I (with Dei V) by YOVNGCHIMI', 'Lo Que Tiene by Morad & Beny Jr & Rvfv', 'Doblexxó by J Balvin', 'SI NO ES CONTIGO by Cris Mj', 'YO LO SOÑÉ by SAIKO', 'Goteras by Omar Montes & JC Reyes', 'Mi Luz (ft. Rels B) by Rvfv', 'REAL GANGSTA LOVE by Trueno', 'Luna llena by Beny Jr', 'Potra Salvaje by Isabel Aaiún', 'FRIKI by Gonzy', 'Rapido (with Cris Mj) by Dei V', 'Santa by Rvssian', 'El Merengue by Marshmello', 'Si Antes Te Hubiera Conocido by KAROL G', 'ESKELETO by SAIKO', 'Columbia by Quevedo', 'Tu Silueta by Diegote', 'AMARGURA by KAROL G', 'Diabólica by Cris Mj', 'YOTULOKO by Omar Montes & Rels B', 'LA MARINA STA MORENA by Figa Flawas', 'APAGA EL CEL by FloyyMenor', 'COMUNA 3 by JC Reyes & The Rudeboyz', 'LALA by Myke Towers', ""X'CLUSIVO - REMIX by Gonzy & SAIKO & Arcángel"", 'Cuando Te Vi | CROSSOVER #5 by Big One & Maria Becerra & Trueno', 'Gata Only by FloyyMenor', 'Sport+ RMX by Clarent & Myke Towers', 'LA FALDA by Myke Towers', 'Potra Salvaje - Hard Remix by Isabel Aaiún & Fernando Moreno', 'QLONA by KAROL G', 'WYA REMIX RED by J Abdiel & De La Rose & Yan Block', 'Cúrame by Rauw Alejandro', 'La Bachata by Manuel Turizo', 'CRUSH by Sky Rompiendo & Dei V', 'LA CAPI by Myke Towers', 'EL PANTALON - RUMBAS by Omar Montes', 'El Conjuntito by El Bobe & Omar Montes'}",3,3,0.06,2025-08
2025-08-16,"{'Manos Rotas by DELLAFUENTE & Morad', 'LA REINA by Lola Indigo', 'ADIVINO by Myke Towers & Bad Bunny', 'BADGYAL by SAIKO', 'Ohnana by Kapo', 'HAY LUPITA by Lomiiel', 'LUNA by Feid', 'Thalía - Remix by Cyril Kamer & Rvfv & Polimá Westcoast', 'Vacile by Yan Block', '1000COSAS by Lola Indigo & Manuel Turizo', 'PELIGROSA by FloyyMenor', 'TU$$I (with Dei V) by YOVNGCHIMI', 'Lo Que Tiene by Morad & Beny Jr & Rvfv', 'Doblexxó by J Balvin', 'SI NO ES CONTIGO by Cris Mj', 'YO LO SOÑÉ by SAIKO', 'Goteras by Omar Montes & JC Reyes', 'Mi Luz (ft. Rels B) by Rvfv', 'REAL GANGSTA LOVE by Trueno', 'Luna llena by Beny Jr', 'Potra Salvaje by Isabel Aaiún', 'FRIKI by Gonzy', 'Rapido (with Cris Mj) by Dei V', 'Santa by Rvssian', 'El Merengue by Marshmello', 'Si Antes Te Hubiera Conocido by KAROL G', 'ESKELETO by SAIKO', 'Columbia by Quevedo', 'Tu Silueta by Diegote', 'AMARGURA by KAROL G', 'Diabólica by Cris Mj', 'YOTULOKO by Omar Montes & Rels B', 'LA MARINA STA MORENA by Figa Flawas', 'APAGA EL CEL by FloyyMenor', 'COMUNA 3 by JC Reyes & The Rudeboyz', 'LALA by Myke Towers', ""X'CLUSIVO - REMIX by Gonzy & SAIKO & Arcángel"", 'Cuando Te Vi | CROSSOVER #5 by Big One & Maria Becerra & Trueno', 'Gata Only by FloyyMenor', 'Sport+ RMX by Clarent & Myke Towers', 'LA FALDA by Myke Towers', 'Potra Salvaje - Hard Remix by Isabel Aaiún & Fernando Moreno', 'QLONA by KAROL G', 'WYA REMIX RED by J Abdiel & De La Rose & Yan Block', 'Cúrame by Rauw Alejandro', 'La Bachata by Manuel Turizo', 'CRUSH by Sky Rompiendo & Dei V', 'LA CAPI by Myke Towers', 'EL PANTALON - RUMBAS by Omar Montes', 'El Conjuntito by El Bobe & Omar Montes'}",0,0,0.0,2025-08
2025-08-17,"{'Manos Rotas by DELLAFUENTE & Morad', 'LA REINA by Lola Indigo', 'ADIVINO by Myke Towers & Bad Bunny', 'BADGYAL by SAIKO', 'Ohnana by Kapo', 'HAY LUPITA by Lomiiel', 'LUNA by Feid', 'Thalía - Remix by Cyril Kamer & Rvfv & Polimá Westcoast', 'Vacile by Yan Block', 'New Woman (feat. ROSALÍA) by LISA & ROSALÍA', '1000COSAS by Lola Indigo & Manuel Turizo', 'PELIGROSA by FloyyMenor', 'VAGABUNDO by Sebastian Yatra & Manuel Turizo & Beéle', 'El Fin del Mundo by La La Love You', 'Lo Que Tiene by Morad & Beny Jr & Rvfv', 'Doblexxó by J Balvin', 'SI NO ES CONTIGO by Cris Mj', 'Goteras by Omar Montes & JC Reyes', 'REAL GANGSTA LOVE by Trueno', 'Luna llena by Beny Jr', 'Potra Salvaje by Isabel Aaiún', 'FRIKI by Gonzy', 'Rapido (with Cris Mj) by Dei V', 'Santa by Rvssian', 'El Merengue by Marshmello', 'Si Antes Te Hubiera Conocido by KAROL G', 'ESKELETO by SAIKO', 'Columbia by Quevedo', 'Tu Silueta by Diegote', 'AMARGURA by KAROL G', 'Diabólica by Cris Mj', 'YOTULOKO by Omar Montes & Rels B', 'LA MARINA STA MORENA by Figa Flawas', 'APAGA EL CEL by FloyyMenor', 'COMUNA 3 by JC Reyes & The Rudeboyz', 'LALA by Myke Towers', ""X'CLUSIVO - REMIX by Gonzy & SAIKO & Arcángel"", 'Cuando Te Vi | CROSSOVER #5 by Big One & Maria Becerra & Trueno', 'Gata Only by FloyyMenor', 'Sport+ RMX by Clarent & Myke Towers', 'LA FALDA by Myke Towers', 'Potra Salvaje - Hard Remix by Isabel Aaiún & Fernando Moreno', 'QLONA by KAROL G', 'WYA REMIX RED by J Abdiel & De La Rose & Yan Block', 'La Bachata by Manuel Turizo', 'CRUSH by Sky Rompiendo & Dei V', 'Passoa by JHAYCO & Kapo', 'LA CAPI by Myke Towers', 'EL PANTALON - RUMBAS by Omar Montes', 'El Conjuntito by El Bobe & Omar Montes'}",4,4,0.08,2025-08
2025-08-18,"{'Manos Rotas by DELLAFUENTE & Morad', 'LA REINA by Lola Indigo', 'ADIVINO by Myke Towers & Bad Bunny', 'BADGYAL by SAIKO', 'Ohnana by Kapo', 'HAY LUPITA by Lomiiel', 'LUNA by Feid', 'Thalía - Remix by Cyril Kamer & Rvfv & Polimá Westcoast', 'Vacile by Yan Block', 'New Woman (feat. ROSALÍA) by LISA & ROSALÍA', '1000COSAS by Lola Indigo & Manuel Turizo', 'PELIGROSA by FloyyMenor', 'VAGABUNDO by Sebastian Yatra & Manuel Turizo & Beéle', 'El Fin del Mundo by La La Love You', 'Lo Que Tiene by Morad & Beny Jr & Rvfv', 'Doblexxó by J Balvin', 'SI NO ES CONTIGO by Cris Mj', 'Goteras by Omar Montes & JC Reyes', 'REAL GANGSTA LOVE by Trueno', 'Luna llena by Beny Jr', 'El Patio by Pepe y Vizio & Delaossa & KIDDO', 'Potra Salvaje by Isabel Aaiún', 'FRIKI by Gonzy', 'Rapido (with Cris Mj) by Dei V', 'Santa by Rvssian', 'El Merengue by Marshmello', 'Si Antes Te Hubiera Conocido by KAROL G', 'ESKELETO by SAIKO', 'Columbia by Quevedo', 'Tu Silueta by Diegote', 'AMARGURA by KAROL G', 'Diabólica by Cris Mj', 'YOTULOKO by Omar Montes & Rels B', 'LA MARINA STA MORENA by Figa Flawas', 'APAGA EL CEL by FloyyMenor', 'COMUNA 3 by JC Reyes & The Rudeboyz', 'LALA by Myke Towers', ""X'CLUSIVO - REMIX by Gonzy & SAIKO & Arcángel"", 'Cuando Te Vi | CROSSOVER #5 by Big One & Maria Becerra & Trueno', 'Gata Only by FloyyMenor', 'Sport+ RMX by Clarent & Myke Towers', 'LA FALDA by Myke Towers', 'Potra Salvaje - Hard Remix by Isabel Aaiún & Fernando Moreno', 'QLONA by KAROL G', 'WYA REMIX RED by J Abdiel & De La Rose & Yan Block', 'La Bachata by Manuel Turizo', 'CRUSH by Sky Rompiendo & Dei V', 'LA CAPI by Myke Towers', 'EL PANTALON - RUMBAS by Omar Montes', 'El Conjuntito by El Bobe & Omar Montes'}",1,1,0.02,2025-08
2025-08-19,"{'Manos Rotas by DELLAFUENTE & Morad', 'LA REINA by Lola Indigo', 'ADIVINO by Myke Towers & Bad Bunny', 'BADGYAL by SAIKO', 'Ohnana by Kapo', 'HAY LUPITA by Lomiiel', 'LUNA by Feid', 'Thalía - Remix by Cyril Kamer & Rvfv & Polimá Westcoast', 'Vacile by Yan Block', 'New Woman (feat. ROSALÍA) by LISA & ROSALÍA', '1000COSAS by Lola Indigo & Manuel Turizo', 'PELIGROSA by FloyyMenor', 'VAGABUNDO by Sebastian Yatra & Manuel Turizo & Beéle', 'El Fin del Mundo by La La Love You', 'Lo Que Tiene by Morad & Beny Jr & Rvfv', 'Doblexxó by J Balvin', 'SI NO ES CONTIGO by Cris Mj', 'Goteras by Omar Montes & JC Reyes', 'REAL GANGSTA LOVE by Trueno', 'Luna llena by Beny Jr', 'El Patio by Pepe y Vizio & Delaossa & KIDDO', 'Potra Salvaje by Isabel Aaiún', 'FRIKI by Gonzy', 'Rapido (with Cris Mj) by Dei V', 'Santa by Rvssian', 'El Merengue by Marshmello', 'Si Antes Te Hubiera Conocido by KAROL G', 'ESKELETO by SAIKO', 'Columbia by Quevedo', 'Tu Silueta by Diegote', 'AMARGURA by KAROL G', 'Diabólica by Cris Mj', 'YOTULOKO by Omar Montes & Rels B', 'LA MARINA STA MORENA by Figa Flawas', 'APAGA EL CEL by FloyyMenor', 'COMUNA 3 by JC Reyes & The Rudeboyz', 'LALA by Myke Towers', ""X'CLUSIVO - REMIX by Gonzy & SAIKO & Arcángel"", 'Cuando Te Vi | CROSSOVER #5 by Big One & Maria Becerra & Trueno', 'Gata Only by FloyyMenor', 'Sport+ RMX by Clarent & Myke Towers', 'LA FALDA by Myke Towers', 'Potra Salvaje - Hard Remix by Isabel Aaiún & Fernando Moreno', 'QLONA by KAROL G', 'WYA REMIX RED by J Abdiel & De La Rose & Yan Block', 'La Bachata by Manuel Turizo', 'CRUSH by Sky Rompiendo & Dei V', 'LA CAPI by Myke Towers', 'EL PANTALON - RUMBAS by Omar Montes', 'El Conjuntito by El Bobe & Omar Montes'}",0,0,0.0,2025-08
2025-08-20,"{'Manos Rotas by DELLAFUENTE & Morad', 'LA REINA by Lola Indigo', 'ADIVINO by Myke Towers & Bad Bunny', 'BADGYAL by SAIKO', 'Ohnana by Kapo', 'HAY LUPITA by Lomiiel', 'LUNA by Feid', 'Thalía - Remix by Cyril Kamer & Rvfv & Polimá Westcoast', 'Vacile by Yan Block', 'New Woman (feat. ROSALÍA) by LISA & ROSALÍA', 'OTRA NOCHE by Myke Towers & Darell', '1000COSAS by Lola Indigo & Manuel Turizo', 'PELIGROSA by FloyyMenor', 'VAGABUNDO by Sebastian Yatra & Manuel Turizo & Beéle', 'Lo Que Tiene by Morad & Beny Jr & Rvfv', 'Doblexxó by J Balvin', 'SI NO ES CONTIGO by Cris Mj', 'Goteras by Omar Montes & JC Reyes', 'REAL GANGSTA LOVE by Trueno', 'Luna llena by Beny Jr', 'Potra Salvaje by Isabel Aaiún', 'FRIKI by Gonzy', 'UWAIE by Kapo', 'Rapido (with Cris Mj) by Dei V', 'Santa by Rvssian', 'El Merengue by Marshmello', 'Si Antes Te Hubiera Conocido by KAROL G', 'ESKELETO by SAIKO', 'Columbia by Quevedo', 'Tu Silueta by Diegote', 'AMARGURA by KAROL G', 'YOTULOKO by Omar Montes & Rels B', 'LA MARINA STA MORENA by Figa Flawas', 'APAGA EL CEL by FloyyMenor', 'COMUNA 3 by JC Reyes & The Rudeboyz', 'LALA by Myke Towers', ""X'CLUSIVO - REMIX by Gonzy & SAIKO & Arcángel"", 'Cuando Te Vi | CROSSOVER #5 by Big One & Maria Becerra & Trueno', 'Gata Only by FloyyMenor', 'Sport+ RMX by Clarent & Myke Towers', 'LA FALDA by Myke Towers', 'Potra Salvaje - Hard Remix by Isabel Aaiún & Fernando Moreno', 'QLONA by KAROL G', 'WYA REMIX RED by J Abdiel & De La Rose & Yan Block', 'La Bachata by Manuel Turizo', 'CRUSH by Sky Rompiendo & Dei V', 'Passoa by JHAYCO & Kapo', 'LA CAPI by Myke Towers', 'EL PANTALON - RUMBAS by Omar Montes', 'El Conjuntito by El Bobe & Omar Montes'}",3,3,0.06,2025-08
2025-08-21,"{'Manos Rotas by DELLAFUENTE & Morad', 'LA REINA by Lola Indigo', 'ADIVINO by Myke Towers & Bad Bunny', 'BADGYAL by SAIKO', 'Ohnana by Kapo', 'HAY LUPITA by Lomiiel', 'LUNA by Feid', 'Thalía - Remix by Cyril Kamer & Rvfv & Polimá Westcoast', 'Vacile by Yan Block', 'New Woman (feat. ROSALÍA) by LISA & ROSALÍA', 'OTRA NOCHE by Myke Towers & Darell', '1000COSAS by Lola Indigo & Manuel Turizo', 'PELIGROSA by FloyyMenor', 'VAGABUNDO by Sebastian Yatra & Manuel Turizo & Beéle', 'Lo Que Tiene by Morad & Beny Jr & Rvfv', 'Doblexxó by J Balvin', 'SI NO ES CONTIGO by Cris Mj', 'Goteras by Omar Montes & JC Reyes', 'REAL GANGSTA LOVE by Trueno', 'Luna llena by Beny Jr', 'Potra Salvaje by Isabel Aaiún', 'FRIKI by Gonzy', 'UWAIE by Kapo', 'Rapido (with Cris Mj) by Dei V', 'Santa by Rvssian', 'El Merengue by Marshmello', 'Si Antes Te Hubiera Conocido by KAROL G', 'ESKELETO by SAIKO', 'Columbia by Quevedo', 'Tu Silueta by Diegote', 'AMARGURA by KAROL G', 'YOTULOKO by Omar Montes & Rels B', 'LA MARINA STA MORENA by Figa Flawas', 'APAGA EL CEL by FloyyMenor', 'COMUNA 3 by JC Reyes & The Rudeboyz', 'LALA by Myke Towers', ""X'CLUSIVO - REMIX by Gonzy & SAIKO & Arcángel"", 'Cuando Te Vi | CROSSOVER #5 by Big One & Maria Becerra & Trueno', 'Gata Only by FloyyMenor', 'Sport+ RMX by Clarent & Myke Towers', 'LA FALDA by Myke Towers', 'Potra Salvaje - Hard Remix by Isabel Aaiún & Fernando Moreno', 'QLONA by KAROL G', 'WYA REMIX RED by J Abdiel & De La Rose & Yan Block', 'La Bachata by Manuel Turizo', 'CRUSH by Sky Rompiendo & Dei V', 'Passoa by JHAYCO & Kapo', 'LA CAPI by Myke Towers', 'EL PANTALON - RUMBAS by Omar Montes', 'El Conjuntito by El Bobe & Omar Montes'}",0,0,0.0,2025-08
2025-08-22,"{'Manos Rotas by DELLAFUENTE & Morad', 'LA REINA by Lola Indigo', 'ADIVINO by Myke Towers & Bad Bunny', 'BADGYAL by SAIKO', 'Ohnana by Kapo', 'HAY LUPITA by Lomiiel', 'LUNA by Feid', 'Thalía - Remix by Cyril Kamer & Rvfv & Polimá Westcoast', 'Vacile by Yan Block', 'New Woman (feat. ROSALÍA) by LISA & ROSALÍA', 'OTRA NOCHE by Myke Towers & Darell', '1000COSAS by Lola Indigo & Manuel Turizo', 'PELIGROSA by FloyyMenor', 'VAGABUNDO by Sebastian Yatra & Manuel Turizo & Beéle', 'Lo Que Tiene by Morad & Beny Jr & Rvfv', 'Doblexxó by J Balvin', 'SI NO ES CONTIGO by Cris Mj', 'Goteras by Omar Montes & JC Reyes', 'REAL GANGSTA LOVE by Trueno', 'Luna llena by Beny Jr', 'Potra Salvaje by Isabel Aaiún', 'FRIKI by Gonzy', 'UWAIE by Kapo', 'Rapido (with Cris Mj) by Dei V', 'Santa by Rvssian', 'El Merengue by Marshmello', 'Si Antes Te Hubiera Conocido by KAROL G', 'ESKELETO by SAIKO', 'Columbia by Quevedo', 'Tu Silueta by Diegote', 'AMARGURA by KAROL G', 'YOTULOKO by Omar Montes & Rels B', 'LA MARINA STA MORENA by Figa Flawas', 'APAGA EL CEL by FloyyMenor', 'COMUNA 3 by JC Reyes & The Rudeboyz', 'LALA by Myke Towers', ""X'CLUSIVO - REMIX by Gonzy & SAIKO & Arcángel"", 'Cuando Te Vi | CROSSOVER #5 by Big One & Maria Becerra & Trueno', 'Gata Only by FloyyMenor', 'Sport+ RMX by Clarent & Myke Towers', 'LA FALDA by Myke Towers', 'Potra Salvaje - Hard Remix by Isabel Aaiún & Fernando Moreno', 'QLONA by KAROL G', 'WYA REMIX RED by J Abdiel & De La Rose & Yan Block', 'La Bachata by Manuel Turizo', 'CRUSH by Sky Rompiendo & Dei V', 'Passoa by JHAYCO & Kapo', 'LA CAPI by Myke Towers', 'EL PANTALON - RUMBAS by Omar Montes', 'El Conjuntito by El Bobe & Omar Montes'}",0,0,0.0,2025-08
2025-08-23,"{'Manos Rotas by DELLAFUENTE & Morad', 'LA REINA by Lola Indigo', 'ADIVINO by Myke Towers & Bad Bunny', 'BADGYAL by SAIKO', 'Ohnana by Kapo', 'HAY LUPITA by Lomiiel', 'LUNA by Feid', 'Thalía - Remix by Cyril Kamer & Rvfv & Polimá Westcoast', 'Vacile by Yan Block', 'New Woman (feat. ROSALÍA) by LISA & ROSALÍA', 'OTRA NOCHE by Myke Towers & Darell', '1000COSAS by Lola Indigo & Manuel Turizo', 'PELIGROSA by FloyyMenor', 'VAGABUNDO by Sebastian Yatra & Manuel Turizo & Beéle', 'Lo Que Tiene by Morad & Beny Jr & Rvfv', 'Doblexxó by J Balvin', 'SI NO ES CONTIGO by Cris Mj', 'Goteras by Omar Montes & JC Reyes', 'REAL GANGSTA LOVE by Trueno', 'Luna llena by Beny Jr', 'Potra Salvaje by Isabel Aaiún', 'FRIKI by Gonzy', 'UWAIE by Kapo', 'Rapido (with Cris Mj) by Dei V', 'Santa by Rvssian', 'El Merengue by Marshmello', 'Si Antes Te Hubiera Conocido by KAROL G', 'ESKELETO by SAIKO', 'Columbia by Quevedo', 'Tu Silueta by Diegote', 'AMARGURA by KAROL G', 'YOTULOKO by Omar Montes & Rels B', 'LA MARINA STA MORENA by Figa Flawas', 'APAGA EL CEL by FloyyMenor', 'COMUNA 3 by JC Reyes & The Rudeboyz', 'LALA by Myke Towers', ""X'CLUSIVO - REMIX by Gonzy & SAIKO & Arcángel"", 'Cuando Te Vi | CROSSOVER #5 by Big One & Maria Becerra & Trueno', 'Gata Only by FloyyMenor', 'Sport+ RMX by Clarent & Myke Towers', 'LA FALDA by Myke Towers', 'Potra Salvaje - Hard Remix by Isabel Aaiún & Fernando Moreno', 'QLONA by KAROL G', 'WYA REMIX RED by J Abdiel & De La Rose & Yan Block', 'La Bachata by Manuel Turizo', 'CRUSH by Sky Rompiendo & Dei V', 'Passoa by JHAYCO & Kapo', 'LA CAPI by Myke Towers', 'EL PANTALON - RUMBAS by Omar Montes', 'El Conjuntito by El Bobe & Omar Montes'}",0,0,0.0,2025-08
2025-08-24,"{'LA REINA by Lola Indigo', 'SEXO DESENFRENADO by Myke Towers', 'Ohnana by Kapo', 'BADGYAL by SAIKO', 'FRÍO by Myke Towers', 'HAY LUPITA by Lomiiel', 'LUNA by Feid', 'SE ME OLVIDA by Maisak & Feid', 'MEJOR ASÍ by Myke Towers', 'New Woman (feat. ROSALÍA) by LISA & ROSALÍA', 'OTRA NOCHE (feat. Darell) by Myke Towers', 'Vacile by Yan Block', '1000COSAS by Lola Indigo & Manuel Turizo', 'PELIGROSA by FloyyMenor', 'SE TE NOTA (feat. Peso Pluma) by Myke Towers', 'El Fin del Mundo by La La Love You', 'ADIVINO by Myke Towers', 'Goteras by Omar Montes & JC Reyes', 'REAL GANGSTA LOVE by Trueno', 'Luna llena by Beny Jr', 'FRIKI by Gonzy', 'UWAIE by Kapo', 'DINERO y FAMA (feat. Omar Montes) by Myke Towers', 'AUNQUE LLEGUE OTRO (feat. Jay Wheeler) by Myke Towers', 'Rapido (with Cris Mj) by Dei V', 'Santa by Rvssian', 'El Merengue by Marshmello', 'Si Antes Te Hubiera Conocido by KAROL G', 'Columbia by Quevedo', 'Tu Silueta by Diegote', 'AMARGURA by KAROL G', 'CACHÉ by Myke Towers', 'YOTULOKO by Omar Montes & Rels B', 'OTRA OPORTUNIDAD by Myke Towers', 'LA MARINA STA MORENA by Figa Flawas', 'LALA by Myke Towers', 'COMPETENCIA by Myke Towers', ""X'CLUSIVO - REMIX by Gonzy & SAIKO & Arcángel"", 'Cuando Te Vi | CROSSOVER #5 by Big One & Maria Becerra & Trueno', 'Gata Only by FloyyMenor', 'DIABLITA (feat. YOVNGCHIMI) by Myke Towers', 'LA FALDA by Myke Towers', 'Potra Salvaje - Hard Remix by Isabel Aaiún & Fernando Moreno', 'QLONA by KAROL G', 'La Bachata by Manuel Turizo', 'TAMBIÉN by Myke Towers', 'Passoa by JHAYCO & Kapo', 'LA CAPI by Myke Towers', 'EL PANTALON - RUMBAS by Omar Montes', 'El Conjuntito by El Bobe & Omar Montes'}",15,15,0.3,2025-08
2025-08-25,"{'Manos Rotas by DELLAFUENTE & Morad', 'LA REINA by Lola Indigo', 'Ohnana by Kapo', 'BADGYAL by SAIKO', 'SE ME OLVIDA by Maisak & Feid', 'HAY LUPITA by Lomiiel', 'LUNA by Feid', 'Vacile by Yan Block', 'OTRA NOCHE (feat. Darell) by Myke Towers', 'New Woman (feat. ROSALÍA) by LISA & ROSALÍA', '1000COSAS by Lola Indigo & Manuel Turizo', 'PELIGROSA by FloyyMenor', 'SE TE NOTA (feat. Peso Pluma) by Myke Towers', 'VAGABUNDO by Sebastian Yatra & Manuel Turizo & Beéle', 'El Fin del Mundo by La La Love You', 'Lo Que Tiene by Morad & Beny Jr & Rvfv', 'ADIVINO by Myke Towers', 'SI NO ES CONTIGO by Cris Mj', 'Goteras by Omar Montes & JC Reyes', 'REAL GANGSTA LOVE by Trueno', 'Luna llena by Beny Jr', 'Potra Salvaje by Isabel Aaiún', 'FRIKI by Gonzy', 'UWAIE by Kapo', 'Rapido (with Cris Mj) by Dei V', 'Santa by Rvssian', 'El Merengue by Marshmello', 'Si Antes Te Hubiera Conocido by KAROL G', 'La Rizos [Dime Si Le Comento a la Pura] by Las 2K & Chardo Chardemio & Melody Records International', 'ESKELETO by SAIKO', 'Columbia by Quevedo', 'Tu Silueta by Diegote', 'AMARGURA by KAROL G', 'YOTULOKO by Omar Montes & Rels B', 'LA MARINA STA MORENA by Figa Flawas', 'COMUNA 3 by JC Reyes & The Rudeboyz', 'LALA by Myke Towers', 'COMPETENCIA by Myke Towers', ""X'CLUSIVO - REMIX by Gonzy & SAIKO & Arcángel"", 'Cuando Te Vi | CROSSOVER #5 by Big One & Maria Becerra & Trueno', 'Gata Only by FloyyMenor', 'LA FALDA by Myke Towers', 'Potra Salvaje - Hard Remix by Isabel Aaiún & Fernando Moreno', 'QLONA by KAROL G', 'WYA REMIX RED by J Abdiel & De La Rose & Yan Block', 'La Bachata by Manuel Turizo', 'Passoa by JHAYCO & Kapo', 'LA CAPI by Myke Towers', 'EL PANTALON - RUMBAS by Omar Montes', 'El Conjuntito by El Bobe & Omar Montes'}",9,9,0.18,2025-08
2025-08-26,"{'Manos Rotas by DELLAFUENTE & Morad', 'LA REINA by Lola Indigo', 'Ohnana by Kapo', 'BADGYAL by SAIKO', 'SE ME OLVIDA by Maisak & Feid', 'HAY LUPITA by Lomiiel', 'LUNA by Feid', 'Vacile by Yan Block', 'OTRA NOCHE (feat. Darell) by Myke Towers', 'New Woman (feat. ROSALÍA) by LISA & ROSALÍA', '1000COSAS by Lola Indigo & Manuel Turizo', 'PELIGROSA by FloyyMenor', 'VAGABUNDO by Sebastian Yatra & Manuel Turizo & Beéle', 'El Fin del Mundo by La La Love You', 'Lo Que Tiene by Morad & Beny Jr & Rvfv', 'ADIVINO by Myke Towers', 'SI NO ES CONTIGO by Cris Mj', 'Goteras by Omar Montes & JC Reyes', 'Mi Luz (ft. Rels B) by Rvfv', 'REAL GANGSTA LOVE by Trueno', 'Luna llena by Beny Jr', 'El Patio by Pepe y Vizio & Delaossa & KIDDO', 'Potra Salvaje by Isabel Aaiún', 'FRIKI by Gonzy', 'UWAIE by Kapo', 'Rapido (with Cris Mj) by Dei V', 'Santa by Rvssian', 'El Merengue by Marshmello', 'Si Antes Te Hubiera Conocido by KAROL G', 'La Rizos [Dime Si Le Comento a la Pura] by Las 2K & Chardo Chardemio & Melody Records International', 'ESKELETO by SAIKO', 'Columbia by Quevedo', 'Tu Silueta by Diegote', 'AMARGURA by KAROL G', 'YOTULOKO by Omar Montes & Rels B', 'LA MARINA STA MORENA by Figa Flawas', 'COMUNA 3 by JC Reyes & The Rudeboyz', 'LALA by Myke Towers', ""X'CLUSIVO - REMIX by Gonzy & SAIKO & Arcángel"", 'Cuando Te Vi | CROSSOVER #5 by Big One & Maria Becerra & Trueno', 'Gata Only by FloyyMenor', 'LA FALDA by Myke Towers', 'Potra Salvaje - Hard Remix by Isabel Aaiún & Fernando Moreno', 'QLONA by KAROL G', 'WYA REMIX RED by J Abdiel & De La Rose & Yan Block', 'La Bachata by Manuel Turizo', 'Passoa by JHAYCO & Kapo', 'LA CAPI by Myke Towers', 'EL PANTALON - RUMBAS by Omar Montes', 'El Conjuntito by El Bobe & Omar Montes'}",2,2,0.04,2025-08
2025-08-27,"{'Manos Rotas by DELLAFUENTE & Morad', 'LA REINA by Lola Indigo', 'Ohnana by Kapo', 'BADGYAL by SAIKO', 'SE ME OLVIDA by Maisak & Feid', 'HAY LUPITA by Lomiiel', 'LUNA by Feid', 'Vacile by Yan Block', 'OTRA NOCHE (feat. Darell) by Myke Towers', 'New Woman (feat. ROSALÍA) by LISA & ROSALÍA', '1000COSAS by Lola Indigo & Manuel Turizo', 'PELIGROSA by FloyyMenor', 'VAGABUNDO by Sebastian Yatra & Manuel Turizo & Beéle', 'El Fin del Mundo by La La Love You', 'Lo Que Tiene by Morad & Beny Jr & Rvfv', 'ADIVINO by Myke Towers', 'SI NO ES CONTIGO by Cris Mj', 'Goteras by Omar Montes & JC Reyes', 'Mi Luz (ft. Rels B) by Rvfv', 'REAL GANGSTA LOVE by Trueno', 'Luna llena by Beny Jr', 'El Patio by Pepe y Vizio & Delaossa & KIDDO', 'Potra Salvaje by Isabel Aaiún', 'FRIKI by Gonzy', 'UWAIE by Kapo', 'Rapido (with Cris Mj) by Dei V', 'Santa by Rvssian', 'El Merengue by Marshmello', 'Si Antes Te Hubiera Conocido by KAROL G', 'La Rizos [Dime Si Le Comento a la Pura] by Las 2K & Chardo Chardemio & Melody Records International', 'ESKELETO by SAIKO', 'Columbia by Quevedo', 'Tu Silueta by Diegote', 'AMARGURA by KAROL G', 'YOTULOKO by Omar Montes & Rels B', 'LA MARINA STA MORENA by Figa Flawas', 'COMUNA 3 by JC Reyes & The Rudeboyz', 'LALA by Myke Towers', ""X'CLUSIVO - REMIX by Gonzy & SAIKO & Arcángel"", 'Cuando Te Vi | CROSSOVER #5 by Big One & Maria Becerra & Trueno', 'Gata Only by FloyyMenor', 'LA FALDA by Myke Towers', 'Potra Salvaje - Hard Remix by Isabel Aaiún & Fernando Moreno', 'QLONA by KAROL G', 'WYA REMIX RED by J Abdiel & De La Rose & Yan Block', 'La Bachata by Manuel Turizo', 'Passoa by JHAYCO & Kapo', 'LA CAPI by Myke Towers', 'EL PANTALON - RUMBAS by Omar Montes', 'El Conjuntito by El Bobe & Omar Montes'}",0,0,0.0,2025-08
2025-08-28,"{'Manos Rotas by DELLAFUENTE & Morad', 'LA REINA by Lola Indigo', 'Ohnana by Kapo', 'BADGYAL by SAIKO', 'SE ME OLVIDA by Maisak & Feid', 'HAY LUPITA by Lomiiel', 'LUNA by Feid', 'Vacile by Yan Block', 'OTRA NOCHE (feat. Darell) by Myke Towers', 'New Woman (feat. ROSALÍA) by LISA & ROSALÍA', '1000COSAS by Lola Indigo & Manuel Turizo', 'PELIGROSA by FloyyMenor', 'VAGABUNDO by Sebastian Yatra & Manuel Turizo & Beéle', 'El Fin del Mundo by La La Love You', 'Lo Que Tiene by Morad & Beny Jr & Rvfv', 'ADIVINO by Myke Towers', 'SI NO ES CONTIGO by Cris Mj', 'Goteras by Omar Montes & JC Reyes', 'Mi Luz (ft. Rels B) by Rvfv', 'REAL GANGSTA LOVE by Trueno', 'Luna llena by Beny Jr', 'Potra Salvaje by Isabel Aaiún', 'FRIKI by Gonzy', 'UWAIE by Kapo', 'Rapido (with Cris Mj) by Dei V', 'Santa by Rvssian', 'El Merengue by Marshmello', 'Si Antes Te Hubiera Conocido by KAROL G', 'La Rizos [Dime Si Le Comento a la Pura] by Las 2K & Chardo Chardemio & Melody Records International', 'ESKELETO by SAIKO', 'Columbia by Quevedo', 'Tu Silueta by Diegote', 'AMARGURA by KAROL G', 'YOTULOKO by Omar Montes & Rels B', 'LA MARINA STA MORENA by Figa Flawas', 'COMUNA 3 by JC Reyes & The Rudeboyz', 'LALA by Myke Towers', ""X'CLUSIVO - REMIX by Gonzy & SAIKO & Arcángel"", 'Cuando Te Vi | CROSSOVER #5 by Big One & Maria Becerra & Trueno', 'Gata Only by FloyyMenor', 'DIABLITA (feat. YOVNGCHIMI) by Myke Towers', 'LA FALDA by Myke Towers', 'Potra Salvaje - Hard Remix by Isabel Aaiún & Fernando Moreno', 'QLONA by KAROL G', 'WYA REMIX RED by J Abdiel & De La Rose & Yan Block', 'La Bachata by Manuel Turizo', 'Passoa by JHAYCO & Kapo', 'LA CAPI by Myke Towers', 'EL PANTALON - RUMBAS by Omar Montes', 'El Conjuntito by El Bobe & Omar Montes'}",1,1,0.02,2025-08
2025-08-29,"{'Manos Rotas by DELLAFUENTE & Morad', 'LA REINA by Lola Indigo', 'Ohnana by Kapo', 'BADGYAL by SAIKO', 'SE ME OLVIDA by Maisak & Feid', 'HAY LUPITA by Lomiiel', 'LUNA by Feid', 'Vacile by Yan Block', 'OTRA NOCHE (feat. Darell) by Myke Towers', 'New Woman (feat. ROSALÍA) by LISA & ROSALÍA', '1000COSAS by Lola Indigo & Manuel Turizo', 'PELIGROSA by FloyyMenor', 'VAGABUNDO by Sebastian Yatra & Manuel Turizo & Beéle', 'El Fin del Mundo by La La Love You', 'Lo Que Tiene by Morad & Beny Jr & Rvfv', 'ADIVINO by Myke Towers', 'SI NO ES CONTIGO by Cris Mj', 'Goteras by Omar Montes & JC Reyes', 'Mi Luz (ft. Rels B) by Rvfv', 'REAL GANGSTA LOVE by Trueno', 'Luna llena by Beny Jr', 'FRIKI by Gonzy', 'UWAIE by Kapo', 'Rapido (with Cris Mj) by Dei V', 'Santa by Rvssian', 'El Merengue by Marshmello', 'Si Antes Te Hubiera Conocido by KAROL G', 'La Rizos [Dime Si Le Comento a la Pura] by Las 2K & Chardo Chardemio & Melody Records International', 'ESKELETO by SAIKO', 'Columbia by Quevedo', 'Tu Silueta by Diegote', 'AMARGURA by KAROL G', 'YOTULOKO by Omar Montes & Rels B', 'Taste by Sabrina Carpenter', 'LA MARINA STA MORENA by Figa Flawas', 'COMUNA 3 by JC Reyes & The Rudeboyz', 'LALA by Myke Towers', ""X'CLUSIVO - REMIX by Gonzy & SAIKO & Arcángel"", 'Cuando Te Vi | CROSSOVER #5 by Big One & Maria Becerra & Trueno', 'Gata Only by FloyyMenor', 'DIABLITA (feat. YOVNGCHIMI) by Myke Towers', 'LA FALDA by Myke Towers', 'Potra Salvaje - Hard Remix by Isabel Aaiún & Fernando Moreno', 'QLONA by KAROL G', 'WYA REMIX RED by J Abdiel & De La Rose & Yan Block', 'La Bachata by Manuel Turizo', 'Passoa by JHAYCO & Kapo', 'LA CAPI by Myke Towers', 'EL PANTALON - RUMBAS by Omar Montes', 'El Conjuntito by El Bobe & Omar Montes'}",1,1,0.02,2025-08
2025-08-30,"{'Manos Rotas by DELLAFUENTE & Morad', 'LA REINA by Lola Indigo', 'Ohnana by Kapo', 'BADGYAL by SAIKO', 'SE ME OLVIDA by Maisak & Feid', 'HAY LUPITA by Lomiiel', 'LUNA by Feid', 'Vacile by Yan Block', 'OTRA NOCHE (feat. Darell) by Myke Towers', 'New Woman (feat. ROSALÍA) by LISA & ROSALÍA', '1000COSAS by Lola Indigo & Manuel Turizo', 'PELIGROSA by FloyyMenor', 'VAGABUNDO by Sebastian Yatra & Manuel Turizo & Beéle', 'El Fin del Mundo by La La Love You', 'Lo Que Tiene by Morad & Beny Jr & Rvfv', 'ADIVINO by Myke Towers', 'SI NO ES CONTIGO by Cris Mj', 'Goteras by Omar Montes & JC Reyes', 'Mi Luz (ft. Rels B) by Rvfv', 'REAL GANGSTA LOVE by Trueno', 'Luna llena by Beny Jr', 'FRIKI by Gonzy', 'UWAIE by Kapo', 'Rapido (with Cris Mj) by Dei V', 'Santa by Rvssian', 'El Merengue by Marshmello', 'Si Antes Te Hubiera Conocido by KAROL G', 'La Rizos [Dime Si Le Comento a la Pura] by Las 2K & Chardo Chardemio & Melody Records International', 'ESKELETO by SAIKO', 'Columbia by Quevedo', 'Tu Silueta by Diegote', 'AMARGURA by KAROL G', 'YOTULOKO by Omar Montes & Rels B', 'Taste by Sabrina Carpenter', 'LA MARINA STA MORENA by Figa Flawas', 'COMUNA 3 by JC Reyes & The Rudeboyz', 'LALA by Myke Towers', ""X'CLUSIVO - REMIX by Gonzy & SAIKO & Arcángel"", 'Cuando Te Vi | CROSSOVER #5 by Big One & Maria Becerra & Trueno', 'Gata Only by FloyyMenor', 'DIABLITA (feat. YOVNGCHIMI) by Myke Towers', 'LA FALDA by Myke Towers', 'Potra Salvaje - Hard Remix by Isabel Aaiún & Fernando Moreno', 'QLONA by KAROL G', 'WYA REMIX RED by J Abdiel & De La Rose & Yan Block', 'La Bachata by Manuel Turizo', 'Passoa by JHAYCO & Kapo', 'LA CAPI by Myke Towers', 'EL PANTALON - RUMBAS by Omar Montes', 'El Conjuntito by El Bobe & Omar Montes'}",0,0,0.0,2025-08
2025-08-31,"{'Manos Rotas by DELLAFUENTE & Morad', 'LA REINA by Lola Indigo', 'Ohnana by Kapo', 'BADGYAL by SAIKO', 'SE ME OLVIDA by Maisak & Feid', 'HAY LUPITA by Lomiiel', 'LUNA by Feid', 'Die With A Smile by Lady Gaga & Bruno Mars', 'OTRA NOCHE (feat. Darell) by Myke Towers', 'Vacile by Yan Block', '1000COSAS by Lola Indigo & Manuel Turizo', 'PELIGROSA by FloyyMenor', 'VAGABUNDO by Sebastian Yatra & Manuel Turizo & Beéle', 'El Fin del Mundo by La La Love You', 'Lo Que Tiene by Morad & Beny Jr & Rvfv', 'ADIVINO by Myke Towers', 'SI NO ES CONTIGO by Cris Mj', 'Goteras by Omar Montes & JC Reyes', 'Mi Luz (ft. Rels B) by Rvfv', 'REAL GANGSTA LOVE by Trueno', 'Luna llena by Beny Jr', 'FRIKI by Gonzy', 'UWAIE by Kapo', 'Rapido (with Cris Mj) by Dei V', 'Santa by Rvssian', 'El Merengue by Marshmello', 'Si Antes Te Hubiera Conocido by KAROL G', 'La Rizos [Dime Si Le Comento a la Pura] by Las 2K & Chardo Chardemio & Melody Records International', 'ESKELETO by SAIKO', 'Columbia by Quevedo', 'Tu Silueta by Diegote', 'AMARGURA by KAROL G', 'YOTULOKO by Omar Montes & Rels B', 'Taste by Sabrina Carpenter', 'LA MARINA STA MORENA by Figa Flawas', 'COMUNA 3 by JC Reyes & The Rudeboyz', 'LALA by Myke Towers', ""X'CLUSIVO - REMIX by Gonzy & SAIKO & Arcángel"", 'Cuando Te Vi | CROSSOVER #5 by Big One & Maria Becerra & Trueno', 'Gata Only by FloyyMenor', 'DIABLITA (feat. YOVNGCHIMI) by Myke Towers', 'LA FALDA by Myke Towers', 'Potra Salvaje - Hard Remix by Isabel Aaiún & Fernando Moreno', 'QLONA by KAROL G', 'WYA REMIX RED by J Abdiel & De La Rose & Yan Block', 'La Bachata by Manuel Turizo', 'Passoa by JHAYCO & Kapo', 'LA CAPI by Myke Towers', 'EL PANTALON - RUMBAS by Omar Montes', 'El Conjuntito by El Bobe & Omar Montes'}",1,1,0.02,2025-08
2025-09-01,"{'Manos Rotas by DELLAFUENTE & Morad', 'LA REINA by Lola Indigo', 'Ohnana by Kapo', 'BADGYAL by SAIKO', 'SE ME OLVIDA by Maisak & Feid', 'HAY LUPITA by Lomiiel', 'LUNA by Feid', 'Vacile by Yan Block', 'OTRA NOCHE (feat. Darell) by Myke Towers', '1000COSAS by Lola Indigo & Manuel Turizo', 'PELIGROSA by FloyyMenor', 'VAGABUNDO by Sebastian Yatra & Manuel Turizo & Beéle', 'El Fin del Mundo by La La Love You', 'Lo Que Tiene by Morad & Beny Jr & Rvfv', 'ADIVINO by Myke Towers', 'SI NO ES CONTIGO by Cris Mj', 'Goteras by Omar Montes & JC Reyes', 'Mi Luz (ft. Rels B) by Rvfv', 'REAL GANGSTA LOVE by Trueno', 'Luna llena by Beny Jr', 'FRIKI by Gonzy', 'UWAIE by Kapo', 'Rapido (with Cris Mj) by Dei V', 'Santa by Rvssian', 'El Merengue by Marshmello', 'Si Antes Te Hubiera Conocido by KAROL G', 'La Rizos [Dime Si Le Comento a la Pura] by Las 2K & Chardo Chardemio & Melody Records International', 'ESKELETO by SAIKO', 'Columbia by Quevedo', 'Tu Silueta by Diegote', 'AMARGURA by KAROL G', 'YOTULOKO by Omar Montes & Rels B', 'Taste by Sabrina Carpenter', 'LA MARINA STA MORENA by Figa Flawas', 'COMUNA 3 by JC Reyes & The Rudeboyz', 'CARITA TRISTE by Ana Mena & Emilia', 'LALA by Myke Towers', ""X'CLUSIVO - REMIX by Gonzy & SAIKO & Arcángel"", 'Cuando Te Vi | CROSSOVER #5 by Big One & Maria Becerra & Trueno', 'Gata Only by FloyyMenor', 'DIABLITA (feat. YOVNGCHIMI) by Myke Towers', 'LA FALDA by Myke Towers', 'Potra Salvaje - Hard Remix by Isabel Aaiún & Fernando Moreno', 'QLONA by KAROL G', 'WYA REMIX RED by J Abdiel & De La Rose & Yan Block', 'La Bachata by Manuel Turizo', 'Passoa by JHAYCO & Kapo', 'LA CAPI by Myke Towers', 'EL PANTALON - RUMBAS by Omar Montes', 'El Conjuntito by El Bobe & Omar Montes'}",1,1,0.02,2025-09
2025-09-02,"{'Manos Rotas by DELLAFUENTE & Morad', 'LA REINA by Lola Indigo', 'Ohnana by Kapo', 'BADGYAL by SAIKO', 'SE ME OLVIDA by Maisak & Feid', 'HAY LUPITA by Lomiiel', 'LUNA by Feid', 'Vacile by Yan Block', 'OTRA NOCHE (feat. Darell) by Myke Towers', '1000COSAS by Lola Indigo & Manuel Turizo', 'PELIGROSA by FloyyMenor', 'El Fin del Mundo by La La Love You', 'Lo Que Tiene by Morad & Beny Jr & Rvfv', 'ADIVINO by Myke Towers', 'SI NO ES CONTIGO by Cris Mj', 'Goteras by Omar Montes & JC Reyes', 'Mi Luz (ft. Rels B) by Rvfv', 'REAL GANGSTA LOVE by Trueno', 'Luna llena by Beny Jr', 'FRIKI by Gonzy', 'UWAIE by Kapo', 'Rapido (with Cris Mj) by Dei V', 'Santa by Rvssian', 'El Merengue by Marshmello', 'Si Antes Te Hubiera Conocido by KAROL G', 'La Rizos [Dime Si Le Comento a la Pura] by Las 2K & Chardo Chardemio & Melody Records International', 'ESKELETO by SAIKO', 'Columbia by Quevedo', 'Tu Silueta by Diegote', 'AMARGURA by KAROL G', 'YOTULOKO by Omar Montes & Rels B', 'Taste by Sabrina Carpenter', 'LA MARINA STA MORENA by Figa Flawas', 'COMUNA 3 by JC Reyes & The Rudeboyz', 'CARITA TRISTE by Ana Mena & Emilia', 'LALA by Myke Towers', ""X'CLUSIVO - REMIX by Gonzy & SAIKO & Arcángel"", 'Cuando Te Vi | CROSSOVER #5 by Big One & Maria Becerra & Trueno', 'Gata Only by FloyyMenor', 'DIABLITA (feat. YOVNGCHIMI) by Myke Towers', 'LA FALDA by Myke Towers', 'Potra Salvaje - Hard Remix by Isabel Aaiún & Fernando Moreno', 'QLONA by KAROL G', 'WYA REMIX RED by J Abdiel & De La Rose & Yan Block', 'La Bachata by Manuel Turizo', 'TAMBIÉN by Myke Towers', 'Passoa by JHAYCO & Kapo', 'LA CAPI by Myke Towers', 'EL PANTALON - RUMBAS by Omar Montes', 'El Conjuntito by El Bobe & Omar Montes'}",1,1,0.02,2025-09
2025-09-03,"{'Manos Rotas by DELLAFUENTE & Morad', 'LA REINA by Lola Indigo', 'Ohnana by Kapo', 'BADGYAL by SAIKO', 'SE ME OLVIDA by Maisak & Feid', 'HAY LUPITA by Lomiiel', 'LUNA by Feid', 'Vacile by Yan Block', 'OTRA NOCHE (feat. Darell) by Myke Towers', '1000COSAS by Lola Indigo & Manuel Turizo', 'PELIGROSA by FloyyMenor', 'El Fin del Mundo by La La Love You', 'Lo Que Tiene by Morad & Beny Jr & Rvfv', 'ADIVINO by Myke Towers', 'SI NO ES CONTIGO by Cris Mj', 'Goteras by Omar Montes & JC Reyes', 'Mi Luz (ft. Rels B) by Rvfv', 'REAL GANGSTA LOVE by Trueno', 'Luna llena by Beny Jr', 'FRIKI by Gonzy', 'UWAIE by Kapo', 'Rapido (with Cris Mj) by Dei V', 'Santa by Rvssian', 'El Merengue by Marshmello', 'Si Antes Te Hubiera Conocido by KAROL G', 'La Rizos [Dime Si Le Comento a la Pura] by Las 2K & Chardo Chardemio & Melody Records International', 'ESKELETO by SAIKO', 'Columbia by Quevedo', 'Tu Silueta by Diegote', 'AMARGURA by KAROL G', 'YOTULOKO by Omar Montes & Rels B', 'Taste by Sabrina Carpenter', 'LA MARINA STA MORENA by Figa Flawas', 'COMUNA 3 by JC Reyes & The Rudeboyz', 'CARITA TRISTE by Ana Mena & Emilia', 'LALA by Myke Towers', ""X'CLUSIVO - REMIX by Gonzy & SAIKO & Arcángel"", 'Cuando Te Vi | CROSSOVER #5 by Big One & Maria Becerra & Trueno', 'Gata Only by FloyyMenor', 'DIABLITA (feat. YOVNGCHIMI) by Myke Towers', 'LA FALDA by Myke Towers', 'Potra Salvaje - Hard Remix by Isabel Aaiún & Fernando Moreno', 'QLONA by KAROL G', 'WYA REMIX RED by J Abdiel & De La Rose & Yan Block', 'La Bachata by Manuel Turizo', 'TAMBIÉN by Myke Towers', 'Passoa by JHAYCO & Kapo', 'LA CAPI by Myke Towers', 'EL PANTALON - RUMBAS by Omar Montes', 'El Conjuntito by El Bobe & Omar Montes'}",0,0,0.0,2025-09
2025-09-04,"{'Manos Rotas by DELLAFUENTE & Morad', 'LA REINA by Lola Indigo', 'Ohnana by Kapo', 'BADGYAL by SAIKO', 'SE ME OLVIDA by Maisak & Feid', 'HAY LUPITA by Lomiiel', 'LUNA by Feid', 'Vacile by Yan Block', 'OTRA NOCHE (feat. Darell) by Myke Towers', '1000COSAS by Lola Indigo & Manuel Turizo', 'PELIGROSA by FloyyMenor', 'Lo Que Tiene by Morad & Beny Jr & Rvfv', 'ADIVINO by Myke Towers', 'SI NO ES CONTIGO by Cris Mj', 'Goteras by Omar Montes & JC Reyes', 'Me has invitado a bailar by Dani Fernández', 'Mi Luz (ft. Rels B) by Rvfv', 'REAL GANGSTA LOVE by Trueno', 'Luna llena by Beny Jr', 'FRIKI by Gonzy', 'UWAIE by Kapo', 'Rapido (with Cris Mj) by Dei V', 'Santa by Rvssian', 'El Merengue by Marshmello', 'Si Antes Te Hubiera Conocido by KAROL G', 'La Rizos [Dime Si Le Comento a la Pura] by Las 2K & Chardo Chardemio & Melody Records International', 'ESKELETO by SAIKO', 'Columbia by Quevedo', 'Tu Silueta by Diegote', 'AMARGURA by KAROL G', 'YOTULOKO by Omar Montes & Rels B', 'LA MARINA STA MORENA by Figa Flawas', 'APAGA EL CEL by FloyyMenor', 'COMUNA 3 by JC Reyes & The Rudeboyz', 'CARITA TRISTE by Ana Mena & Emilia', 'LALA by Myke Towers', ""X'CLUSIVO - REMIX by Gonzy & SAIKO & Arcángel"", 'Cuando Te Vi | CROSSOVER #5 by Big One & Maria Becerra & Trueno', 'Gata Only by FloyyMenor', 'DIABLITA (feat. YOVNGCHIMI) by Myke Towers', 'LA FALDA by Myke Towers', 'Potra Salvaje - Hard Remix by Isabel Aaiún & Fernando Moreno', 'QLONA by KAROL G', 'WYA REMIX RED by J Abdiel & De La Rose & Yan Block', 'La Bachata by Manuel Turizo', 'TAMBIÉN by Myke Towers', 'Passoa by JHAYCO & Kapo', 'LA CAPI by Myke Towers', 'EL PANTALON - RUMBAS by Omar Montes', 'El Conjuntito by El Bobe & Omar Montes'}",2,2,0.04,2025-09
2025-09-05,"{'Manos Rotas by DELLAFUENTE & Morad', 'LA REINA by Lola Indigo', 'Ohnana by Kapo', 'BADGYAL by SAIKO', 'SE ME OLVIDA by Maisak & Feid', 'HAY LUPITA by Lomiiel', 'LUNA by Feid', 'Vacile by Yan Block', 'OTRA NOCHE (feat. Darell) by Myke Towers', '1000COSAS by Lola Indigo & Manuel Turizo', 'PELIGROSA by FloyyMenor', 'El Fin del Mundo by La La Love You', 'Lo Que Tiene by Morad & Beny Jr & Rvfv', 'ADIVINO by Myke Towers', 'SI NO ES CONTIGO by Cris Mj', 'Goteras by Omar Montes & JC Reyes', 'Me has invitado a bailar by Dani Fernández', 'Mi Luz (ft. Rels B) by Rvfv', 'REAL GANGSTA LOVE by Trueno', 'Luna llena by Beny Jr', 'FRIKI by Gonzy', 'UWAIE by Kapo', 'Rapido (with Cris Mj) by Dei V', 'Santa by Rvssian', 'El Merengue by Marshmello', 'Si Antes Te Hubiera Conocido by KAROL G', 'La Rizos [Dime Si Le Comento a la Pura] by Las 2K & Chardo Chardemio & Melody Records International', 'ESKELETO by SAIKO', 'Columbia by Quevedo', 'Tu Silueta by Diegote', 'AMARGURA by KAROL G', 'YOTULOKO by Omar Montes & Rels B', 'LA MARINA STA MORENA by Figa Flawas', 'COMUNA 3 by JC Reyes & The Rudeboyz', 'CARITA TRISTE by Ana Mena & Emilia', 'LALA by Myke Towers', ""X'CLUSIVO - REMIX by Gonzy & SAIKO & Arcángel"", 'Cuando Te Vi | CROSSOVER #5 by Big One & Maria Becerra & Trueno', 'Gata Only by FloyyMenor', 'LA FALDA by Myke Towers', 'Potra Salvaje - Hard Remix by Isabel Aaiún & Fernando Moreno', 'QLONA by KAROL G', 'WYA REMIX RED by J Abdiel & De La Rose & Yan Block', 'La Bachata by Manuel Turizo', 'Martini by Dei V', 'TAMBIÉN by Myke Towers', 'Passoa by JHAYCO & Kapo', 'LA CAPI by Myke Towers', 'EL PANTALON - RUMBAS by Omar Montes', 'El Conjuntito by El Bobe & Omar Montes'}",2,2,0.04,2025-09
2025-09-06,"{'Manos Rotas by DELLAFUENTE & Morad', 'LA REINA by Lola Indigo', 'Ohnana by Kapo', 'BADGYAL by SAIKO', 'SE ME OLVIDA by Maisak & Feid', 'HAY LUPITA by Lomiiel', 'LUNA by Feid', 'Vacile by Yan Block', 'OTRA NOCHE (feat. Darell) by Myke Towers', '1000COSAS by Lola Indigo & Manuel Turizo', 'PELIGROSA by FloyyMenor', 'El Fin del Mundo by La La Love You', 'Lo Que Tiene by Morad & Beny Jr & Rvfv', 'ADIVINO by Myke Towers', 'SI NO ES CONTIGO by Cris Mj', 'Goteras by Omar Montes & JC Reyes', 'Me has invitado a bailar by Dani Fernández', 'Mi Luz (ft. Rels B) by Rvfv', 'REAL GANGSTA LOVE by Trueno', 'Luna llena by Beny Jr', 'FRIKI by Gonzy', 'UWAIE by Kapo', 'Rapido (with Cris Mj) by Dei V', 'Santa by Rvssian', 'El Merengue by Marshmello', 'Si Antes Te Hubiera Conocido by KAROL G', 'La Rizos [Dime Si Le Comento a la Pura] by Las 2K & Chardo Chardemio & Melody Records International', 'ESKELETO by SAIKO', 'Columbia by Quevedo', 'Tu Silueta by Diegote', 'AMARGURA by KAROL G', 'YOTULOKO by Omar Montes & Rels B', 'LA MARINA STA MORENA by Figa Flawas', 'COMUNA 3 by JC Reyes & The Rudeboyz', 'CARITA TRISTE by Ana Mena & Emilia', 'LALA by Myke Towers', ""X'CLUSIVO - REMIX by Gonzy & SAIKO & Arcángel"", 'Cuando Te Vi | CROSSOVER #5 by Big One & Maria Becerra & Trueno', 'Gata Only by FloyyMenor', 'LA FALDA by Myke Towers', 'Potra Salvaje - Hard Remix by Isabel Aaiún & Fernando Moreno', 'QLONA by KAROL G', 'WYA REMIX RED by J Abdiel & De La Rose & Yan Block', 'La Bachata by Manuel Turizo', 'Martini by Dei V', 'TAMBIÉN by Myke Towers', 'Passoa by JHAYCO & Kapo', 'LA CAPI by Myke Towers', 'EL PANTALON - RUMBAS by Omar Montes', 'El Conjuntito by El Bobe & Omar Montes'}",0,0,0.0,2025-09
2025-09-07,"{'Manos Rotas by DELLAFUENTE & Morad', 'Beso Prohibido by Beny Jr', 'LA REINA by Lola Indigo', 'Ohnana by Kapo', 'BADGYAL by SAIKO', 'SE ME OLVIDA by Maisak & Feid', 'HAY LUPITA by Lomiiel', 'LUNA by Feid', 'Vacile by Yan Block', 'OTRA NOCHE (feat. Darell) by Myke Towers', '1000COSAS by Lola Indigo & Manuel Turizo', 'PELIGROSA by FloyyMenor', 'El Fin del Mundo by La La Love You', 'Lo Que Tiene by Morad & Beny Jr & Rvfv', 'ADIVINO by Myke Towers', 'SI NO ES CONTIGO by Cris Mj', 'Goteras by Omar Montes & JC Reyes', 'Me has invitado a bailar by Dani Fernández', 'REAL GANGSTA LOVE by Trueno', 'Luna llena by Beny Jr', 'FRIKI by Gonzy', 'UWAIE by Kapo', 'Rapido (with Cris Mj) by Dei V', 'Santa by Rvssian', 'El Merengue by Marshmello', 'Si Antes Te Hubiera Conocido by KAROL G', 'La Rizos [Dime Si Le Comento a la Pura] by Las 2K & Chardo Chardemio & Melody Records International', 'ESKELETO by SAIKO', 'Columbia by Quevedo', 'Tu Silueta by Diegote', 'AMARGURA by KAROL G', 'YOTULOKO by Omar Montes & Rels B', 'LA MARINA STA MORENA by Figa Flawas', 'COMUNA 3 by JC Reyes & The Rudeboyz', 'CARITA TRISTE by Ana Mena & Emilia', 'LALA by Myke Towers', ""X'CLUSIVO - REMIX by Gonzy & SAIKO & Arcángel"", 'Cuando Te Vi | CROSSOVER #5 by Big One & Maria Becerra & Trueno', 'Gata Only by FloyyMenor', 'LA FALDA by Myke Towers', 'Potra Salvaje - Hard Remix by Isabel Aaiún & Fernando Moreno', 'QLONA by KAROL G', 'WYA REMIX RED by J Abdiel & De La Rose & Yan Block', 'La Bachata by Manuel Turizo', 'Martini by Dei V', 'TAMBIÉN by Myke Towers', 'Passoa by JHAYCO & Kapo', 'LA CAPI by Myke Towers', 'EL PANTALON - RUMBAS by Omar Montes', 'El Conjuntito by El Bobe & Omar Montes'}",1,1,0.02,2025-09
2025-09-08,"{'Manos Rotas by DELLAFUENTE & Morad', 'LA REINA by Lola Indigo', 'Ohnana by Kapo', 'BADGYAL by SAIKO', 'SE ME OLVIDA by Maisak & Feid', 'HAY LUPITA by Lomiiel', 'LUNA by Feid', 'Vacile by Yan Block', 'OTRA NOCHE (feat. Darell) by Myke Towers', '1000COSAS by Lola Indigo & Manuel Turizo', 'PELIGROSA by FloyyMenor', 'El Fin del Mundo by La La Love You', 'Lo Que Tiene by Morad & Beny Jr & Rvfv', 'ADIVINO by Myke Towers', 'SI NO ES CONTIGO by Cris Mj', 'Goteras by Omar Montes & JC Reyes', 'Me has invitado a bailar by Dani Fernández', 'Mi Luz (ft. Rels B) by Rvfv', 'REAL GANGSTA LOVE by Trueno', 'Luna llena by Beny Jr', 'FRIKI by Gonzy', 'Passoa by JHAYCO', 'UWAIE by Kapo', 'Rapido (with Cris Mj) by Dei V', 'Santa by Rvssian', 'El Merengue by Marshmello', 'Si Antes Te Hubiera Conocido by KAROL G', 'La Rizos [Dime Si Le Comento a la Pura] by Las 2K & Chardo Chardemio & Melody Records International', 'ESKELETO by SAIKO', 'Columbia by Quevedo', 'Tu Silueta by Diegote', 'AMARGURA by KAROL G', '58 by JHAYCO', 'YOTULOKO by Omar Montes & Rels B', 'LA MARINA STA MORENA by Figa Flawas', 'COMUNA 3 by JC Reyes & The Rudeboyz', 'CARITA TRISTE by Ana Mena & Emilia', 'LALA by Myke Towers', ""X'CLUSIVO - REMIX by Gonzy & SAIKO & Arcángel"", 'Cuando Te Vi | CROSSOVER #5 by Big One & Maria Becerra & Trueno', 'Gata Only by FloyyMenor', 'LA FALDA by Myke Towers', 'Potra Salvaje - Hard Remix by Isabel Aaiún & Fernando Moreno', 'QLONA by KAROL G', 'WYA REMIX RED by J Abdiel & De La Rose & Yan Block', 'La Bachata by Manuel Turizo', 'TAMBIÉN by Myke Towers', 'LA CAPI by Myke Towers', 'EL PANTALON - RUMBAS by Omar Montes', 'El Conjuntito by El Bobe & Omar Montes'}",3,3,0.06,2025-09
2025-09-09,"{'Manos Rotas by DELLAFUENTE & Morad', 'LA REINA by Lola Indigo', 'Ohnana by Kapo', 'BADGYAL by SAIKO', 'SE ME OLVIDA by Maisak & Feid', 'HAY LUPITA by Lomiiel', 'LUNA by Feid', 'Vacile by Yan Block', 'OTRA NOCHE (feat. Darell) by Myke Towers', '1000COSAS by Lola Indigo & Manuel Turizo', 'PELIGROSA by FloyyMenor', 'VAGABUNDO by Sebastian Yatra & Manuel Turizo & Beéle', 'El Fin del Mundo by La La Love You', 'Lo Que Tiene by Morad & Beny Jr & Rvfv', 'ADIVINO by Myke Towers', 'SI NO ES CONTIGO by Cris Mj', 'Goteras by Omar Montes & JC Reyes', 'Me has invitado a bailar by Dani Fernández', 'Mi Luz (ft. Rels B) by Rvfv', 'REAL GANGSTA LOVE by Trueno', 'Luna llena by Beny Jr', 'FRIKI by Gonzy', 'Passoa by JHAYCO', 'UWAIE by Kapo', 'Rapido (with Cris Mj) by Dei V', 'Santa by Rvssian', 'El Merengue by Marshmello', 'Si Antes Te Hubiera Conocido by KAROL G', 'La Rizos [Dime Si Le Comento a la Pura] by Las 2K & Chardo Chardemio & Melody Records International', 'ESKELETO by SAIKO', 'Columbia by Quevedo', 'Tu Silueta by Diegote', 'AMARGURA by KAROL G', 'YOTULOKO by Omar Montes & Rels B', 'LA MARINA STA MORENA by Figa Flawas', 'COMUNA 3 by JC Reyes & The Rudeboyz', 'CARITA TRISTE by Ana Mena & Emilia', 'LALA by Myke Towers', ""X'CLUSIVO - REMIX by Gonzy & SAIKO & Arcángel"", 'Cuando Te Vi | CROSSOVER #5 by Big One & Maria Becerra & Trueno', 'Gata Only by FloyyMenor', 'LA FALDA by Myke Towers', 'Potra Salvaje - Hard Remix by Isabel Aaiún & Fernando Moreno', 'QLONA by KAROL G', 'WYA REMIX RED by J Abdiel & De La Rose & Yan Block', 'La Bachata by Manuel Turizo', 'TAMBIÉN by Myke Towers', 'LA CAPI by Myke Towers', 'EL PANTALON - RUMBAS by Omar Montes', 'El Conjuntito by El Bobe & Omar Montes'}",1,1,0.02,2025-09
2025-09-10,"{'Manos Rotas by DELLAFUENTE & Morad', 'LA REINA by Lola Indigo', 'Ohnana by Kapo', 'BADGYAL by SAIKO', 'SE ME OLVIDA by Maisak & Feid', 'HAY LUPITA by Lomiiel', 'LUNA by Feid', 'Vacile by Yan Block', 'OTRA NOCHE (feat. Darell) by Myke Towers', '1000COSAS by Lola Indigo & Manuel Turizo', 'PELIGROSA by FloyyMenor', 'VAGABUNDO by Sebastian Yatra & Manuel Turizo & Beéle', 'El Fin del Mundo by La La Love You', 'Lo Que Tiene by Morad & Beny Jr & Rvfv', 'ADIVINO by Myke Towers', 'SI NO ES CONTIGO by Cris Mj', 'Goteras by Omar Montes & JC Reyes', 'Me has invitado a bailar by Dani Fernández', 'Mi Luz (ft. Rels B) by Rvfv', 'REAL GANGSTA LOVE by Trueno', 'Luna llena by Beny Jr', 'FRIKI by Gonzy', 'Passoa by JHAYCO', 'UWAIE by Kapo', 'Rapido (with Cris Mj) by Dei V', 'Santa by Rvssian', 'El Merengue by Marshmello', 'Si Antes Te Hubiera Conocido by KAROL G', 'La Rizos [Dime Si Le Comento a la Pura] by Las 2K & Chardo Chardemio & Melody Records International', 'ESKELETO by SAIKO', 'Columbia by Quevedo', 'Tu Silueta by Diegote', 'AMARGURA by KAROL G', 'YOTULOKO by Omar Montes & Rels B', 'LA MARINA STA MORENA by Figa Flawas', 'COMUNA 3 by JC Reyes & The Rudeboyz', 'CARITA TRISTE by Ana Mena & Emilia', 'LALA by Myke Towers', ""X'CLUSIVO - REMIX by Gonzy & SAIKO & Arcángel"", 'Cuando Te Vi | CROSSOVER #5 by Big One & Maria Becerra & Trueno', 'Gata Only by FloyyMenor', 'LA FALDA by Myke Towers', 'Potra Salvaje - Hard Remix by Isabel Aaiún & Fernando Moreno', 'QLONA by KAROL G', 'WYA REMIX RED by J Abdiel & De La Rose & Yan Block', 'La Bachata by Manuel Turizo', 'TAMBIÉN by Myke Towers', 'LA CAPI by Myke Towers', 'EL PANTALON - RUMBAS by Omar Montes', 'El Conjuntito by El Bobe & Omar Montes'}",0,0,0.0,2025-09
2025-09-11,"{'Manos Rotas by DELLAFUENTE & Morad', 'LA REINA by Lola Indigo', 'Ohnana by Kapo', 'BADGYAL by SAIKO', 'SE ME OLVIDA by Maisak & Feid', 'HAY LUPITA by Lomiiel', 'LUNA by Feid', 'Vacile by Yan Block', 'OTRA NOCHE (feat. Darell) by Myke Towers', '1000COSAS by Lola Indigo & Manuel Turizo', 'PELIGROSA by FloyyMenor', 'El Fin del Mundo by La La Love You', 'Lo Que Tiene by Morad & Beny Jr & Rvfv', 'ADIVINO by Myke Towers', 'SI NO ES CONTIGO by Cris Mj', 'Goteras by Omar Montes & JC Reyes', 'Me has invitado a bailar by Dani Fernández', 'REAL GANGSTA LOVE by Trueno', 'Luna llena by Beny Jr', 'FRIKI by Gonzy', 'Passoa by JHAYCO', 'UWAIE by Kapo', 'Rapido (with Cris Mj) by Dei V', 'Santa by Rvssian', 'El Merengue by Marshmello', 'Si Antes Te Hubiera Conocido by KAROL G', 'La Rizos [Dime Si Le Comento a la Pura] by Las 2K & Chardo Chardemio & Melody Records International', 'ESKELETO by SAIKO', 'Columbia by Quevedo', 'Tu Silueta by Diegote', 'AMARGURA by KAROL G', '58 by JHAYCO', 'YOTULOKO by Omar Montes & Rels B', 'LA MARINA STA MORENA by Figa Flawas', 'COMUNA 3 by JC Reyes & The Rudeboyz', 'CARITA TRISTE by Ana Mena & Emilia', 'LALA by Myke Towers', ""X'CLUSIVO - REMIX by Gonzy & SAIKO & Arcángel"", 'Cuando Te Vi | CROSSOVER #5 by Big One & Maria Becerra & Trueno', 'Gata Only by FloyyMenor', 'The Emptiness Machine by Linkin Park', 'LA FALDA by Myke Towers', 'Potra Salvaje - Hard Remix by Isabel Aaiún & Fernando Moreno', 'QLONA by KAROL G', 'WYA REMIX RED by J Abdiel & De La Rose & Yan Block', 'La Bachata by Manuel Turizo', 'TAMBIÉN by Myke Towers', 'LA CAPI by Myke Towers', 'EL PANTALON - RUMBAS by Omar Montes', 'El Conjuntito by El Bobe & Omar Montes'}",2,2,0.04,2025-09
2025-09-12,"{'Manos Rotas by DELLAFUENTE & Morad', 'LA REINA by Lola Indigo', 'Ohnana by Kapo', 'BADGYAL by SAIKO', 'SE ME OLVIDA by Maisak & Feid', 'HAY LUPITA by Lomiiel', 'LUNA by Feid', 'Vacile by Yan Block', 'OTRA NOCHE (feat. Darell) by Myke Towers', '1000COSAS by Lola Indigo & Manuel Turizo', 'PELIGROSA by FloyyMenor', 'El Fin del Mundo by La La Love You', 'Lo Que Tiene by Morad & Beny Jr & Rvfv', 'ADIVINO by Myke Towers', 'SI NO ES CONTIGO by Cris Mj', 'Goteras by Omar Montes & JC Reyes', 'Me has invitado a bailar by Dani Fernández', 'REAL GANGSTA LOVE by Trueno', 'Luna llena by Beny Jr', 'FRIKI by Gonzy', 'Passoa by JHAYCO', 'UWAIE by Kapo', 'Rapido (with Cris Mj) by Dei V', 'Santa by Rvssian', 'El Merengue by Marshmello', 'Si Antes Te Hubiera Conocido by KAROL G', 'La Rizos [Dime Si Le Comento a la Pura] by Las 2K & Chardo Chardemio & Melody Records International', 'ESKELETO by SAIKO', 'Columbia by Quevedo', 'Tu Silueta by Diegote', 'AMARGURA by KAROL G', '58 by JHAYCO', 'YOTULOKO by Omar Montes & Rels B', 'LA MARINA STA MORENA by Figa Flawas', 'COMUNA 3 by JC Reyes & The Rudeboyz', 'CARITA TRISTE by Ana Mena & Emilia', 'LALA by Myke Towers', ""X'CLUSIVO - REMIX by Gonzy & SAIKO & Arcángel"", 'Cuando Te Vi | CROSSOVER #5 by Big One & Maria Becerra & Trueno', 'Gata Only by FloyyMenor', 'The Emptiness Machine by Linkin Park', 'LA FALDA by Myke Towers', 'Potra Salvaje - Hard Remix by Isabel Aaiún & Fernando Moreno', 'QLONA by KAROL G', 'WYA REMIX RED by J Abdiel & De La Rose & Yan Block', 'La Bachata by Manuel Turizo', 'TAMBIÉN by Myke Towers', 'LA CAPI by Myke Towers', 'EL PANTALON - RUMBAS by Omar Montes', 'El Conjuntito by El Bobe & Omar Montes'}",0,0,0.0,2025-09
2025-09-13,"{'Manos Rotas by DELLAFUENTE & Morad', 'LA REINA by Lola Indigo', 'Ohnana by Kapo', 'BADGYAL by SAIKO', 'SE ME OLVIDA by Maisak & Feid', 'HAY LUPITA by Lomiiel', 'LUNA by Feid', 'Vacile by Yan Block', 'OTRA NOCHE (feat. Darell) by Myke Towers', '1000COSAS by Lola Indigo & Manuel Turizo', 'PELIGROSA by FloyyMenor', 'El Fin del Mundo by La La Love You', 'Lo Que Tiene by Morad & Beny Jr & Rvfv', 'ADIVINO by Myke Towers', 'SI NO ES CONTIGO by Cris Mj', 'Goteras by Omar Montes & JC Reyes', 'Me has invitado a bailar by Dani Fernández', 'Mi Luz (ft. Rels B) by Rvfv', 'REAL GANGSTA LOVE by Trueno', 'Luna llena by Beny Jr', 'FRIKI by Gonzy', 'Passoa by JHAYCO', 'UWAIE by Kapo', 'Rapido (with Cris Mj) by Dei V', 'Santa by Rvssian', 'El Merengue by Marshmello', 'Si Antes Te Hubiera Conocido by KAROL G', 'La Rizos [Dime Si Le Comento a la Pura] by Las 2K & Chardo Chardemio & Melody Records International', 'ESKELETO by SAIKO', 'Columbia by Quevedo', 'Tu Silueta by Diegote', 'AMARGURA by KAROL G', '58 by JHAYCO', 'YOTULOKO by Omar Montes & Rels B', 'LA MARINA STA MORENA by Figa Flawas', 'COMUNA 3 by JC Reyes & The Rudeboyz', 'CARITA TRISTE by Ana Mena & Emilia', 'LALA by Myke Towers', ""X'CLUSIVO - REMIX by Gonzy & SAIKO & Arcángel"", 'Cuando Te Vi | CROSSOVER #5 by Big One & Maria Becerra & Trueno', 'Gata Only by FloyyMenor', 'The Emptiness Machine by Linkin Park', 'LA FALDA by Myke Towers', 'Potra Salvaje - Hard Remix by Isabel Aaiún & Fernando Moreno', 'QLONA by KAROL G', 'WYA REMIX RED by J Abdiel & De La Rose & Yan Block', 'La Bachata by Manuel Turizo', 'TAMBIÉN by Myke Towers', 'LA CAPI by Myke Towers', 'El Conjuntito by El Bobe & Omar Montes'}",1,1,0.02,2025-09
2025-09-14,"{'Manos Rotas by DELLAFUENTE & Morad', 'LA REINA by Lola Indigo', 'Ohnana by Kapo', 'BADGYAL by SAIKO', 'SE ME OLVIDA by Maisak & Feid', 'HAY LUPITA by Lomiiel', 'LUNA by Feid', 'Vacile by Yan Block', 'OTRA NOCHE (feat. Darell) by Myke Towers', '1000COSAS by Lola Indigo & Manuel Turizo', 'PELIGROSA by FloyyMenor', 'Lo Que Tiene by Morad & Beny Jr & Rvfv', 'ADIVINO by Myke Towers', 'SI NO ES CONTIGO by Cris Mj', 'Goteras by Omar Montes & JC Reyes', 'Me has invitado a bailar by Dani Fernández', 'Mi Luz (ft. Rels B) by Rvfv', 'REAL GANGSTA LOVE by Trueno', 'Luna llena by Beny Jr', 'FRIKI by Gonzy', 'Passoa by JHAYCO', 'UWAIE by Kapo', 'Rapido (with Cris Mj) by Dei V', 'Santa by Rvssian', 'El Merengue by Marshmello', 'Si Antes Te Hubiera Conocido by KAROL G', 'La Rizos [Dime Si Le Comento a la Pura] by Las 2K & Chardo Chardemio & Melody Records International', 'ESKELETO by SAIKO', 'Columbia by Quevedo', 'Tu Silueta by Diegote', 'AMARGURA by KAROL G', '58 by JHAYCO', 'YOTULOKO by Omar Montes & Rels B', 'LA MARINA STA MORENA by Figa Flawas', 'COMUNA 3 by JC Reyes & The Rudeboyz', 'CARITA TRISTE by Ana Mena & Emilia', 'LALA by Myke Towers', ""X'CLUSIVO - REMIX by Gonzy & SAIKO & Arcángel"", 'Cuando Te Vi | CROSSOVER #5 by Big One & Maria Becerra & Trueno', 'Gata Only by FloyyMenor', 'The Emptiness Machine by Linkin Park', 'LA FALDA by Myke Towers', 'Potra Salvaje - Hard Remix by Isabel Aaiún & Fernando Moreno', 'QLONA by KAROL G', 'WYA REMIX RED by J Abdiel & De La Rose & Yan Block', 'La Bachata by Manuel Turizo', 'Martini by Dei V', 'TAMBIÉN by Myke Towers', 'LA CAPI by Myke Towers', 'El Conjuntito by El Bobe & Omar Montes'}",1,1,0.02,2025-09
2025-09-15,"{'LA REINA by Lola Indigo', 'Ohnana by Kapo', 'BADGYAL by SAIKO', 'SE ME OLVIDA by Maisak & Feid', 'HAY LUPITA by Lomiiel', 'LUNA by Feid', 'Vacile by Yan Block', 'OTRA NOCHE (feat. Darell) by Myke Towers', '1000COSAS by Lola Indigo & Manuel Turizo', 'PELIGROSA by FloyyMenor', 'El Fin del Mundo by La La Love You', 'Lo Que Tiene by Morad & Beny Jr & Rvfv', 'ADIVINO by Myke Towers', 'SI NO ES CONTIGO by Cris Mj', 'Goteras by Omar Montes & JC Reyes', 'Me has invitado a bailar by Dani Fernández', 'Mi Luz (ft. Rels B) by Rvfv', 'REAL GANGSTA LOVE by Trueno', 'Luna llena by Beny Jr', 'FRIKI by Gonzy', 'Passoa by JHAYCO', 'UWAIE by Kapo', 'Rapido (with Cris Mj) by Dei V', 'Santa by Rvssian', 'El Merengue by Marshmello', 'Si Antes Te Hubiera Conocido by KAROL G', 'La Rizos [Dime Si Le Comento a la Pura] by Las 2K & Chardo Chardemio & Melody Records International', 'ESKELETO by SAIKO', 'Columbia by Quevedo', 'Tu Silueta by Diegote', 'AMARGURA by KAROL G', '58 by JHAYCO', 'YOTULOKO by Omar Montes & Rels B', 'LA MARINA STA MORENA by Figa Flawas', 'COMUNA 3 by JC Reyes & The Rudeboyz', 'CARITA TRISTE by Ana Mena & Emilia', 'LALA by Myke Towers', ""X'CLUSIVO - REMIX by Gonzy & SAIKO & Arcángel"", 'Cuando Te Vi | CROSSOVER #5 by Big One & Maria Becerra & Trueno', 'Gata Only by FloyyMenor', 'The Emptiness Machine by Linkin Park', 'LA FALDA by Myke Towers', 'Potra Salvaje - Hard Remix by Isabel Aaiún & Fernando Moreno', 'QLONA by KAROL G', 'WYA REMIX RED by J Abdiel & De La Rose & Yan Block', 'La Bachata by Manuel Turizo', 'TAMBIÉN by Myke Towers', 'La Torre Picasso by Arde Bogotá', 'LA CAPI by Myke Towers', 'El Conjuntito by El Bobe & Omar Montes'}",2,2,0.04,2025-09
2025-09-16,"{'LA REINA by Lola Indigo', 'Ohnana by Kapo', 'BADGYAL by SAIKO', 'SE ME OLVIDA by Maisak & Feid', 'HAY LUPITA by Lomiiel', 'LUNA by Feid', 'Vacile by Yan Block', 'OTRA NOCHE (feat. Darell) by Myke Towers', '1000COSAS by Lola Indigo & Manuel Turizo', 'PELIGROSA by FloyyMenor', 'El Fin del Mundo by La La Love You', 'Lo Que Tiene by Morad & Beny Jr & Rvfv', 'ADIVINO by Myke Towers', 'SI NO ES CONTIGO by Cris Mj', 'Goteras by Omar Montes & JC Reyes', 'Me has invitado a bailar by Dani Fernández', 'Mi Luz (ft. Rels B) by Rvfv', 'REAL GANGSTA LOVE by Trueno', 'Luna llena by Beny Jr', 'FRIKI by Gonzy', 'Passoa by JHAYCO', 'UWAIE by Kapo', 'Rapido (with Cris Mj) by Dei V', 'Santa by Rvssian', 'El Merengue by Marshmello', 'Si Antes Te Hubiera Conocido by KAROL G', 'ESKELETO by SAIKO', 'Columbia by Quevedo', 'Tu Silueta by Diegote', 'AMARGURA by KAROL G', '58 by JHAYCO', 'YOTULOKO by Omar Montes & Rels B', 'LA MARINA STA MORENA by Figa Flawas', 'COMUNA 3 by JC Reyes & The Rudeboyz', 'CARITA TRISTE by Ana Mena & Emilia', 'LALA by Myke Towers', ""X'CLUSIVO - REMIX by Gonzy & SAIKO & Arcángel"", 'Cuando Te Vi | CROSSOVER #5 by Big One & Maria Becerra & Trueno', 'Gata Only by FloyyMenor', 'The Emptiness Machine by Linkin Park', 'LA FALDA by Myke Towers', 'Hablame Claro by Yandel & Feid', 'Potra Salvaje - Hard Remix by Isabel Aaiún & Fernando Moreno', 'QLONA by KAROL G', 'WYA REMIX RED by J Abdiel & De La Rose & Yan Block', 'La Bachata by Manuel Turizo', 'Martini by Dei V', 'TAMBIÉN by Myke Towers', 'LA CAPI by Myke Towers', 'El Conjuntito by El Bobe & Omar Montes'}",2,2,0.04,2025-09
2025-09-17,"{'Manos Rotas by DELLAFUENTE & Morad', 'LA REINA by Lola Indigo', 'Ohnana by Kapo', 'BADGYAL by SAIKO', 'SE ME OLVIDA by Maisak & Feid', 'HAY LUPITA by Lomiiel', 'LUNA by Feid', 'Vacile by Yan Block', 'OTRA NOCHE (feat. Darell) by Myke Towers', '1000COSAS by Lola Indigo & Manuel Turizo', 'PELIGROSA by FloyyMenor', 'El Fin del Mundo by La La Love You', 'Lo Que Tiene by Morad & Beny Jr & Rvfv', 'ADIVINO by Myke Towers', 'SI NO ES CONTIGO by Cris Mj', 'Goteras by Omar Montes & JC Reyes', 'Me has invitado a bailar by Dani Fernández', 'Mi Luz (ft. Rels B) by Rvfv', 'REAL GANGSTA LOVE by Trueno', 'Luna llena by Beny Jr', 'FRIKI by Gonzy', 'Passoa by JHAYCO', 'UWAIE by Kapo', 'Rapido (with Cris Mj) by Dei V', 'Santa by Rvssian', 'El Merengue by Marshmello', 'Si Antes Te Hubiera Conocido by KAROL G', 'ESKELETO by SAIKO', 'Columbia by Quevedo', 'Tu Silueta by Diegote', 'AMARGURA by KAROL G', 'YOTULOKO by Omar Montes & Rels B', 'LA MARINA STA MORENA by Figa Flawas', 'COMUNA 3 by JC Reyes & The Rudeboyz', 'CARITA TRISTE by Ana Mena & Emilia', 'LALA by Myke Towers', ""X'CLUSIVO - REMIX by Gonzy & SAIKO & Arcángel"", 'Cuando Te Vi | CROSSOVER #5 by Big One & Maria Becerra & Trueno', 'Gata Only by FloyyMenor', 'The Emptiness Machine by Linkin Park', 'LA FALDA by Myke Towers', 'Hablame Claro by Yandel & Feid', 'Potra Salvaje - Hard Remix by Isabel Aaiún & Fernando Moreno', 'QLONA by KAROL G', 'WYA REMIX RED by J Abdiel & De La Rose & Yan Block', 'La Bachata by Manuel Turizo', 'Martini by Dei V', 'TAMBIÉN by Myke Towers', 'LA CAPI by Myke Towers', 'El Conjuntito by El Bobe & Omar Montes'}",1,1,0.02,2025-09
2025-09-18,"{'Manos Rotas by DELLAFUENTE & Morad', 'LA REINA by Lola Indigo', 'Ohnana by Kapo', 'BADGYAL by SAIKO', 'SE ME OLVIDA by Maisak & Feid', 'HAY LUPITA by Lomiiel', 'LUNA by Feid', 'Vacile by Yan Block', 'OTRA NOCHE (feat. Darell) by Myke Towers', '1000COSAS by Lola Indigo & Manuel Turizo', 'PELIGROSA by FloyyMenor', 'El Fin del Mundo by La La Love You', 'Lo Que Tiene by Morad & Beny Jr & Rvfv', 'ADIVINO by Myke Towers', 'SI NO ES CONTIGO by Cris Mj', 'Goteras by Omar Montes & JC Reyes', 'Me has invitado a bailar by Dani Fernández', 'Mi Luz (ft. Rels B) by Rvfv', 'REAL GANGSTA LOVE by Trueno', 'Luna llena by Beny Jr', 'FRIKI by Gonzy', 'Passoa by JHAYCO', 'UWAIE by Kapo', 'Rapido (with Cris Mj) by Dei V', 'Santa by Rvssian', 'El Merengue by Marshmello', 'Si Antes Te Hubiera Conocido by KAROL G', 'ESKELETO by SAIKO', 'Columbia by Quevedo', 'Tu Silueta by Diegote', 'AMARGURA by KAROL G', '58 by JHAYCO', 'YOTULOKO by Omar Montes & Rels B', 'LA MARINA STA MORENA by Figa Flawas', 'CARITA TRISTE by Ana Mena & Emilia', 'LALA by Myke Towers', ""X'CLUSIVO - REMIX by Gonzy & SAIKO & Arcángel"", 'Cuando Te Vi | CROSSOVER #5 by Big One & Maria Becerra & Trueno', 'Gata Only by FloyyMenor', 'The Emptiness Machine by Linkin Park', 'LA FALDA by Myke Towers', 'Hablame Claro by Yandel & Feid', 'Potra Salvaje - Hard Remix by Isabel Aaiún & Fernando Moreno', 'QLONA by KAROL G', 'WYA REMIX RED by J Abdiel & De La Rose & Yan Block', 'La Bachata by Manuel Turizo', 'Martini by Dei V', 'TAMBIÉN by Myke Towers', 'LA CAPI by Myke Towers', 'El Conjuntito by El Bobe & Omar Montes'}",1,1,0.02,2025-09
2025-09-19,"{'Manos Rotas by DELLAFUENTE & Morad', 'LA REINA by Lola Indigo', 'Ohnana by Kapo', 'BADGYAL by SAIKO', 'SE ME OLVIDA by Maisak & Feid', 'HAY LUPITA by Lomiiel', 'LUNA by Feid', 'Vacile by Yan Block', 'OTRA NOCHE (feat. Darell) by Myke Towers', '1000COSAS by Lola Indigo & Manuel Turizo', 'PELIGROSA by FloyyMenor', 'El Fin del Mundo by La La Love You', 'Lo Que Tiene by Morad & Beny Jr & Rvfv', 'ADIVINO by Myke Towers', 'SI NO ES CONTIGO by Cris Mj', 'Goteras by Omar Montes & JC Reyes', 'Me has invitado a bailar by Dani Fernández', 'Mi Luz (ft. Rels B) by Rvfv', 'REAL GANGSTA LOVE by Trueno', 'Luna llena by Beny Jr', 'FRIKI by Gonzy', 'Passoa by JHAYCO', 'UWAIE by Kapo', 'Rapido (with Cris Mj) by Dei V', 'Santa by Rvssian', 'El Merengue by Marshmello', 'Si Antes Te Hubiera Conocido by KAROL G', 'Después De La 1 by Cris Mj & FloyyMenor', 'Columbia by Quevedo', 'ESKELETO by SAIKO', 'Tu Silueta by Diegote', 'AMARGURA by KAROL G', 'YOTULOKO by Omar Montes & Rels B', 'LA MARINA STA MORENA by Figa Flawas', 'CARITA TRISTE by Ana Mena & Emilia', 'LALA by Myke Towers', ""X'CLUSIVO - REMIX by Gonzy & SAIKO & Arcángel"", 'Cuando Te Vi | CROSSOVER #5 by Big One & Maria Becerra & Trueno', 'Gata Only by FloyyMenor', 'The Emptiness Machine by Linkin Park', 'LA FALDA by Myke Towers', 'Hablame Claro by Yandel & Feid', 'Potra Salvaje - Hard Remix by Isabel Aaiún & Fernando Moreno', 'QLONA by KAROL G', 'WYA REMIX RED by J Abdiel & De La Rose & Yan Block', 'La Bachata by Manuel Turizo', 'Martini by Dei V', 'TAMBIÉN by Myke Towers', 'LA CAPI by Myke Towers', 'El Conjuntito by El Bobe & Omar Montes'}",1,1,0.02,2025-09
2025-09-20,"{'Manos Rotas by DELLAFUENTE & Morad', 'LA REINA by Lola Indigo', 'Ohnana by Kapo', 'BADGYAL by SAIKO', 'SE ME OLVIDA by Maisak & Feid', 'HAY LUPITA by Lomiiel', 'LUNA by Feid', 'Vacile by Yan Block', 'OTRA NOCHE (feat. Darell) by Myke Towers', '1000COSAS by Lola Indigo & Manuel Turizo', 'PELIGROSA by FloyyMenor', 'El Fin del Mundo by La La Love You', 'Lo Que Tiene by Morad & Beny Jr & Rvfv', 'ADIVINO by Myke Towers', 'SI NO ES CONTIGO by Cris Mj', 'Goteras by Omar Montes & JC Reyes', 'Duro De Verdad pt.2 by Los Sufridos', 'Me has invitado a bailar by Dani Fernández', 'Mi Luz (ft. Rels B) by Rvfv', 'REAL GANGSTA LOVE by Trueno', 'Luna llena by Beny Jr', 'FRIKI by Gonzy', 'Passoa by JHAYCO', 'UWAIE by Kapo', 'Rapido (with Cris Mj) by Dei V', 'Santa by Rvssian', 'El Merengue by Marshmello', 'Si Antes Te Hubiera Conocido by KAROL G', 'Después De La 1 by Cris Mj & FloyyMenor', 'Columbia by Quevedo', 'ESKELETO by SAIKO', 'Tu Silueta by Diegote', 'AMARGURA by KAROL G', 'YOTULOKO by Omar Montes & Rels B', 'LA MARINA STA MORENA by Figa Flawas', 'CARITA TRISTE by Ana Mena & Emilia', 'LALA by Myke Towers', ""X'CLUSIVO - REMIX by Gonzy & SAIKO & Arcángel"", 'Cuando Te Vi | CROSSOVER #5 by Big One & Maria Becerra & Trueno', 'Gata Only by FloyyMenor', 'The Emptiness Machine by Linkin Park', 'LA FALDA by Myke Towers', 'Hablame Claro by Yandel & Feid', 'QLONA by KAROL G', 'WYA REMIX RED by J Abdiel & De La Rose & Yan Block', 'La Bachata by Manuel Turizo', 'Martini by Dei V', 'TAMBIÉN by Myke Towers', 'LA CAPI by Myke Towers', 'El Conjuntito by El Bobe & Omar Montes'}",1,1,0.02,2025-09
2025-09-21,"{'Manos Rotas by DELLAFUENTE & Morad', 'LA REINA by Lola Indigo', 'Ohnana by Kapo', 'BADGYAL by SAIKO', 'SE ME OLVIDA by Maisak & Feid', 'HAY LUPITA by Lomiiel', 'LUNA by Feid', 'Vacile by Yan Block', 'OTRA NOCHE (feat. Darell) by Myke Towers', '1000COSAS by Lola Indigo & Manuel Turizo', 'PELIGROSA by FloyyMenor', 'Duro De Verdad pt.2 by Los Sufridos & Bad Gyal', 'El Fin del Mundo by La La Love You', 'Lo Que Tiene by Morad & Beny Jr & Rvfv', 'ADIVINO by Myke Towers', 'Goteras by Omar Montes & JC Reyes', 'Me has invitado a bailar by Dani Fernández', 'Mi Luz (ft. Rels B) by Rvfv', 'REAL GANGSTA LOVE by Trueno', 'Luna llena by Beny Jr', 'FRIKI by Gonzy', 'Passoa by JHAYCO', 'UWAIE by Kapo', 'Rapido (with Cris Mj) by Dei V', 'Santa by Rvssian', 'El Merengue by Marshmello', 'Si Antes Te Hubiera Conocido by KAROL G', 'La Rizos [Dime Si Le Comento a la Pura] by Las 2K & Chardo Chardemio & Melody Records International', 'Después De La 1 by Cris Mj & FloyyMenor', 'Columbia by Quevedo', 'ESKELETO by SAIKO', 'Tu Silueta by Diegote', 'AMARGURA by KAROL G', 'YOTULOKO by Omar Montes & Rels B', 'LA MARINA STA MORENA by Figa Flawas', 'CARITA TRISTE by Ana Mena & Emilia', 'LALA by Myke Towers', ""X'CLUSIVO - REMIX by Gonzy & SAIKO & Arcángel"", 'Cuando Te Vi | CROSSOVER #5 by Big One & Maria Becerra & Trueno', 'Gata Only by FloyyMenor', 'The Emptiness Machine by Linkin Park', 'LA FALDA by Myke Towers', 'Hablame Claro by Yandel & Feid', 'QLONA by KAROL G', 'WYA REMIX RED by J Abdiel & De La Rose & Yan Block', 'La Bachata by Manuel Turizo', 'Martini by Dei V', 'TAMBIÉN by Myke Towers', 'LA CAPI by Myke Towers', 'El Conjuntito by El Bobe & Omar Montes'}",2,2,0.04,2025-09
2025-09-22,"{'LA REINA by Lola Indigo', 'Ohnana by Kapo', 'BADGYAL by SAIKO', 'SE ME OLVIDA by Maisak & Feid', 'HAY LUPITA by Lomiiel', 'LUNA by Feid', 'Vacile by Yan Block', 'OTRA NOCHE (feat. Darell) by Myke Towers', '1000COSAS by Lola Indigo & Manuel Turizo', 'PELIGROSA by FloyyMenor', 'Duro De Verdad pt.2 by Los Sufridos & Bad Gyal', 'El Fin del Mundo by La La Love You', 'Headshot by Anuel AA', 'Lo Que Tiene by Morad & Beny Jr & Rvfv', 'ADIVINO by Myke Towers', 'Goteras by Omar Montes & JC Reyes', 'Me has invitado a bailar by Dani Fernández', 'Una Velita by Bad Bunny', 'Mi Luz (ft. Rels B) by Rvfv', 'REAL GANGSTA LOVE by Trueno', 'Luna llena by Beny Jr', 'FRIKI by Gonzy', 'UWAIE by Kapo', 'Rapido (with Cris Mj) by Dei V', 'Santa by Rvssian', 'El Merengue by Marshmello', 'Si Antes Te Hubiera Conocido by KAROL G', 'La Rizos [Dime Si Le Comento a la Pura] by Las 2K & Chardo Chardemio & Melody Records International', 'Después De La 1 by Cris Mj & FloyyMenor', 'Columbia by Quevedo', 'ESKELETO by SAIKO', 'Tu Silueta by Diegote', 'AMARGURA by KAROL G', 'YOTULOKO by Omar Montes & Rels B', 'LA MARINA STA MORENA by Figa Flawas', 'CARITA TRISTE by Ana Mena & Emilia', 'LALA by Myke Towers', ""X'CLUSIVO - REMIX by Gonzy & SAIKO & Arcángel"", 'Cuando Te Vi | CROSSOVER #5 by Big One & Maria Becerra & Trueno', 'Gata Only by FloyyMenor', 'LA FALDA by Myke Towers', 'Hablame Claro by Yandel & Feid', 'QLONA by KAROL G', 'WYA REMIX RED by J Abdiel & De La Rose & Yan Block', 'La Bachata by Manuel Turizo', 'Martini by Dei V', 'TAMBIÉN by Myke Towers', 'haz lo que quieras conmigo by Walls', 'LA CAPI by Myke Towers', 'Passoa by JHAYCO'}",3,3,0.06,2025-09
2025-09-23,"{'LA REINA by Lola Indigo', 'Ohnana by Kapo', 'BADGYAL by SAIKO', 'SE ME OLVIDA by Maisak & Feid', 'HAY LUPITA by Lomiiel', 'LUNA by Feid', 'Vacile by Yan Block', 'OTRA NOCHE (feat. Darell) by Myke Towers', '1000COSAS by Lola Indigo & Manuel Turizo', 'PELIGROSA by FloyyMenor', 'Duro De Verdad pt.2 by Los Sufridos & Bad Gyal', 'El Fin del Mundo by La La Love You', 'Lo Que Tiene by Morad & Beny Jr & Rvfv', 'ADIVINO by Myke Towers', 'Goteras by Omar Montes & JC Reyes', 'Me has invitado a bailar by Dani Fernández', 'Una Velita by Bad Bunny', 'Mi Luz (ft. Rels B) by Rvfv', 'REAL GANGSTA LOVE by Trueno', 'Luna llena by Beny Jr', 'FRIKI by Gonzy', 'Passoa by JHAYCO', 'UWAIE by Kapo', 'Rapido (with Cris Mj) by Dei V', 'Santa by Rvssian', 'El Merengue by Marshmello', 'Si Antes Te Hubiera Conocido by KAROL G', 'La Rizos [Dime Si Le Comento a la Pura] by Las 2K & Chardo Chardemio & Melody Records International', 'Después De La 1 by Cris Mj & FloyyMenor', 'Columbia by Quevedo', 'ESKELETO by SAIKO', 'Tu Silueta by Diegote', 'AMARGURA by KAROL G', 'YOTULOKO by Omar Montes & Rels B', 'LA MARINA STA MORENA by Figa Flawas', 'CARITA TRISTE by Ana Mena & Emilia', 'LALA by Myke Towers', ""X'CLUSIVO - REMIX by Gonzy & SAIKO & Arcángel"", 'Cuando Te Vi | CROSSOVER #5 by Big One & Maria Becerra & Trueno', 'Gata Only by FloyyMenor', 'LA FALDA by Myke Towers', 'Hablame Claro by Yandel & Feid', 'Potra Salvaje - Hard Remix by Isabel Aaiún & Fernando Moreno', 'QLONA by KAROL G', 'WYA REMIX RED by J Abdiel & De La Rose & Yan Block', 'La Bachata by Manuel Turizo', 'Martini by Dei V', 'TAMBIÉN by Myke Towers', 'LA CAPI by Myke Towers', 'El Conjuntito by El Bobe & Omar Montes'}",2,2,0.04,2025-09
2025-09-24,"{'LA REINA by Lola Indigo', 'Ohnana by Kapo', 'BADGYAL by SAIKO', 'SE ME OLVIDA by Maisak & Feid', 'HAY LUPITA by Lomiiel', 'LUNA by Feid', 'Die With A Smile by Lady Gaga & Bruno Mars', 'OTRA NOCHE (feat. Darell) by Myke Towers', 'Vacile by Yan Block', '1000COSAS by Lola Indigo & Manuel Turizo', 'PELIGROSA by FloyyMenor', 'Duro De Verdad pt.2 by Los Sufridos & Bad Gyal', 'El Fin del Mundo by La La Love You', 'Lo Que Tiene by Morad & Beny Jr & Rvfv', 'ADIVINO by Myke Towers', 'Goteras by Omar Montes & JC Reyes', 'Me has invitado a bailar by Dani Fernández', 'Una Velita by Bad Bunny', 'Mi Luz (ft. Rels B) by Rvfv', 'REAL GANGSTA LOVE by Trueno', 'Luna llena by Beny Jr', 'FRIKI by Gonzy', 'UWAIE by Kapo', 'Rapido (with Cris Mj) by Dei V', 'Santa by Rvssian', 'El Merengue by Marshmello', 'Si Antes Te Hubiera Conocido by KAROL G', 'La Rizos [Dime Si Le Comento a la Pura] by Las 2K & Chardo Chardemio & Melody Records International', 'Después De La 1 by Cris Mj & FloyyMenor', 'Columbia by Quevedo', 'ESKELETO by SAIKO', 'Tu Silueta by Diegote', 'AMARGURA by KAROL G', 'YOTULOKO by Omar Montes & Rels B', 'LA MARINA STA MORENA by Figa Flawas', 'CARITA TRISTE by Ana Mena & Emilia', 'LALA by Myke Towers', ""X'CLUSIVO - REMIX by Gonzy & SAIKO & Arcángel"", 'Cuando Te Vi | CROSSOVER #5 by Big One & Maria Becerra & Trueno', 'Gata Only by FloyyMenor', 'LA FALDA by Myke Towers', 'Hablame Claro by Yandel & Feid', 'Potra Salvaje - Hard Remix by Isabel Aaiún & Fernando Moreno', 'QLONA by KAROL G', 'WYA REMIX RED by J Abdiel & De La Rose & Yan Block', 'La Bachata by Manuel Turizo', 'Martini by Dei V', 'TAMBIÉN by Myke Towers', 'LA CAPI by Myke Towers', 'Passoa by JHAYCO'}",1,1,0.02,2025-09
2025-09-25,"{'Manos Rotas by DELLAFUENTE & Morad', 'LA REINA by Lola Indigo', 'Ohnana by Kapo', 'BADGYAL by SAIKO', 'SE ME OLVIDA by Maisak & Feid', 'HAY LUPITA by Lomiiel', 'LUNA by Feid', 'Die With A Smile by Lady Gaga & Bruno Mars', 'OTRA NOCHE (feat. Darell) by Myke Towers', 'Vacile by Yan Block', '1000COSAS by Lola Indigo & Manuel Turizo', 'PELIGROSA by FloyyMenor', 'Duro De Verdad pt.2 by Los Sufridos & Bad Gyal', 'El Fin del Mundo by La La Love You', 'Lo Que Tiene by Morad & Beny Jr & Rvfv', 'ADIVINO by Myke Towers', 'Goteras by Omar Montes & JC Reyes', 'Me has invitado a bailar by Dani Fernández', 'Una Velita by Bad Bunny', 'Mi Luz (ft. Rels B) by Rvfv', 'REAL GANGSTA LOVE by Trueno', 'Luna llena by Beny Jr', 'FRIKI by Gonzy', 'UWAIE by Kapo', 'Rapido (with Cris Mj) by Dei V', 'Q U E V A S H A C E R H O Y ? by Omar Courtz', 'Santa by Rvssian', 'El Merengue by Marshmello', 'Si Antes Te Hubiera Conocido by KAROL G', 'La Rizos [Dime Si Le Comento a la Pura] by Las 2K & Chardo Chardemio & Melody Records International', 'Después De La 1 by Cris Mj & FloyyMenor', 'Columbia by Quevedo', 'ESKELETO by SAIKO', 'Tu Silueta by Diegote', 'AMARGURA by KAROL G', 'YOTULOKO by Omar Montes & Rels B', 'LA MARINA STA MORENA by Figa Flawas', 'CARITA TRISTE by Ana Mena & Emilia', ""X'CLUSIVO - REMIX by Gonzy & SAIKO & Arcángel"", 'Cuando Te Vi | CROSSOVER #5 by Big One & Maria Becerra & Trueno', 'Gata Only by FloyyMenor', 'LA FALDA by Myke Towers', 'Hablame Claro by Yandel & Feid', 'QLONA by KAROL G', 'WYA REMIX RED by J Abdiel & De La Rose & Yan Block', 'La Bachata by Manuel Turizo', 'Martini by Dei V', 'TAMBIÉN by Myke Towers', 'LA CAPI by Myke Towers', 'Passoa by JHAYCO'}",2,2,0.04,2025-09
2025-09-26,"{'Manos Rotas by DELLAFUENTE & Morad', 'LA REINA by Lola Indigo', 'Ohnana by Kapo', 'BADGYAL by SAIKO', 'SE ME OLVIDA by Maisak & Feid', 'HAY LUPITA by Lomiiel', 'LUNA by Feid', 'Die With A Smile by Lady Gaga & Bruno Mars', 'OTRA NOCHE (feat. Darell) by Myke Towers', 'Vacile by Yan Block', '1000COSAS by Lola Indigo & Manuel Turizo', 'PELIGROSA by FloyyMenor', 'Duro De Verdad pt.2 by Los Sufridos & Bad Gyal', 'Lo Que Tiene by Morad & Beny Jr & Rvfv', 'ADIVINO by Myke Towers', 'Goteras by Omar Montes & JC Reyes', 'Me has invitado a bailar by Dani Fernández', 'Una Velita by Bad Bunny', 'Mi Luz (ft. Rels B) by Rvfv', 'REAL GANGSTA LOVE by Trueno', 'Luna llena by Beny Jr', 'FRIKI by Gonzy', 'UWAIE by Kapo', 'Rapido (with Cris Mj) by Dei V', 'Q U E V A S H A C E R H O Y ? by Omar Courtz', 'Santa by Rvssian', 'El Merengue by Marshmello', 'Si Antes Te Hubiera Conocido by KAROL G', 'La Rizos [Dime Si Le Comento a la Pura] by Las 2K & Chardo Chardemio & Melody Records International', 'Después De La 1 by Cris Mj & FloyyMenor', 'Columbia by Quevedo', 'ESKELETO by SAIKO', 'Tu Silueta by Diegote', 'AMARGURA by KAROL G', 'YOTULOKO by Omar Montes & Rels B', 'LA MARINA STA MORENA by Figa Flawas', 'CARITA TRISTE by Ana Mena & Emilia', ""X'CLUSIVO - REMIX by Gonzy & SAIKO & Arcángel"", 'Cuando Te Vi | CROSSOVER #5 by Big One & Maria Becerra & Trueno', 'Gata Only by FloyyMenor', 'The Emptiness Machine by Linkin Park', 'LA FALDA by Myke Towers', 'Hablame Claro by Yandel & Feid', 'QLONA by KAROL G', 'WYA REMIX RED by J Abdiel & De La Rose & Yan Block', 'La Bachata by Manuel Turizo', 'Martini by Dei V', 'TAMBIÉN by Myke Towers', 'haz lo que quieras conmigo by Walls', 'Passoa by JHAYCO'}",2,2,0.04,2025-09
2025-09-27,"{'Manos Rotas by DELLAFUENTE & Morad', 'LA REINA by Lola Indigo', 'Ohnana by Kapo', 'BADGYAL by SAIKO', 'SE ME OLVIDA by Maisak & Feid', 'HAY LUPITA by Lomiiel', 'LUNA by Feid', 'Die With A Smile by Lady Gaga & Bruno Mars', 'OTRA NOCHE (feat. Darell) by Myke Towers', 'Vacile by Yan Block', '1000COSAS by Lola Indigo & Manuel Turizo', 'PELIGROSA by FloyyMenor', 'Duro De Verdad pt.2 by Los Sufridos & Bad Gyal', 'Lo Que Tiene by Morad & Beny Jr & Rvfv', 'ADIVINO by Myke Towers', 'Goteras by Omar Montes & JC Reyes', 'Omega (feat. Ralphie Choo) by ROSALÍA', 'Me has invitado a bailar by Dani Fernández', 'Una Velita by Bad Bunny', 'Mi Luz (ft. Rels B) by Rvfv', 'REAL GANGSTA LOVE by Trueno', 'Luna llena by Beny Jr', 'FRIKI by Gonzy', 'UWAIE by Kapo', 'Rapido (with Cris Mj) by Dei V', 'Q U E V A S H A C E R H O Y ? by Omar Courtz', 'Santa by Rvssian', 'El Merengue by Marshmello', 'Si Antes Te Hubiera Conocido by KAROL G', 'La Rizos [Dime Si Le Comento a la Pura] by Las 2K & Chardo Chardemio & Melody Records International', 'Después De La 1 by Cris Mj & FloyyMenor', 'Columbia by Quevedo', 'Tu Silueta by Diegote', 'AMARGURA by KAROL G', 'YOTULOKO by Omar Montes & Rels B', 'LA MARINA STA MORENA by Figa Flawas', 'CARITA TRISTE by Ana Mena & Emilia', ""X'CLUSIVO - REMIX by Gonzy & SAIKO & Arcángel"", 'Cuando Te Vi | CROSSOVER #5 by Big One & Maria Becerra & Trueno', 'Gata Only by FloyyMenor', 'The Emptiness Machine by Linkin Park', 'LA FALDA by Myke Towers', 'Hablame Claro by Yandel & Feid', 'QLONA by KAROL G', 'WYA REMIX RED by J Abdiel & De La Rose & Yan Block', 'La Bachata by Manuel Turizo', 'Martini by Dei V', 'TAMBIÉN by Myke Towers', 'Heavy Is the Crown by Linkin Park', 'Passoa by JHAYCO'}",2,2,0.04,2025-09
2025-09-28,"{'Manos Rotas by DELLAFUENTE & Morad', 'LA REINA by Lola Indigo', 'Ohnana by Kapo', 'BADGYAL by SAIKO', 'SE ME OLVIDA by Maisak & Feid', 'HAY LUPITA by Lomiiel', 'LUNA by Feid', 'Die With A Smile by Lady Gaga & Bruno Mars', 'OTRA NOCHE (feat. Darell) by Myke Towers', 'Vacile by Yan Block', '1000COSAS by Lola Indigo & Manuel Turizo', 'PELIGROSA by FloyyMenor', 'Soltera by Shakira', 'Duro De Verdad pt.2 by Los Sufridos & Bad Gyal', 'Lo Que Tiene by Morad & Beny Jr & Rvfv', 'ADIVINO by Myke Towers', 'Goteras by Omar Montes & JC Reyes', 'Omega (feat. Ralphie Choo) by ROSALÍA', 'Me has invitado a bailar by Dani Fernández', 'Mi Luz (ft. Rels B) by Rvfv', 'REAL GANGSTA LOVE by Trueno', 'Luna llena by Beny Jr', 'FRIKI by Gonzy', 'UWAIE by Kapo', 'Rapido (with Cris Mj) by Dei V', 'Q U E V A S H A C E R H O Y ? by Omar Courtz', 'Santa by Rvssian', 'El Merengue by Marshmello', 'Si Antes Te Hubiera Conocido by KAROL G', 'La Rizos [Dime Si Le Comento a la Pura] by Las 2K & Chardo Chardemio & Melody Records International', 'Después De La 1 by Cris Mj & FloyyMenor', 'Columbia by Quevedo', 'ESKELETO by SAIKO', 'Tu Silueta by Diegote', 'AMARGURA by KAROL G', 'YOTULOKO by Omar Montes & Rels B', 'LA MARINA STA MORENA by Figa Flawas', 'CARITA TRISTE by Ana Mena & Emilia', ""X'CLUSIVO - REMIX by Gonzy & SAIKO & Arcángel"", 'Alegría by Tiago PZK', 'Cuando Te Vi | CROSSOVER #5 by Big One & Maria Becerra & Trueno', 'Gata Only by FloyyMenor', 'The Emptiness Machine by Linkin Park', 'LA FALDA by Myke Towers', 'Hablame Claro by Yandel & Feid', 'QLONA by KAROL G', 'WYA REMIX RED by J Abdiel & De La Rose & Yan Block', 'La Bachata by Manuel Turizo', 'Martini by Dei V', 'TAMBIÉN by Myke Towers'}",3,3,0.06,2025-09
2025-09-29,"{'LA REINA by Lola Indigo', 'Ohnana by Kapo', 'BADGYAL by SAIKO', 'SE ME OLVIDA by Maisak & Feid', 'HAY LUPITA by Lomiiel', 'LUNA by Feid', 'Vacile by Yan Block', 'OTRA NOCHE (feat. Darell) by Myke Towers', '1000COSAS by Lola Indigo & Manuel Turizo', 'PELIGROSA by FloyyMenor', 'Soltera by Shakira', 'Duro De Verdad pt.2 by Los Sufridos & Bad Gyal', 'Lo Que Tiene by Morad & Beny Jr & Rvfv', 'ADIVINO by Myke Towers', 'Goteras by Omar Montes & JC Reyes', 'Omega (feat. Ralphie Choo) by ROSALÍA', 'Me has invitado a bailar by Dani Fernández', 'REAL GANGSTA LOVE by Trueno', 'Luna llena by Beny Jr', 'FRIKI by Gonzy', 'UWAIE by Kapo', 'Rapido (with Cris Mj) by Dei V', 'Q U E V A S H A C E R H O Y ? by Omar Courtz', 'Santa by Rvssian', 'El Merengue by Marshmello', 'Si Antes Te Hubiera Conocido by KAROL G', 'La Rizos [Dime Si Le Comento a la Pura] by Las 2K & Chardo Chardemio & Melody Records International', 'Después De La 1 by Cris Mj & FloyyMenor', 'Columbia by Quevedo', 'ESKELETO by SAIKO', 'Timeless (with Playboi Carti) by The Weeknd & Playboi Carti', 'AMARGURA by KAROL G', 'Tu Silueta by Diegote', 'YOTULOKO by Omar Montes & Rels B', 'LA MARINA STA MORENA by Figa Flawas', 'CARITA TRISTE by Ana Mena & Emilia', ""X'CLUSIVO - REMIX by Gonzy & SAIKO & Arcángel"", 'Alegría by Tiago PZK', 'Cuando Te Vi | CROSSOVER #5 by Big One & Maria Becerra & Trueno', 'Gata Only by FloyyMenor', 'The Emptiness Machine by Linkin Park', 'LA FALDA by Myke Towers', 'Hablame Claro by Yandel & Feid', 'QLONA by KAROL G', 'WYA REMIX RED by J Abdiel & De La Rose & Yan Block', 'Hoy by Valentino Merlo & The La Planta', 'La Bachata by Manuel Turizo', 'Martini by Dei V', 'TAMBIÉN by Myke Towers', 'Pasaporte by Rauw Alejandro & Mr. Naisgai'}",3,3,0.06,2025-09
2025-09-30,"{'Manos Rotas by DELLAFUENTE & Morad', 'LA REINA by Lola Indigo', 'Ohnana by Kapo', 'BADGYAL by SAIKO', 'SE ME OLVIDA by Maisak & Feid', 'HAY LUPITA by Lomiiel', 'LUNA by Feid', 'Vacile by Yan Block', 'OTRA NOCHE (feat. Darell) by Myke Towers', '1000COSAS by Lola Indigo & Manuel Turizo', 'PELIGROSA by FloyyMenor', 'Soltera by Shakira', 'Duro De Verdad pt.2 by Los Sufridos & Bad Gyal', 'Lo Que Tiene by Morad & Beny Jr & Rvfv', 'ADIVINO by Myke Towers', 'Goteras by Omar Montes & JC Reyes', 'Omega (feat. Ralphie Choo) by ROSALÍA', 'Me has invitado a bailar by Dani Fernández', 'Mi Luz (ft. Rels B) by Rvfv', 'REAL GANGSTA LOVE by Trueno', 'Luna llena by Beny Jr', 'FRIKI by Gonzy', 'UWAIE by Kapo', 'Rapido (with Cris Mj) by Dei V', 'Q U E V A S H A C E R H O Y ? by Omar Courtz', 'Santa by Rvssian', 'El Merengue by Marshmello', 'Si Antes Te Hubiera Conocido by KAROL G', 'La Rizos [Dime Si Le Comento a la Pura] by Las 2K & Chardo Chardemio & Melody Records International', 'Después De La 1 by Cris Mj & FloyyMenor', 'Columbia by Quevedo', 'ESKELETO by SAIKO', 'Tu Silueta by Diegote', 'AMARGURA by KAROL G', 'YOTULOKO by Omar Montes & Rels B', 'LA MARINA STA MORENA by Figa Flawas', 'CARITA TRISTE by Ana Mena & Emilia', ""X'CLUSIVO - REMIX by Gonzy & SAIKO & Arcángel"", 'Alegría by Tiago PZK', 'Cuando Te Vi | CROSSOVER #5 by Big One & Maria Becerra & Trueno', 'Gata Only by FloyyMenor', 'The Emptiness Machine by Linkin Park', 'LA FALDA by Myke Towers', 'Hablame Claro by Yandel & Feid', 'QLONA by KAROL G', 'WYA REMIX RED by J Abdiel & De La Rose & Yan Block', 'Hoy by Valentino Merlo & The La Planta', 'La Bachata by Manuel Turizo', 'Martini by Dei V', 'TAMBIÉN by Myke Towers'}",2,2,0.04,2025-09
2025-10-01,"{'Manos Rotas by DELLAFUENTE & Morad', 'LA REINA by Lola Indigo', 'Ohnana by Kapo', 'BADGYAL by SAIKO', 'SE ME OLVIDA by Maisak & Feid', 'HAY LUPITA by Lomiiel', 'LUNA by Feid', 'Die With A Smile by Lady Gaga & Bruno Mars', 'OTRA NOCHE (feat. Darell) by Myke Towers', 'Vacile by Yan Block', '1000COSAS by Lola Indigo & Manuel Turizo', 'PELIGROSA by FloyyMenor', 'Soltera by Shakira', 'Duro De Verdad pt.2 by Los Sufridos & Bad Gyal', 'Lo Que Tiene by Morad & Beny Jr & Rvfv', 'ADIVINO by Myke Towers', 'Goteras by Omar Montes & JC Reyes', 'Omega (feat. Ralphie Choo) by ROSALÍA', 'Me has invitado a bailar by Dani Fernández', 'Mi Luz (ft. Rels B) by Rvfv', 'REAL GANGSTA LOVE by Trueno', 'Luna llena by Beny Jr', 'FRIKI by Gonzy', 'UWAIE by Kapo', 'Rapido (with Cris Mj) by Dei V', 'Q U E V A S H A C E R H O Y ? by Omar Courtz', 'Santa by Rvssian', 'El Merengue by Marshmello', 'Si Antes Te Hubiera Conocido by KAROL G', 'La Rizos [Dime Si Le Comento a la Pura] by Las 2K & Chardo Chardemio & Melody Records International', 'Después De La 1 by Cris Mj & FloyyMenor', 'Columbia by Quevedo', 'ESKELETO by SAIKO', 'Tu Silueta by Diegote', 'AMARGURA by KAROL G', 'YOTULOKO by Omar Montes & Rels B', 'LA MARINA STA MORENA by Figa Flawas', 'CARITA TRISTE by Ana Mena & Emilia', ""X'CLUSIVO - REMIX by Gonzy & SAIKO & Arcángel"", 'Alegría by Tiago PZK', 'Cuando Te Vi | CROSSOVER #5 by Big One & Maria Becerra & Trueno', 'Gata Only by FloyyMenor', 'LA FALDA by Myke Towers', 'Hablame Claro by Yandel & Feid', 'QLONA by KAROL G', 'WYA REMIX RED by J Abdiel & De La Rose & Yan Block', 'Hoy by Valentino Merlo & The La Planta', 'La Bachata by Manuel Turizo', 'Martini by Dei V', 'TAMBIÉN by Myke Towers'}",1,1,0.02,2025-10
2025-10-02,"{'LA REINA by Lola Indigo', 'Ohnana by Kapo', 'BADGYAL by SAIKO', 'SE ME OLVIDA by Maisak & Feid', 'HAY LUPITA by Lomiiel', 'LUNA by Feid', 'Die With A Smile by Lady Gaga & Bruno Mars', 'OTRA NOCHE (feat. Darell) by Myke Towers', 'Vacile by Yan Block', '1000COSAS by Lola Indigo & Manuel Turizo', 'PELIGROSA by FloyyMenor', 'Soltera by Shakira', 'Duro De Verdad pt.2 by Los Sufridos & Bad Gyal', 'Lo Que Tiene by Morad & Beny Jr & Rvfv', 'ADIVINO by Myke Towers', 'Goteras by Omar Montes & JC Reyes', 'HABLAME CLARO by Yandel & Feid', 'Me has invitado a bailar by Dani Fernández', 'Omega (feat. Ralphie Choo) by ROSALÍA', 'Mi Luz (ft. Rels B) by Rvfv', 'REAL GANGSTA LOVE by Trueno', 'Luna llena by Beny Jr', 'FRIKI by Gonzy', 'UWAIE by Kapo', 'Rapido (with Cris Mj) by Dei V', 'Q U E V A S H A C E R H O Y ? by Omar Courtz', 'Santa by Rvssian', 'El Merengue by Marshmello', 'Si Antes Te Hubiera Conocido by KAROL G', 'La Rizos [Dime Si Le Comento a la Pura] by Las 2K & Chardo Chardemio & Melody Records International', 'Después De La 1 by Cris Mj & FloyyMenor', 'Columbia by Quevedo', 'ESKELETO by SAIKO', 'Tu Silueta by Diegote', 'AMARGURA by KAROL G', 'YOTULOKO by Omar Montes & Rels B', 'LA MARINA STA MORENA by Figa Flawas', 'CARITA TRISTE by Ana Mena & Emilia', ""X'CLUSIVO - REMIX by Gonzy & SAIKO & Arcángel"", 'Alegría by Tiago PZK', 'Cuando Te Vi | CROSSOVER #5 by Big One & Maria Becerra & Trueno', 'The Emptiness Machine by Linkin Park', 'LA FALDA by Myke Towers', 'QLONA by KAROL G', 'WYA REMIX RED by J Abdiel & De La Rose & Yan Block', 'Hoy by Valentino Merlo & The La Planta', 'La Bachata by Manuel Turizo', 'Martini by Dei V', 'TAMBIÉN by Myke Towers', 'haz lo que quieras conmigo by Walls'}",3,3,0.06,2025-10
2025-10-03,"{'LA REINA by Lola Indigo', 'Ohnana by Kapo', 'BADGYAL by SAIKO', 'SE ME OLVIDA by Maisak & Feid', 'HAY LUPITA by Lomiiel', 'LUNA by Feid', 'Die With A Smile by Lady Gaga & Bruno Mars', 'OTRA NOCHE (feat. Darell) by Myke Towers', 'Vacile by Yan Block', '1000COSAS by Lola Indigo & Manuel Turizo', 'PELIGROSA by FloyyMenor', 'Soltera by Shakira', 'Duro De Verdad pt.2 by Los Sufridos & Bad Gyal', 'Lo Que Tiene by Morad & Beny Jr & Rvfv', 'ADIVINO by Myke Towers', 'Goteras by Omar Montes & JC Reyes', 'HABLAME CLARO by Yandel & Feid', 'Me has invitado a bailar by Dani Fernández', 'Omega (feat. Ralphie Choo) by ROSALÍA', 'Mi Luz (ft. Rels B) by Rvfv', 'REAL GANGSTA LOVE by Trueno', 'Luna llena by Beny Jr', 'FRIKI by Gonzy', 'UWAIE by Kapo', 'Rapido (with Cris Mj) by Dei V', 'Q U E V A S H A C E R H O Y ? by Omar Courtz', 'Celine (with Kidd Keo) by Ghost Killer Track & Kidd Keo', 'El Merengue by Marshmello', 'Santa by Rvssian', 'Si Antes Te Hubiera Conocido by KAROL G', 'La Rizos [Dime Si Le Comento a la Pura] by Las 2K & Chardo Chardemio & Melody Records International', 'Después De La 1 by Cris Mj & FloyyMenor', 'Columbia by Quevedo', 'ESKELETO by SAIKO', 'Tu Silueta by Diegote', 'AMARGURA by KAROL G', 'YOTULOKO by Omar Montes & Rels B', 'LA MARINA STA MORENA by Figa Flawas', 'CARITA TRISTE by Ana Mena & Emilia', ""X'CLUSIVO - REMIX by Gonzy & SAIKO & Arcángel"", 'Alegría by Tiago PZK', 'Cuando Te Vi | CROSSOVER #5 by Big One & Maria Becerra & Trueno', 'LA FALDA by Myke Towers', 'QLONA by KAROL G', 'WYA REMIX RED by J Abdiel & De La Rose & Yan Block', 'Hoy by Valentino Merlo & The La Planta', 'La Bachata by Manuel Turizo', 'Martini by Dei V', 'TAMBIÉN by Myke Towers', 'haz lo que quieras conmigo by Walls'}",1,1,0.02,2025-10
2025-10-04,"{'LA REINA by Lola Indigo', 'Ohnana by Kapo', 'BADGYAL by SAIKO', 'SE ME OLVIDA by Maisak & Feid', 'HAY LUPITA by Lomiiel', 'LUNA by Feid', 'Die With A Smile by Lady Gaga & Bruno Mars', 'OTRA NOCHE (feat. Darell) by Myke Towers', 'Vacile by Yan Block', '1000COSAS by Lola Indigo & Manuel Turizo', 'PELIGROSA by FloyyMenor', 'Soltera by Shakira', 'Duro De Verdad pt.2 by Los Sufridos & Bad Gyal', 'Lo Que Tiene by Morad & Beny Jr & Rvfv', 'ADIVINO by Myke Towers', 'Goteras by Omar Montes & JC Reyes', 'HABLAME CLARO by Yandel & Feid', 'Me has invitado a bailar by Dani Fernández', 'Omega (feat. Ralphie Choo) by ROSALÍA', 'Mi Luz (ft. Rels B) by Rvfv', 'REAL GANGSTA LOVE by Trueno', 'Luna llena by Beny Jr', 'FRIKI by Gonzy', 'UWAIE by Kapo', 'Rapido (with Cris Mj) by Dei V', 'Q U E V A S H A C E R H O Y ? by Omar Courtz', 'Celine (with Kidd Keo) by Ghost Killer Track & Kidd Keo', 'El Merengue by Marshmello', 'Santa by Rvssian', 'Si Antes Te Hubiera Conocido by KAROL G', 'La Rizos [Dime Si Le Comento a la Pura] by Las 2K & Chardo Chardemio & Melody Records International', 'Después De La 1 by Cris Mj & FloyyMenor', 'Columbia by Quevedo', 'ESKELETO by SAIKO', 'Tu Silueta by Diegote', 'AMARGURA by KAROL G', 'YOTULOKO by Omar Montes & Rels B', 'LA MARINA STA MORENA by Figa Flawas', 'CARITA TRISTE by Ana Mena & Emilia', ""X'CLUSIVO - REMIX by Gonzy & SAIKO & Arcángel"", 'Alegría by Tiago PZK', 'Cuando Te Vi | CROSSOVER #5 by Big One & Maria Becerra & Trueno', 'LA FALDA by Myke Towers', 'QLONA by KAROL G', 'WYA REMIX RED by J Abdiel & De La Rose & Yan Block', 'Hoy by Valentino Merlo & The La Planta', 'La Bachata by Manuel Turizo', 'Martini by Dei V', 'TAMBIÉN by Myke Towers', 'haz lo que quieras conmigo by Walls'}",0,0,0.0,2025-10
2025-10-05,"{'LA REINA by Lola Indigo', 'Ohnana by Kapo', 'BADGYAL by SAIKO', 'SE ME OLVIDA by Maisak & Feid', 'HAY LUPITA by Lomiiel', 'LUNA by Feid', 'Die With A Smile by Lady Gaga & Bruno Mars', 'OTRA NOCHE (feat. Darell) by Myke Towers', 'Vacile by Yan Block', '1000COSAS by Lola Indigo & Manuel Turizo', 'PELIGROSA by FloyyMenor', 'Soltera by Shakira', 'Duro De Verdad pt.2 by Los Sufridos & Bad Gyal', 'El Fin del Mundo by La La Love You', 'Lo Que Tiene by Morad & Beny Jr & Rvfv', 'ADIVINO by Myke Towers', 'Goteras by Omar Montes & JC Reyes', 'HABLAME CLARO by Yandel & Feid', 'Me has invitado a bailar by Dani Fernández', 'Omega (feat. Ralphie Choo) by ROSALÍA', 'Mi Luz (ft. Rels B) by Rvfv', 'REAL GANGSTA LOVE by Trueno', 'Luna llena by Beny Jr', 'FRIKI by Gonzy', 'UWAIE by Kapo', 'Rapido (with Cris Mj) by Dei V', 'Q U E V A S H A C E R H O Y ? by Omar Courtz', 'Celine (with Kidd Keo) by Ghost Killer Track & Kidd Keo', 'El Merengue by Marshmello', 'Santa by Rvssian', 'Si Antes Te Hubiera Conocido by KAROL G', 'La Rizos [Dime Si Le Comento a la Pura] by Las 2K & Chardo Chardemio & Melody Records International', 'Después De La 1 by Cris Mj & FloyyMenor', 'Columbia by Quevedo', 'ESKELETO by SAIKO', 'Tu Silueta by Diegote', 'AMARGURA by KAROL G', 'YOTULOKO by Omar Montes & Rels B', 'LA MARINA STA MORENA by Figa Flawas', 'CARITA TRISTE by Ana Mena & Emilia', ""X'CLUSIVO - REMIX by Gonzy & SAIKO & Arcángel"", 'Alegría by Tiago PZK', 'Cuando Te Vi | CROSSOVER #5 by Big One & Maria Becerra & Trueno', 'LA FALDA by Myke Towers', 'QLONA by KAROL G', 'WYA REMIX RED by J Abdiel & De La Rose & Yan Block', 'La Bachata by Manuel Turizo', 'Martini by Dei V', 'TAMBIÉN by Myke Towers', 'haz lo que quieras conmigo by Walls'}",1,1,0.02,2025-10
2025-10-06,"{'LA REINA by Lola Indigo', 'Ohnana by Kapo', 'BADGYAL by SAIKO', 'SE ME OLVIDA by Maisak & Feid', 'HAY LUPITA by Lomiiel', 'LUNA by Feid', 'Vacile by Yan Block', 'OTRA NOCHE (feat. Darell) by Myke Towers', '1000COSAS by Lola Indigo & Manuel Turizo', 'PELIGROSA by FloyyMenor', 'Soltera by Shakira', 'VAGABUNDO by Sebastian Yatra & Manuel Turizo & Beéle', 'Duro De Verdad pt.2 by Los Sufridos & Bad Gyal', 'El Fin del Mundo by La La Love You', 'Lo Que Tiene by Morad & Beny Jr & Rvfv', 'ADIVINO by Myke Towers', 'Goteras by Omar Montes & JC Reyes', 'HABLAME CLARO by Yandel & Feid', 'Me has invitado a bailar by Dani Fernández', 'Omega (feat. Ralphie Choo) by ROSALÍA', 'Mi Luz (ft. Rels B) by Rvfv', 'REAL GANGSTA LOVE by Trueno', 'Luna llena by Beny Jr', 'FRIKI by Gonzy', 'UWAIE by Kapo', 'Rapido (with Cris Mj) by Dei V', 'Q U E V A S H A C E R H O Y ? by Omar Courtz', 'Celine (with Kidd Keo) by Ghost Killer Track & Kidd Keo', 'El Merengue by Marshmello', 'Santa by Rvssian', 'El Destello by Juanjo Bona & Martin Urrutia', 'La Rizos [Dime Si Le Comento a la Pura] by Las 2K & Chardo Chardemio & Melody Records International', 'Después De La 1 by Cris Mj & FloyyMenor', 'Columbia by Quevedo', 'ESKELETO by SAIKO', 'Si Antes Te Hubiera Conocido by KAROL G', 'AMARGURA by KAROL G', 'Tu Silueta by Diegote', 'YOTULOKO by Omar Montes & Rels B', 'LA MARINA STA MORENA by Figa Flawas', 'CARITA TRISTE by Ana Mena & Emilia', ""X'CLUSIVO - REMIX by Gonzy & SAIKO & Arcángel"", 'Qué Pecao by Manuel Turizo & Kapo', 'Cuando Te Vi | CROSSOVER #5 by Big One & Maria Becerra & Trueno', 'LA FALDA by Myke Towers', 'QLONA by KAROL G', 'WYA REMIX RED by J Abdiel & De La Rose & Yan Block', 'La Bachata by Manuel Turizo', 'TAMBIÉN by Myke Towers', 'haz lo que quieras conmigo by Walls'}",3,3,0.06,2025-10
2025-10-07,"{'LA REINA by Lola Indigo', 'Ohnana by Kapo', 'BADGYAL by SAIKO', 'SE ME OLVIDA by Maisak & Feid', 'HAY LUPITA by Lomiiel', 'LUNA by Feid', 'Vacile by Yan Block', 'OTRA NOCHE (feat. Darell) by Myke Towers', '1000COSAS by Lola Indigo & Manuel Turizo', 'PELIGROSA by FloyyMenor', 'Soltera by Shakira', 'VAGABUNDO by Sebastian Yatra & Manuel Turizo & Beéle', 'Duro De Verdad pt.2 by Los Sufridos & Bad Gyal', 'El Fin del Mundo by La La Love You', 'Lo Que Tiene by Morad & Beny Jr & Rvfv', 'ADIVINO by Myke Towers', 'Goteras by Omar Montes & JC Reyes', 'HABLAME CLARO by Yandel & Feid', 'Me has invitado a bailar by Dani Fernández', 'Omega (feat. Ralphie Choo) by ROSALÍA', 'Mi Luz (ft. Rels B) by Rvfv', 'REAL GANGSTA LOVE by Trueno', 'Luna llena by Beny Jr', 'FRIKI by Gonzy', 'UWAIE by Kapo', 'Rapido (with Cris Mj) by Dei V', 'Q U E V A S H A C E R H O Y ? by Omar Courtz', 'Celine (with Kidd Keo) by Ghost Killer Track & Kidd Keo', 'El Merengue by Marshmello', 'Santa by Rvssian', 'Si Antes Te Hubiera Conocido by KAROL G', 'La Rizos [Dime Si Le Comento a la Pura] by Las 2K & Chardo Chardemio & Melody Records International', 'Después De La 1 by Cris Mj & FloyyMenor', 'Columbia by Quevedo', 'ESKELETO by SAIKO', 'Tu Silueta by Diegote', 'AMARGURA by KAROL G', 'YOTULOKO by Omar Montes & Rels B', 'LA MARINA STA MORENA by Figa Flawas', 'CARITA TRISTE by Ana Mena & Emilia', ""X'CLUSIVO - REMIX by Gonzy & SAIKO & Arcángel"", 'Qué Pecao by Manuel Turizo & Kapo', 'Cuando Te Vi | CROSSOVER #5 by Big One & Maria Becerra & Trueno', 'Gata Only by FloyyMenor', 'LA FALDA by Myke Towers', 'QLONA by KAROL G', 'WYA REMIX RED by J Abdiel & De La Rose & Yan Block', 'La Bachata by Manuel Turizo', 'TAMBIÉN by Myke Towers', 'haz lo que quieras conmigo by Walls'}",1,1,0.02,2025-10
2025-10-08,"{'LA REINA by Lola Indigo', 'Ohnana by Kapo', 'BADGYAL by SAIKO', 'SE ME OLVIDA by Maisak & Feid', 'HAY LUPITA by Lomiiel', 'LUNA by Feid', 'Die With A Smile by Lady Gaga & Bruno Mars', 'OTRA NOCHE (feat. Darell) by Myke Towers', 'Vacile by Yan Block', '1000COSAS by Lola Indigo & Manuel Turizo', 'PELIGROSA by FloyyMenor', 'Soltera by Shakira', 'VAGABUNDO by Sebastian Yatra & Manuel Turizo & Beéle', 'Duro De Verdad pt.2 by Los Sufridos & Bad Gyal', 'El Fin del Mundo by La La Love You', 'Lo Que Tiene by Morad & Beny Jr & Rvfv', 'ADIVINO by Myke Towers', 'Goteras by Omar Montes & JC Reyes', 'HABLAME CLARO by Yandel & Feid', 'Me has invitado a bailar by Dani Fernández', 'Omega (feat. Ralphie Choo) by ROSALÍA', 'Mi Luz (ft. Rels B) by Rvfv', 'REAL GANGSTA LOVE by Trueno', 'Luna llena by Beny Jr', 'FRIKI by Gonzy', 'UWAIE by Kapo', 'Rapido (with Cris Mj) by Dei V', 'Q U E V A S H A C E R H O Y ? by Omar Courtz', 'Celine (with Kidd Keo) by Ghost Killer Track & Kidd Keo', 'El Merengue by Marshmello', 'Santa by Rvssian', 'Si Antes Te Hubiera Conocido by KAROL G', 'La Rizos [Dime Si Le Comento a la Pura] by Las 2K & Chardo Chardemio & Melody Records International', 'Después De La 1 by Cris Mj & FloyyMenor', 'Columbia by Quevedo', 'ESKELETO by SAIKO', 'Tu Silueta by Diegote', 'AMARGURA by KAROL G', 'YOTULOKO by Omar Montes & Rels B', 'LA MARINA STA MORENA by Figa Flawas', 'CARITA TRISTE by Ana Mena & Emilia', ""X'CLUSIVO - REMIX by Gonzy & SAIKO & Arcángel"", 'Qué Pecao by Manuel Turizo & Kapo', 'Cuando Te Vi | CROSSOVER #5 by Big One & Maria Becerra & Trueno', 'LA FALDA by Myke Towers', 'QLONA by KAROL G', 'WYA REMIX RED by J Abdiel & De La Rose & Yan Block', 'La Bachata by Manuel Turizo', 'TAMBIÉN by Myke Towers', 'haz lo que quieras conmigo by Walls'}",1,1,0.02,2025-10
2025-10-09,"{'LA REINA by Lola Indigo', 'Ohnana by Kapo', 'BADGYAL by SAIKO', 'SE ME OLVIDA by Maisak & Feid', 'HAY LUPITA by Lomiiel', 'LUNA by Feid', 'Die With A Smile by Lady Gaga & Bruno Mars', 'OTRA NOCHE (feat. Darell) by Myke Towers', 'Vacile by Yan Block', '1000COSAS by Lola Indigo & Manuel Turizo', 'PELIGROSA by FloyyMenor', 'Soltera by Shakira', 'VAGABUNDO by Sebastian Yatra & Manuel Turizo & Beéle', 'Duro De Verdad pt.2 by Los Sufridos & Bad Gyal', 'Lo Que Tiene by Morad & Beny Jr & Rvfv', 'ADIVINO by Myke Towers', 'Goteras by Omar Montes & JC Reyes', 'HABLAME CLARO by Yandel & Feid', 'Me has invitado a bailar by Dani Fernández', 'Omega (feat. Ralphie Choo) by ROSALÍA', 'Mi Luz (ft. Rels B) by Rvfv', 'REAL GANGSTA LOVE by Trueno', 'Luna llena by Beny Jr', 'FRIKI by Gonzy', 'UWAIE by Kapo', 'Rapido (with Cris Mj) by Dei V', 'Q U E V A S H A C E R H O Y ? by Omar Courtz', 'Celine (with Kidd Keo) by Ghost Killer Track & Kidd Keo', 'El Merengue by Marshmello', 'Santa by Rvssian', 'Si Antes Te Hubiera Conocido by KAROL G', 'La Rizos [Dime Si Le Comento a la Pura] by Las 2K & Chardo Chardemio & Melody Records International', 'Después De La 1 by Cris Mj & FloyyMenor', 'Columbia by Quevedo', 'ESKELETO by SAIKO', 'Tu Silueta by Diegote', 'AMARGURA by KAROL G', 'YOTULOKO by Omar Montes & Rels B', 'LA MARINA STA MORENA by Figa Flawas', 'CARITA TRISTE by Ana Mena & Emilia', ""X'CLUSIVO - REMIX by Gonzy & SAIKO & Arcángel"", 'Qué Pecao by Manuel Turizo & Kapo', 'Cuando Te Vi | CROSSOVER #5 by Big One & Maria Becerra & Trueno', 'Gata Only by FloyyMenor', 'LA FALDA by Myke Towers', 'QLONA by KAROL G', 'WYA REMIX RED by J Abdiel & De La Rose & Yan Block', 'La Bachata by Manuel Turizo', 'TAMBIÉN by Myke Towers', 'haz lo que quieras conmigo by Walls'}",1,1,0.02,2025-10
2025-10-10,"{'LA REINA by Lola Indigo', 'Que Me Lleve el Aire by Luis Cortés', 'Ohnana by Kapo', 'BADGYAL by SAIKO', 'SE ME OLVIDA by Maisak & Feid', 'HAY LUPITA by Lomiiel', 'LUNA by Feid', 'Die With A Smile by Lady Gaga & Bruno Mars', 'OTRA NOCHE (feat. Darell) by Myke Towers', 'Vacile by Yan Block', '1000COSAS by Lola Indigo & Manuel Turizo', 'PELIGROSA by FloyyMenor', 'Soltera by Shakira', 'VAGABUNDO by Sebastian Yatra & Manuel Turizo & Beéle', 'Duro De Verdad pt.2 by Los Sufridos & Bad Gyal', 'Lo Que Tiene by Morad & Beny Jr & Rvfv', 'ADIVINO by Myke Towers', 'Goteras by Omar Montes & JC Reyes', 'HABLAME CLARO by Yandel & Feid', 'Me has invitado a bailar by Dani Fernández', 'Omega (feat. Ralphie Choo) by ROSALÍA', 'Mi Luz (ft. Rels B) by Rvfv', 'REAL GANGSTA LOVE by Trueno', 'Luna llena by Beny Jr', 'FRIKI by Gonzy', 'UWAIE by Kapo', 'Rapido (with Cris Mj) by Dei V', 'Q U E V A S H A C E R H O Y ? by Omar Courtz', 'Celine (with Kidd Keo) by Ghost Killer Track & Kidd Keo', 'El Merengue by Marshmello', 'Santa by Rvssian', 'Si Antes Te Hubiera Conocido by KAROL G', 'La Rizos [Dime Si Le Comento a la Pura] by Las 2K & Chardo Chardemio & Melody Records International', 'Después De La 1 by Cris Mj & FloyyMenor', 'Columbia by Quevedo', 'ESKELETO by SAIKO', 'Tu Silueta by Diegote', 'AMARGURA by KAROL G', 'YOTULOKO by Omar Montes & Rels B', 'LA MARINA STA MORENA by Figa Flawas', 'CARITA TRISTE by Ana Mena & Emilia', ""X'CLUSIVO - REMIX by Gonzy & SAIKO & Arcángel"", 'Qué Pecao by Manuel Turizo & Kapo', 'Cuando Te Vi | CROSSOVER #5 by Big One & Maria Becerra & Trueno', 'LA FALDA by Myke Towers', 'QLONA by KAROL G', 'WYA REMIX RED by J Abdiel & De La Rose & Yan Block', 'La Bachata by Manuel Turizo', 'TAMBIÉN by Myke Towers', 'haz lo que quieras conmigo by Walls'}",1,1,0.02,2025-10
2025-10-11,"{'LA REINA by Lola Indigo', 'Que Me Lleve el Aire by Luis Cortés', 'Ohnana by Kapo', 'BADGYAL by SAIKO', 'SE ME OLVIDA by Maisak & Feid', 'HAY LUPITA by Lomiiel', 'LUNA by Feid', 'Die With A Smile by Lady Gaga & Bruno Mars', 'OTRA NOCHE (feat. Darell) by Myke Towers', 'Vacile by Yan Block', '1000COSAS by Lola Indigo & Manuel Turizo', 'PELIGROSA by FloyyMenor', 'Soltera by Shakira', 'VAGABUNDO by Sebastian Yatra & Manuel Turizo & Beéle', 'Duro De Verdad pt.2 by Los Sufridos & Bad Gyal', 'Lo Que Tiene by Morad & Beny Jr & Rvfv', 'ADIVINO by Myke Towers', 'Goteras by Omar Montes & JC Reyes', 'HABLAME CLARO by Yandel & Feid', 'Me has invitado a bailar by Dani Fernández', 'Mi Luz (ft. Rels B) by Rvfv', 'REAL GANGSTA LOVE by Trueno', 'Luna llena by Beny Jr', 'FRIKI by Gonzy', 'UWAIE by Kapo', 'Rapido (with Cris Mj) by Dei V', 'Q U E V A S H A C E R H O Y ? by Omar Courtz', 'Celine (with Kidd Keo) by Ghost Killer Track & Kidd Keo', 'El Merengue by Marshmello', 'Santa by Rvssian', 'Si Antes Te Hubiera Conocido by KAROL G', 'La Rizos [Dime Si Le Comento a la Pura] by Las 2K & Chardo Chardemio & Melody Records International', 'Después De La 1 by Cris Mj & FloyyMenor', 'Columbia by Quevedo', 'ESKELETO by SAIKO', 'Tu Silueta by Diegote', 'AMARGURA by KAROL G', 'YOTULOKO by Omar Montes & Rels B', 'LA MARINA STA MORENA by Figa Flawas', 'CARITA TRISTE by Ana Mena & Emilia', ""X'CLUSIVO - REMIX by Gonzy & SAIKO & Arcángel"", 'Qué Pecao by Manuel Turizo & Kapo', 'Cuando Te Vi | CROSSOVER #5 by Big One & Maria Becerra & Trueno', 'LA FALDA by Myke Towers', 'QLONA by KAROL G', 'WYA REMIX RED by J Abdiel & De La Rose & Yan Block', 'La Bachata by Manuel Turizo', 'Martini by Dei V', 'TAMBIÉN by Myke Towers', 'haz lo que quieras conmigo by Walls'}",1,1,0.02,2025-10
2025-10-12,"{'LA REINA by Lola Indigo', 'Que Me Lleve el Aire by Luis Cortés', 'Ohnana by Kapo', 'BADGYAL by SAIKO', 'SE ME OLVIDA by Maisak & Feid', 'HAY LUPITA by Lomiiel', 'LUNA by Feid', 'Die With A Smile by Lady Gaga & Bruno Mars', 'OTRA NOCHE (feat. Darell) by Myke Towers', 'Vacile by Yan Block', '1000COSAS by Lola Indigo & Manuel Turizo', 'PELIGROSA by FloyyMenor', 'Soltera by Shakira', 'VAGABUNDO by Sebastian Yatra & Manuel Turizo & Beéle', 'Duro De Verdad pt.2 by Los Sufridos & Bad Gyal', 'Lo Que Tiene by Morad & Beny Jr & Rvfv', 'ADIVINO by Myke Towers', 'Goteras by Omar Montes & JC Reyes', 'HABLAME CLARO by Yandel & Feid', 'Me has invitado a bailar by Dani Fernández', 'Mi Luz (ft. Rels B) by Rvfv', 'REAL GANGSTA LOVE by Trueno', 'Luna llena by Beny Jr', 'FRIKI by Gonzy', 'UWAIE by Kapo', 'Rapido (with Cris Mj) by Dei V', 'Q U E V A S H A C E R H O Y ? by Omar Courtz', 'Celine (with Kidd Keo) by Ghost Killer Track & Kidd Keo', 'El Merengue by Marshmello', 'Santa by Rvssian', 'Si Antes Te Hubiera Conocido by KAROL G', 'La Rizos [Dime Si Le Comento a la Pura] by Las 2K & Chardo Chardemio & Melody Records International', 'Después De La 1 by Cris Mj & FloyyMenor', 'Columbia by Quevedo', 'ESKELETO by SAIKO', 'Tu Silueta by Diegote', 'AMARGURA by KAROL G', 'YOTULOKO by Omar Montes & Rels B', 'LA MARINA STA MORENA by Figa Flawas', 'CARITA TRISTE by Ana Mena & Emilia', ""X'CLUSIVO - REMIX by Gonzy & SAIKO & Arcángel"", 'Qué Pecao by Manuel Turizo & Kapo', 'Cuando Te Vi | CROSSOVER #5 by Big One & Maria Becerra & Trueno', 'LA FALDA by Myke Towers', 'QLONA by KAROL G', 'WYA REMIX RED by J Abdiel & De La Rose & Yan Block', 'La Bachata by Manuel Turizo', 'Martini by Dei V', 'TAMBIÉN by Myke Towers', 'haz lo que quieras conmigo by Walls'}",0,0,0.0,2025-10
2025-10-13,"{'LA REINA by Lola Indigo', 'Que Me Lleve el Aire by Luis Cortés', 'Ohnana by Kapo', 'BADGYAL by SAIKO', 'SE ME OLVIDA by Maisak & Feid', 'HAY LUPITA by Lomiiel', 'LUNA by Feid', 'Vacile by Yan Block', 'OTRA NOCHE (feat. Darell) by Myke Towers', '1000COSAS by Lola Indigo & Manuel Turizo', 'PELIGROSA by FloyyMenor', 'Soltera by Shakira', 'Duro De Verdad pt.2 by Los Sufridos & Bad Gyal', 'Lo Que Tiene by Morad & Beny Jr & Rvfv', 'ADIVINO by Myke Towers', 'Goteras by Omar Montes & JC Reyes', 'Me has invitado a bailar by Dani Fernández', 'Mi Luz (ft. Rels B) by Rvfv', 'HABLAME CLARO by Yandel', 'REAL GANGSTA LOVE by Trueno', 'Luna llena by Beny Jr', 'FRIKI by Gonzy', 'UWAIE by Kapo', ""X'CLUSIVO - REMIX by Gonzy"", 'Rapido (with Cris Mj) by Dei V', 'No Has Cambiado by Baby Rasta & Noriel & Hades66', 'Celine (with Kidd Keo) by Ghost Killer Track & Kidd Keo', 'El Merengue by Marshmello', 'Q U E V A S H A C E R H O Y ? by Omar Courtz', 'Santa by Rvssian', 'La Rizos [Dime Si Le Comento a la Pura] by Las 2K & Chardo Chardemio & Melody Records International', 'Después De La 1 by Cris Mj & FloyyMenor', 'Columbia by Quevedo', 'ESKELETO by SAIKO', 'Si Antes Te Hubiera Conocido by KAROL G', 'AMARGURA by KAROL G', 'Tu Silueta by Diegote', 'YOTULOKO by Omar Montes & Rels B', 'LA MARINA STA MORENA by Figa Flawas', 'CARITA TRISTE by Ana Mena & Emilia', 'Qué Pecao by Manuel Turizo & Kapo', 'Cuando Te Vi | CROSSOVER #5 by Big One & Maria Becerra & Trueno', 'EROTICAAAAAAA by Gonzy', 'LA FALDA by Myke Towers', 'QLONA by KAROL G', 'WYA REMIX RED by J Abdiel & De La Rose & Yan Block', 'La Bachata by Manuel Turizo', 'Martini by Dei V', 'TAMBIÉN by Myke Towers', 'haz lo que quieras conmigo by Walls'}",4,4,0.08,2025-10
2025-10-14,"{'LA REINA by Lola Indigo', 'Que Me Lleve el Aire by Luis Cortés', 'Ohnana by Kapo', 'BADGYAL by SAIKO', 'SE ME OLVIDA by Maisak & Feid', 'HAY LUPITA by Lomiiel', 'LUNA by Feid', 'Vacile by Yan Block', 'OTRA NOCHE (feat. Darell) by Myke Towers', '1000COSAS by Lola Indigo & Manuel Turizo', 'PELIGROSA by FloyyMenor', 'Soltera by Shakira', 'VAGABUNDO by Sebastian Yatra & Manuel Turizo & Beéle', 'Duro De Verdad pt.2 by Los Sufridos & Bad Gyal', 'Lo Que Tiene by Morad & Beny Jr & Rvfv', 'ADIVINO by Myke Towers', 'Goteras by Omar Montes & JC Reyes', 'Me has invitado a bailar by Dani Fernández', 'Mi Luz (ft. Rels B) by Rvfv', 'REAL GANGSTA LOVE by Trueno', 'Luna llena by Beny Jr', 'FRIKI by Gonzy', 'UWAIE by Kapo', ""X'CLUSIVO - REMIX by Gonzy"", 'Rapido (with Cris Mj) by Dei V', 'DILUVIO by Rauw Alejandro', 'Celine (with Kidd Keo) by Ghost Killer Track & Kidd Keo', 'El Merengue by Marshmello', 'Q U E V A S H A C E R H O Y ? by Omar Courtz', 'Santa by Rvssian', 'La Rizos [Dime Si Le Comento a la Pura] by Las 2K & Chardo Chardemio & Melody Records International', 'Después De La 1 by Cris Mj & FloyyMenor', 'Columbia by Quevedo', 'ESKELETO by SAIKO', 'Si Antes Te Hubiera Conocido by KAROL G', 'AMARGURA by KAROL G', 'Tu Silueta by Diegote', 'YOTULOKO by Omar Montes & Rels B', 'LA MARINA STA MORENA by Figa Flawas', 'CARITA TRISTE by Ana Mena & Emilia', 'Qué Pecao by Manuel Turizo & Kapo', 'Cuando Te Vi | CROSSOVER #5 by Big One & Maria Becerra & Trueno', 'Gata Only by FloyyMenor', 'LA FALDA by Myke Towers', 'QLONA by KAROL G', 'WYA REMIX RED by J Abdiel & De La Rose & Yan Block', 'La Bachata by Manuel Turizo', 'Martini by Dei V', 'TAMBIÉN by Myke Towers', 'haz lo que quieras conmigo by Walls'}",3,3,0.06,2025-10
2025-10-15,"{'Manos Rotas by DELLAFUENTE & Morad', 'LA REINA by Lola Indigo', 'Que Me Lleve el Aire by Luis Cortés', 'Ohnana by Kapo', 'BADGYAL by SAIKO', 'SE ME OLVIDA by Maisak & Feid', 'HAY LUPITA by Lomiiel', 'LUNA by Feid', 'Vacile by Yan Block', 'OTRA NOCHE (feat. Darell) by Myke Towers', '1000COSAS by Lola Indigo & Manuel Turizo', 'PELIGROSA by FloyyMenor', 'Soltera by Shakira', 'VAGABUNDO by Sebastian Yatra & Manuel Turizo & Beéle', 'Duro De Verdad pt.2 by Los Sufridos & Bad Gyal', 'El Fin del Mundo by La La Love You', 'Lo Que Tiene by Morad & Beny Jr & Rvfv', 'ADIVINO by Myke Towers', 'Goteras by Omar Montes & JC Reyes', 'Me has invitado a bailar by Dani Fernández', 'REAL GANGSTA LOVE by Trueno', 'Luna llena by Beny Jr', 'FRIKI by Gonzy', 'UWAIE by Kapo', ""X'CLUSIVO - REMIX by Gonzy"", 'Rapido (with Cris Mj) by Dei V', 'No Has Cambiado by Baby Rasta & Noriel & Hades66', 'Celine (with Kidd Keo) by Ghost Killer Track & Kidd Keo', 'El Merengue by Marshmello', 'Q U E V A S H A C E R H O Y ? by Omar Courtz', 'Santa by Rvssian', 'La Rizos [Dime Si Le Comento a la Pura] by Las 2K & Chardo Chardemio & Melody Records International', 'Después De La 1 by Cris Mj & FloyyMenor', 'Columbia by Quevedo', 'ESKELETO by SAIKO', 'Si Antes Te Hubiera Conocido by KAROL G', 'AMARGURA by KAROL G', 'Tu Silueta by Diegote', 'YOTULOKO by Omar Montes & Rels B', 'LA MARINA STA MORENA by Figa Flawas', 'CARITA TRISTE by Ana Mena & Emilia', 'Qué Pecao by Manuel Turizo & Kapo', 'Cuando Te Vi | CROSSOVER #5 by Big One & Maria Becerra & Trueno', 'LA FALDA by Myke Towers', 'QLONA by KAROL G', 'WYA REMIX RED by J Abdiel & De La Rose & Yan Block', 'La Bachata by Manuel Turizo', 'Martini by Dei V', 'TAMBIÉN by Myke Towers', 'haz lo que quieras conmigo by Walls'}",3,3,0.06,2025-10
2025-10-16,"{'Manos Rotas by DELLAFUENTE & Morad', 'LA REINA by Lola Indigo', 'Que Me Lleve el Aire by Luis Cortés', 'Ohnana by Kapo', 'BADGYAL by SAIKO', 'SE ME OLVIDA by Maisak & Feid', 'HAY LUPITA by Lomiiel', 'LUNA by Feid', 'Vacile by Yan Block', 'OTRA NOCHE (feat. Darell) by Myke Towers', '1000COSAS by Lola Indigo & Manuel Turizo', 'PELIGROSA by FloyyMenor', 'Soltera by Shakira', 'VAGABUNDO by Sebastian Yatra & Manuel Turizo & Beéle', 'Duro De Verdad pt.2 by Los Sufridos & Bad Gyal', 'Lo Que Tiene by Morad & Beny Jr & Rvfv', 'ADIVINO by Myke Towers', 'Besitos BB 2.0 by El Perla & Omar Montes & SAIKO', 'Goteras by Omar Montes & JC Reyes', 'Me has invitado a bailar by Dani Fernández', 'REAL GANGSTA LOVE by Trueno', 'Luna llena by Beny Jr', 'FRIKI by Gonzy', 'UWAIE by Kapo', ""X'CLUSIVO - REMIX by Gonzy"", 'Rapido (with Cris Mj) by Dei V', 'No Has Cambiado by Baby Rasta & Noriel & Hades66', 'Celine (with Kidd Keo) by Ghost Killer Track & Kidd Keo', 'El Merengue by Marshmello', 'Q U E V A S H A C E R H O Y ? by Omar Courtz', 'Santa by Rvssian', 'La Rizos [Dime Si Le Comento a la Pura] by Las 2K & Chardo Chardemio & Melody Records International', 'Después De La 1 by Cris Mj & FloyyMenor', 'Columbia by Quevedo', 'ESKELETO by SAIKO', 'Si Antes Te Hubiera Conocido by KAROL G', 'AMARGURA by KAROL G', 'Tu Silueta by Diegote', 'YOTULOKO by Omar Montes & Rels B', 'CARITA TRISTE by Ana Mena & Emilia', 'Qué Pecao by Manuel Turizo & Kapo', 'Cuando Te Vi | CROSSOVER #5 by Big One & Maria Becerra & Trueno', 'EROTICAAAAAAA by Gonzy', 'LA FALDA by Myke Towers', 'QLONA by KAROL G', 'WYA REMIX RED by J Abdiel & De La Rose & Yan Block', 'La Bachata by Manuel Turizo', 'Martini by Dei V', 'TAMBIÉN by Myke Towers', 'haz lo que quieras conmigo by Walls'}",2,2,0.04,2025-10
2025-10-17,"{'Manos Rotas by DELLAFUENTE & Morad', 'LA REINA by Lola Indigo', 'Que Me Lleve el Aire by Luis Cortés', 'Ohnana by Kapo', 'BADGYAL by SAIKO', 'SE ME OLVIDA by Maisak & Feid', 'HAY LUPITA by Lomiiel', 'LUNA by Feid', 'Vacile by Yan Block', 'OTRA NOCHE (feat. Darell) by Myke Towers', '1000COSAS by Lola Indigo & Manuel Turizo', 'PELIGROSA by FloyyMenor', 'Soltera by Shakira', 'Duro De Verdad pt.2 by Los Sufridos & Bad Gyal', 'Rosas by La Oreja de Van Gogh', 'El Fin del Mundo by La La Love You', 'Lo Que Tiene by Morad & Beny Jr & Rvfv', 'ADIVINO by Myke Towers', 'Goteras by Omar Montes & JC Reyes', 'Me has invitado a bailar by Dani Fernández', 'Mi Luz (ft. Rels B) by Rvfv', 'REAL GANGSTA LOVE by Trueno', 'Luna llena by Beny Jr', 'FRIKI by Gonzy', 'UWAIE by Kapo', ""X'CLUSIVO - REMIX by Gonzy"", 'Rapido (with Cris Mj) by Dei V', 'No Has Cambiado by Baby Rasta & Noriel & Hades66', 'Celine (with Kidd Keo) by Ghost Killer Track & Kidd Keo', 'El Merengue by Marshmello', 'Q U E V A S H A C E R H O Y ? by Omar Courtz', 'Santa by Rvssian', 'La Rizos [Dime Si Le Comento a la Pura] by Las 2K & Chardo Chardemio & Melody Records International', 'Después De La 1 by Cris Mj & FloyyMenor', 'ESKELETO by SAIKO', 'Si Antes Te Hubiera Conocido by KAROL G', 'Tu Silueta by Diegote', 'AMARGURA by KAROL G', 'YOTULOKO by Omar Montes & Rels B', 'CARITA TRISTE by Ana Mena & Emilia', 'Qué Pecao by Manuel Turizo & Kapo', 'Cuando Te Vi | CROSSOVER #5 by Big One & Maria Becerra & Trueno', 'EROTICAAAAAAA by Gonzy', 'LA FALDA by Myke Towers', 'QLONA by KAROL G', 'WYA REMIX RED by J Abdiel & De La Rose & Yan Block', 'La Bachata by Manuel Turizo', 'Martini by Dei V', 'TAMBIÉN by Myke Towers', 'haz lo que quieras conmigo by Walls'}",3,3,0.06,2025-10
2025-10-18,"{'Manos Rotas by DELLAFUENTE & Morad', 'LA REINA by Lola Indigo', 'Ohnana by Kapo', 'BADGYAL by SAIKO', 'SE ME OLVIDA by Maisak & Feid', 'HAY LUPITA by Lomiiel', 'LUNA by Feid', 'Vacile by Yan Block', 'OTRA NOCHE (feat. Darell) by Myke Towers', '1000COSAS by Lola Indigo & Manuel Turizo', 'PELIGROSA by FloyyMenor', 'Soltera by Shakira', 'Duro De Verdad pt.2 by Los Sufridos & Bad Gyal', 'Rosas by La Oreja de Van Gogh', 'El Fin del Mundo by La La Love You', 'Lo Que Tiene by Morad & Beny Jr & Rvfv', 'ADIVINO by Myke Towers', 'Besitos BB 2.0 by El Perla & Omar Montes & SAIKO', 'Goteras by Omar Montes & JC Reyes', 'Me has invitado a bailar by Dani Fernández', 'Mi Luz (ft. Rels B) by Rvfv', 'REAL GANGSTA LOVE by Trueno', 'Luna llena by Beny Jr', 'FRIKI by Gonzy', 'UWAIE by Kapo', ""X'CLUSIVO - REMIX by Gonzy"", 'Rapido (with Cris Mj) by Dei V', 'No Has Cambiado by Baby Rasta & Noriel & Hades66', 'Celine (with Kidd Keo) by Ghost Killer Track & Kidd Keo', 'El Merengue by Marshmello', 'Q U E V A S H A C E R H O Y ? by Omar Courtz', 'Santa by Rvssian', 'La Rizos [Dime Si Le Comento a la Pura] by Las 2K & Chardo Chardemio & Melody Records International', 'Después De La 1 by Cris Mj & FloyyMenor', 'ESKELETO by SAIKO', 'Si Antes Te Hubiera Conocido by KAROL G', 'Tu Silueta by Diegote', 'AMARGURA by KAROL G', 'YOTULOKO by Omar Montes & Rels B', 'CARITA TRISTE by Ana Mena & Emilia', 'Qué Pecao by Manuel Turizo & Kapo', 'Cuando Te Vi | CROSSOVER #5 by Big One & Maria Becerra & Trueno', 'EROTICAAAAAAA by Gonzy', 'LA FALDA by Myke Towers', 'QLONA by KAROL G', 'WYA REMIX RED by J Abdiel & De La Rose & Yan Block', 'La Bachata by Manuel Turizo', 'Martini by Dei V', 'TAMBIÉN by Myke Towers', 'haz lo que quieras conmigo by Walls'}",1,1,0.02,2025-10
2025-10-19,"{'Manos Rotas by DELLAFUENTE & Morad', 'LA REINA by Lola Indigo', 'Ohnana by Kapo', 'BADGYAL by SAIKO', 'SE ME OLVIDA by Maisak & Feid', 'HAY LUPITA by Lomiiel', 'LUNA by Feid', 'Die With A Smile by Lady Gaga & Bruno Mars', 'OTRA NOCHE (feat. Darell) by Myke Towers', 'Vacile by Yan Block', '1000COSAS by Lola Indigo & Manuel Turizo', 'PELIGROSA by FloyyMenor', 'Soltera by Shakira', 'Duro De Verdad pt.2 by Los Sufridos & Bad Gyal', 'Rosas by La Oreja de Van Gogh', 'El Fin del Mundo by La La Love You', 'Lo Que Tiene by Morad & Beny Jr & Rvfv', 'ADIVINO by Myke Towers', 'Besitos BB 2.0 by El Perla & Omar Montes & SAIKO', 'Goteras by Omar Montes & JC Reyes', 'Me has invitado a bailar by Dani Fernández', 'REAL GANGSTA LOVE by Trueno', 'Luna llena by Beny Jr', 'FRIKI by Gonzy', 'UWAIE by Kapo', ""X'CLUSIVO - REMIX by Gonzy"", 'Rapido (with Cris Mj) by Dei V', 'No Has Cambiado by Baby Rasta & Noriel & Hades66', 'Celine (with Kidd Keo) by Ghost Killer Track & Kidd Keo', 'El Merengue by Marshmello', 'Q U E V A S H A C E R H O Y ? by Omar Courtz', 'Santa by Rvssian', 'La Rizos [Dime Si Le Comento a la Pura] by Las 2K & Chardo Chardemio & Melody Records International', 'Después De La 1 by Cris Mj & FloyyMenor', 'ESKELETO by SAIKO', 'Si Antes Te Hubiera Conocido by KAROL G', 'Tu Silueta by Diegote', 'AMARGURA by KAROL G', 'YOTULOKO by Omar Montes & Rels B', 'CARITA TRISTE by Ana Mena & Emilia', 'Qué Pecao by Manuel Turizo & Kapo', 'Cuando Te Vi | CROSSOVER #5 by Big One & Maria Becerra & Trueno', 'EROTICAAAAAAA by Gonzy', 'LA FALDA by Myke Towers', 'QLONA by KAROL G', 'WYA REMIX RED by J Abdiel & De La Rose & Yan Block', 'La Bachata by Manuel Turizo', 'Martini by Dei V', 'TAMBIÉN by Myke Towers', 'haz lo que quieras conmigo by Walls'}",1,1,0.02,2025-10
2025-10-20,"{'LA REINA by Lola Indigo', 'Ohnana by Kapo', 'BADGYAL by SAIKO', 'SE ME OLVIDA by Maisak & Feid', 'LUNA by Feid', 'Vacile by Yan Block', 'OTRA NOCHE (feat. Darell) by Myke Towers', '1000COSAS by Lola Indigo & Manuel Turizo', 'PELIGROSA by FloyyMenor', 'Soltera by Shakira', 'STAR by JC Reyes', 'Duro De Verdad pt.2 by Los Sufridos & Bad Gyal', 'DEGENERE 👑 (feat. benny blanco) by Myke Towers', 'Rosas by La Oreja de Van Gogh', 'El Fin del Mundo by La La Love You', 'Lo Que Tiene by Morad & Beny Jr & Rvfv', 'ADIVINO by Myke Towers', 'Barro by Duki', 'Besitos BB 2.0 by El Perla & Omar Montes & SAIKO', 'Goteras by Omar Montes & JC Reyes', 'Me has invitado a bailar by Dani Fernández', 'REAL GANGSTA LOVE by Trueno', 'Luna llena by Beny Jr', 'FRIKI by Gonzy', 'UWAIE by Kapo', ""X'CLUSIVO - REMIX by Gonzy"", 'Rapido (with Cris Mj) by Dei V', 'No Has Cambiado by Baby Rasta & Noriel & Hades66', 'Celine (with Kidd Keo) by Ghost Killer Track & Kidd Keo', 'El Merengue by Marshmello', 'Q U E V A S H A C E R H O Y ? by Omar Courtz', 'Santa by Rvssian', 'La Rizos [Dime Si Le Comento a la Pura] by Las 2K & Chardo Chardemio & Melody Records International', 'Después De La 1 by Cris Mj & FloyyMenor', 'ESKELETO by SAIKO', 'Si Antes Te Hubiera Conocido by KAROL G', 'Tu Silueta by Diegote', 'AMARGURA by KAROL G', 'YOTULOKO by Omar Montes & Rels B', 'CARITA TRISTE by Ana Mena & Emilia', 'Qué Pecao by Manuel Turizo & Kapo', 'Cuando Te Vi | CROSSOVER #5 by Big One & Maria Becerra & Trueno', 'EROTICAAAAAAA by Gonzy', 'LA FALDA by Myke Towers', 'RAPAPA by JC Reyes', 'IA by Clarent', 'WYA REMIX RED by J Abdiel & De La Rose & Yan Block', 'La Bachata by Manuel Turizo', 'Martini by Dei V', 'TAMBIÉN by Myke Towers'}",5,5,0.1,2025-10
2025-10-21,"{'Manos Rotas by DELLAFUENTE & Morad', 'LA REINA by Lola Indigo', 'Ohnana by Kapo', 'BADGYAL by SAIKO', 'SE ME OLVIDA by Maisak & Feid', 'HAY LUPITA by Lomiiel', 'LUNA by Feid', 'Vacile by Yan Block', 'OTRA NOCHE (feat. Darell) by Myke Towers', '1000COSAS by Lola Indigo & Manuel Turizo', 'PELIGROSA by FloyyMenor', 'Soltera by Shakira', 'Duro De Verdad pt.2 by Los Sufridos & Bad Gyal', 'DEGENERE 👑 (feat. benny blanco) by Myke Towers', 'Rosas by La Oreja de Van Gogh', 'El Fin del Mundo by La La Love You', 'Lo Que Tiene by Morad & Beny Jr & Rvfv', 'ADIVINO by Myke Towers', 'Besitos BB 2.0 by El Perla & Omar Montes & SAIKO', 'Goteras by Omar Montes & JC Reyes', 'Me has invitado a bailar by Dani Fernández', 'REAL GANGSTA LOVE by Trueno', 'Luna llena by Beny Jr', 'FRIKI by Gonzy', 'UWAIE by Kapo', ""X'CLUSIVO - REMIX by Gonzy"", 'Rapido (with Cris Mj) by Dei V', 'No Has Cambiado by Baby Rasta & Noriel & Hades66', 'Celine (with Kidd Keo) by Ghost Killer Track & Kidd Keo', 'El Merengue by Marshmello', 'Q U E V A S H A C E R H O Y ? by Omar Courtz', 'Santa by Rvssian', 'La Rizos [Dime Si Le Comento a la Pura] by Las 2K & Chardo Chardemio & Melody Records International', 'Después De La 1 by Cris Mj & FloyyMenor', 'ESKELETO by SAIKO', 'Si Antes Te Hubiera Conocido by KAROL G', 'Tu Silueta by Diegote', 'AMARGURA by KAROL G', 'YOTULOKO by Omar Montes & Rels B', 'CARITA TRISTE by Ana Mena & Emilia', 'Qué Pecao by Manuel Turizo & Kapo', 'Cuando Te Vi | CROSSOVER #5 by Big One & Maria Becerra & Trueno', 'EROTICAAAAAAA by Gonzy', 'LA FALDA by Myke Towers', 'RAPAPA by JC Reyes', 'IA by Clarent', 'WYA REMIX RED by J Abdiel & De La Rose & Yan Block', 'La Bachata by Manuel Turizo', 'Martini by Dei V', 'TAMBIÉN by Myke Towers'}",2,2,0.04,2025-10
2025-10-22,"{'Manos Rotas by DELLAFUENTE & Morad', 'LA REINA by Lola Indigo', 'Ohnana by Kapo', 'BADGYAL by SAIKO', 'SE ME OLVIDA by Maisak & Feid', 'HAY LUPITA by Lomiiel', 'LUNA by Feid', 'Die With A Smile by Lady Gaga & Bruno Mars', 'OTRA NOCHE (feat. Darell) by Myke Towers', 'Vacile by Yan Block', '1000COSAS by Lola Indigo & Manuel Turizo', 'PELIGROSA by FloyyMenor', 'Soltera by Shakira', 'Duro De Verdad pt.2 by Los Sufridos & Bad Gyal', 'DEGENERE 👑 (feat. benny blanco) by Myke Towers', 'Rosas by La Oreja de Van Gogh', 'El Fin del Mundo by La La Love You', 'Lo Que Tiene by Morad & Beny Jr & Rvfv', 'ADIVINO by Myke Towers', 'Besitos BB 2.0 by El Perla & Omar Montes & SAIKO', 'Goteras by Omar Montes & JC Reyes', 'Me has invitado a bailar by Dani Fernández', 'REAL GANGSTA LOVE by Trueno', 'Luna llena by Beny Jr', 'FRIKI by Gonzy', 'UWAIE by Kapo', ""X'CLUSIVO - REMIX by Gonzy"", 'Rapido (with Cris Mj) by Dei V', 'No Has Cambiado by Baby Rasta & Noriel & Hades66', 'Celine (with Kidd Keo) by Ghost Killer Track & Kidd Keo', 'El Merengue by Marshmello', 'Q U E V A S H A C E R H O Y ? by Omar Courtz', 'Santa by Rvssian', 'La Rizos [Dime Si Le Comento a la Pura] by Las 2K & Chardo Chardemio & Melody Records International', 'Después De La 1 by Cris Mj & FloyyMenor', 'ESKELETO by SAIKO', 'Si Antes Te Hubiera Conocido by KAROL G', 'Tu Silueta by Diegote', 'AMARGURA by KAROL G', 'YOTULOKO by Omar Montes & Rels B', 'CARITA TRISTE by Ana Mena & Emilia', 'Qué Pecao by Manuel Turizo & Kapo', 'Cuando Te Vi | CROSSOVER #5 by Big One & Maria Becerra & Trueno', 'LA FALDA by Myke Towers', 'RAPAPA by JC Reyes', 'IA by Clarent', 'WYA REMIX RED by J Abdiel & De La Rose & Yan Block', 'La Bachata by Manuel Turizo', 'Martini by Dei V', 'TAMBIÉN by Myke Towers'}",1,1,0.02,2025-10
2025-10-23,"{'Manos Rotas by DELLAFUENTE & Morad', 'LA REINA by Lola Indigo', 'Ohnana by Kapo', 'BADGYAL by SAIKO', 'SE ME OLVIDA by Maisak & Feid', 'LUNA by Feid', 'Vacile by Yan Block', 'Die With A Smile by Lady Gaga & Bruno Mars', 'OTRA NOCHE (feat. Darell) by Myke Towers', '1000COSAS by Lola Indigo & Manuel Turizo', 'PELIGROSA by FloyyMenor', 'Soltera by Shakira', 'STAR by JC Reyes', 'Duro De Verdad pt.2 by Los Sufridos & Bad Gyal', 'DEGENERE 👑 (feat. benny blanco) by Myke Towers', 'Rosas by La Oreja de Van Gogh', 'El Fin del Mundo by La La Love You', 'APT. by ROSÉ & Bruno Mars', 'Lo Que Tiene by Morad & Beny Jr & Rvfv', 'ADIVINO by Myke Towers', 'Besitos BB 2.0 by El Perla & Omar Montes & SAIKO', 'Goteras by Omar Montes & JC Reyes', 'Me has invitado a bailar by Dani Fernández', 'REAL GANGSTA LOVE by Trueno', 'Luna llena by Beny Jr', 'FRIKI by Gonzy', 'UWAIE by Kapo', ""X'CLUSIVO - REMIX by Gonzy"", 'Rapido (with Cris Mj) by Dei V', 'No Has Cambiado by Baby Rasta & Noriel & Hades66', 'Celine (with Kidd Keo) by Ghost Killer Track & Kidd Keo', 'El Merengue by Marshmello', 'Q U E V A S H A C E R H O Y ? by Omar Courtz', 'Santa by Rvssian', 'La Rizos [Dime Si Le Comento a la Pura] by Las 2K & Chardo Chardemio & Melody Records International', 'Después De La 1 by Cris Mj & FloyyMenor', 'ESKELETO by SAIKO', 'Si Antes Te Hubiera Conocido by KAROL G', 'Tu Silueta by Diegote', 'AMARGURA by KAROL G', 'YOTULOKO by Omar Montes & Rels B', 'CARITA TRISTE by Ana Mena & Emilia', 'Qué Pecao by Manuel Turizo & Kapo', 'Cuando Te Vi | CROSSOVER #5 by Big One & Maria Becerra & Trueno', 'LA FALDA by Myke Towers', 'RAPAPA by JC Reyes', 'IA by Clarent', 'WYA REMIX RED by J Abdiel & De La Rose & Yan Block', 'La Bachata by Manuel Turizo', 'TAMBIÉN by Myke Towers'}",2,2,0.04,2025-10
2025-10-24,"{'Manos Rotas by DELLAFUENTE & Morad', 'LA REINA by Lola Indigo', 'Ohnana by Kapo', 'BADGYAL by SAIKO', 'SE ME OLVIDA by Maisak & Feid', 'LUNA by Feid', 'Vacile by Yan Block', 'Die With A Smile by Lady Gaga & Bruno Mars', 'OTRA NOCHE (feat. Darell) by Myke Towers', '1000COSAS by Lola Indigo & Manuel Turizo', 'PELIGROSA by FloyyMenor', 'Soltera by Shakira', 'STAR by JC Reyes', 'Duro De Verdad pt.2 by Los Sufridos & Bad Gyal', 'DEGENERE 👑 (feat. benny blanco) by Myke Towers', 'Rosas by La Oreja de Van Gogh', 'El Fin del Mundo by La La Love You', 'APT. by ROSÉ & Bruno Mars', 'Lo Que Tiene by Morad & Beny Jr & Rvfv', 'ADIVINO by Myke Towers', 'Besitos BB 2.0 by El Perla & Omar Montes & SAIKO', 'Goteras by Omar Montes & JC Reyes', 'Me has invitado a bailar by Dani Fernández', 'REAL GANGSTA LOVE by Trueno', 'Luna llena by Beny Jr', 'FRIKI by Gonzy', 'UWAIE by Kapo', ""X'CLUSIVO - REMIX by Gonzy"", 'Rapido (with Cris Mj) by Dei V', 'Q U E V A S H A C E R H O Y ? by Omar Courtz', 'Celine (with Kidd Keo) by Ghost Killer Track & Kidd Keo', 'El Merengue by Marshmello', 'Santa by Rvssian', 'Si Antes Te Hubiera Conocido by KAROL G', 'La Rizos [Dime Si Le Comento a la Pura] by Las 2K & Chardo Chardemio & Melody Records International', 'Después De La 1 by Cris Mj & FloyyMenor', 'Tu Silueta by Diegote', 'AMARGURA by KAROL G', 'YOTULOKO by Omar Montes & Rels B', 'CARITA TRISTE by Ana Mena & Emilia', 'Qué Pecao by Manuel Turizo & Kapo', 'Cuando Te Vi | CROSSOVER #5 by Big One & Maria Becerra & Trueno', 'EROTICAAAAAAA by Gonzy', 'LA FALDA by Myke Towers', 'RAPAPA by JC Reyes', 'IA by Clarent', 'WYA REMIX RED by J Abdiel & De La Rose & Yan Block', 'La Bachata by Manuel Turizo', 'Martini by Dei V', 'TAMBIÉN by Myke Towers'}",2,2,0.04,2025-10
2025-10-25,"{'Manos Rotas by DELLAFUENTE & Morad', 'LA REINA by Lola Indigo', 'Ohnana by Kapo', 'BADGYAL by SAIKO', 'SE ME OLVIDA by Maisak & Feid', 'LUNA by Feid', 'Vacile by Yan Block', 'Die With A Smile by Lady Gaga & Bruno Mars', 'OTRA NOCHE (feat. Darell) by Myke Towers', '1000COSAS by Lola Indigo & Manuel Turizo', 'PELIGROSA by FloyyMenor', 'Soltera by Shakira', 'STAR by JC Reyes', 'Duro De Verdad pt.2 by Los Sufridos & Bad Gyal', 'DEGENERE 👑 (feat. benny blanco) by Myke Towers', 'Rosas by La Oreja de Van Gogh', 'El Fin del Mundo by La La Love You', 'APT. by ROSÉ & Bruno Mars', 'Lo Que Tiene by Morad & Beny Jr & Rvfv', 'ADIVINO by Myke Towers', 'Goteras by Omar Montes & JC Reyes', 'Me has invitado a bailar by Dani Fernández', 'REAL GANGSTA LOVE by Trueno', 'Luna llena by Beny Jr', 'FRIKI by Gonzy', 'UWAIE by Kapo', ""X'CLUSIVO - REMIX by Gonzy"", 'Rapido (with Cris Mj) by Dei V', 'Q U E V A S H A C E R H O Y ? by Omar Courtz', 'Celine (with Kidd Keo) by Ghost Killer Track & Kidd Keo', 'El Merengue by Marshmello', 'Santa by Rvssian', 'Si Antes Te Hubiera Conocido by KAROL G', 'La Rizos [Dime Si Le Comento a la Pura] by Las 2K & Chardo Chardemio & Melody Records International', 'Después De La 1 by Cris Mj & FloyyMenor', 'Tu Silueta by Diegote', 'AMARGURA by KAROL G', 'YOTULOKO by Omar Montes & Rels B', 'Conexión by Cano & JC Reyes', 'CARITA TRISTE by Ana Mena & Emilia', 'Qué Pecao by Manuel Turizo & Kapo', 'Cuando Te Vi | CROSSOVER #5 by Big One & Maria Becerra & Trueno', 'EROTICAAAAAAA by Gonzy', 'LA FALDA by Myke Towers', 'RAPAPA by JC Reyes', 'IA by Clarent', 'WYA REMIX RED by J Abdiel & De La Rose & Yan Block', 'La Bachata by Manuel Turizo', 'Martini by Dei V', 'TAMBIÉN by Myke Towers'}",1,1,0.02,2025-10
2025-10-26,"{'Manos Rotas by DELLAFUENTE & Morad', 'LA REINA by Lola Indigo', 'Ohnana by Kapo', 'BADGYAL by SAIKO', 'SE ME OLVIDA by Maisak & Feid', 'LUNA by Feid', 'Vacile by Yan Block', 'Die With A Smile by Lady Gaga & Bruno Mars', 'OTRA NOCHE (feat. Darell) by Myke Towers', '1000COSAS by Lola Indigo & Manuel Turizo', 'PELIGROSA by FloyyMenor', 'Soltera by Shakira', 'STAR by JC Reyes', 'Duro De Verdad pt.2 by Los Sufridos & Bad Gyal', 'DEGENERE 👑 (feat. benny blanco) by Myke Towers', 'Rosas by La Oreja de Van Gogh', 'El Fin del Mundo by La La Love You', 'APT. by ROSÉ & Bruno Mars', 'Lo Que Tiene by Morad & Beny Jr & Rvfv', 'ADIVINO by Myke Towers', 'Goteras by Omar Montes & JC Reyes', 'Me has invitado a bailar by Dani Fernández', 'REAL GANGSTA LOVE by Trueno', 'Luna llena by Beny Jr', 'FRIKI by Gonzy', 'UWAIE by Kapo', ""X'CLUSIVO - REMIX by Gonzy"", 'Rapido (with Cris Mj) by Dei V', 'Q U E V A S H A C E R H O Y ? by Omar Courtz', 'Celine (with Kidd Keo) by Ghost Killer Track & Kidd Keo', 'El Merengue by Marshmello', 'Santa by Rvssian', 'Si Antes Te Hubiera Conocido by KAROL G', 'La Rizos [Dime Si Le Comento a la Pura] by Las 2K & Chardo Chardemio & Melody Records International', 'Después De La 1 by Cris Mj & FloyyMenor', 'Tu Silueta by Diegote', 'AMARGURA by KAROL G', 'YOTULOKO by Omar Montes & Rels B', 'Conexión by Cano & JC Reyes', 'CARITA TRISTE by Ana Mena & Emilia', 'Qué Pecao by Manuel Turizo & Kapo', 'Cuando Te Vi | CROSSOVER #5 by Big One & Maria Becerra & Trueno', 'EROTICAAAAAAA by Gonzy', 'LA FALDA by Myke Towers', 'RAPAPA by JC Reyes', 'IA by Clarent', 'WYA REMIX RED by J Abdiel & De La Rose & Yan Block', 'La Bachata by Manuel Turizo', 'Martini by Dei V', 'TAMBIÉN by Myke Towers'}",0,0,0.0,2025-10
2025-10-27,"{'Manos Rotas by DELLAFUENTE & Morad', 'LA REINA by Lola Indigo', 'Ohnana by Kapo', 'BADGYAL by SAIKO', 'SE ME OLVIDA by Maisak & Feid', 'LUNA by Feid', 'Vacile by Yan Block', 'Die With A Smile by Lady Gaga & Bruno Mars', 'OTRA NOCHE (feat. Darell) by Myke Towers', '1000COSAS by Lola Indigo & Manuel Turizo', 'PELIGROSA by FloyyMenor', 'Soltera by Shakira', 'STAR by JC Reyes', 'Duro De Verdad pt.2 by Los Sufridos & Bad Gyal', 'DEGENERE 👑 (feat. benny blanco) by Myke Towers', 'El Fin del Mundo by La La Love You', 'Lo Que Tiene by Morad & Beny Jr & Rvfv', 'ADIVINO by Myke Towers', 'Goteras by Omar Montes & JC Reyes', 'Me has invitado a bailar by Dani Fernández', 'REAL GANGSTA LOVE by Trueno', 'Luna llena by Beny Jr', 'FRIKI by Gonzy', 'UWAIE by Kapo', ""X'CLUSIVO - REMIX by Gonzy"", 'Rapido (with Cris Mj) by Dei V', 'Q U E V A S H A C E R H O Y ? by Omar Courtz', 'Celine (with Kidd Keo) by Ghost Killer Track & Kidd Keo', 'El Merengue by Marshmello', 'Santa by Rvssian', 'Si Antes Te Hubiera Conocido by KAROL G', 'La Rizos [Dime Si Le Comento a la Pura] by Las 2K & Chardo Chardemio & Melody Records International', 'Después De La 1 by Cris Mj & FloyyMenor', 'Tu Silueta by Diegote', 'AMARGURA by KAROL G', 'YOTULOKO by Omar Montes & Rels B', 'CARITA TRISTE by Ana Mena & Emilia', 'Qué Pecao by Manuel Turizo & Kapo', 'Cuando Te Vi | CROSSOVER #5 by Big One & Maria Becerra & Trueno', 'EROTICAAAAAAA by Gonzy', 'LA FALDA by Myke Towers', 'RAPAPA by JC Reyes', 'IA by Clarent', 'WYA REMIX RED by J Abdiel & De La Rose & Yan Block', 'La Bachata by Manuel Turizo', 'Martini by Dei V', 'Mi Cuarto by Tiago PZK & Rels B', 'TAMBIÉN by Myke Towers', 'DIABLA by Los Diozes', 'Conexión by Cano'}",3,3,0.06,2025-10
2025-10-28,"{'Manos Rotas by DELLAFUENTE & Morad', 'LA REINA by Lola Indigo', 'Ohnana by Kapo', 'BADGYAL by SAIKO', 'SE ME OLVIDA by Maisak & Feid', 'HAY LUPITA by Lomiiel', 'LUNA by Feid', 'Die With A Smile by Lady Gaga & Bruno Mars', 'OTRA NOCHE (feat. Darell) by Myke Towers', 'Vacile by Yan Block', '1000COSAS by Lola Indigo & Manuel Turizo', 'PELIGROSA by FloyyMenor', 'Soltera by Shakira', 'STAR by JC Reyes', 'Duro De Verdad pt.2 by Los Sufridos & Bad Gyal', 'DEGENERE 👑 (feat. benny blanco) by Myke Towers', 'El Fin del Mundo by La La Love You', 'Lo Que Tiene by Morad & Beny Jr & Rvfv', 'ADIVINO by Myke Towers', 'Goteras by Omar Montes & JC Reyes', 'Me has invitado a bailar by Dani Fernández', 'REAL GANGSTA LOVE by Trueno', 'Luna llena by Beny Jr', 'FRIKI by Gonzy', 'UWAIE by Kapo', ""X'CLUSIVO - REMIX by Gonzy"", 'Rapido (with Cris Mj) by Dei V', 'Q U E V A S H A C E R H O Y ? by Omar Courtz', 'Celine (with Kidd Keo) by Ghost Killer Track & Kidd Keo', 'El Merengue by Marshmello', 'Santa by Rvssian', 'Si Antes Te Hubiera Conocido by KAROL G', 'La Rizos [Dime Si Le Comento a la Pura] by Las 2K & Chardo Chardemio & Melody Records International', 'Después De La 1 by Cris Mj & FloyyMenor', 'Tu Silueta by Diegote', 'AMARGURA by KAROL G', 'YOTULOKO by Omar Montes & Rels B', 'CARITA TRISTE by Ana Mena & Emilia', 'Qué Pecao by Manuel Turizo & Kapo', 'Cuando Te Vi | CROSSOVER #5 by Big One & Maria Becerra & Trueno', 'EROTICAAAAAAA by Gonzy', 'LA FALDA by Myke Towers', 'RAPAPA by JC Reyes', 'IA by Clarent', 'WYA REMIX RED by J Abdiel & De La Rose & Yan Block', 'La Bachata by Manuel Turizo', 'Martini by Dei V', 'TAMBIÉN by Myke Towers', 'DIABLA by Los Diozes', 'Conexión by Cano'}",1,1,0.02,2025-10
2025-10-29,"{'Manos Rotas by DELLAFUENTE & Morad', 'LA REINA by Lola Indigo', 'Ohnana by Kapo', 'BADGYAL by SAIKO', 'SE ME OLVIDA by Maisak & Feid', 'HAY LUPITA by Lomiiel', 'LUNA by Feid', 'Die With A Smile by Lady Gaga & Bruno Mars', 'OTRA NOCHE (feat. Darell) by Myke Towers', 'Vacile by Yan Block', '1000COSAS by Lola Indigo & Manuel Turizo', 'PELIGROSA by FloyyMenor', 'Soltera by Shakira', 'STAR by JC Reyes', 'Duro De Verdad pt.2 by Los Sufridos & Bad Gyal', 'DEGENERE 👑 (feat. benny blanco) by Myke Towers', 'El Fin del Mundo by La La Love You', 'Lo Que Tiene by Morad & Beny Jr & Rvfv', 'ADIVINO by Myke Towers', 'Besitos BB 2.0 by El Perla & Omar Montes & SAIKO', 'Goteras by Omar Montes & JC Reyes', 'Me has invitado a bailar by Dani Fernández', 'REAL GANGSTA LOVE by Trueno', 'Luna llena by Beny Jr', 'FRIKI by Gonzy', 'UWAIE by Kapo', ""X'CLUSIVO - REMIX by Gonzy"", 'Rapido (with Cris Mj) by Dei V', 'No Has Cambiado by Baby Rasta & Noriel & Hades66', 'Celine (with Kidd Keo) by Ghost Killer Track & Kidd Keo', 'El Merengue by Marshmello', 'Q U E V A S H A C E R H O Y ? by Omar Courtz', 'Santa by Rvssian', 'La Rizos [Dime Si Le Comento a la Pura] by Las 2K & Chardo Chardemio & Melody Records International', 'Después De La 1 by Cris Mj & FloyyMenor', 'Si Antes Te Hubiera Conocido by KAROL G', 'AMARGURA by KAROL G', 'YOTULOKO by Omar Montes & Rels B', 'CARITA TRISTE by Ana Mena & Emilia', 'Qué Pecao by Manuel Turizo & Kapo', 'EROTICAAAAAAA by Gonzy', 'LA FALDA by Myke Towers', 'RAPAPA by JC Reyes', 'IA by Clarent', 'WYA REMIX RED by J Abdiel & De La Rose & Yan Block', 'La Bachata by Manuel Turizo', 'Martini by Dei V', 'TAMBIÉN by Myke Towers', 'DIABLA by Los Diozes', 'Conexión by Cano'}",2,2,0.04,2025-10
2025-10-30,"{'Manos Rotas by DELLAFUENTE & Morad', 'LA REINA by Lola Indigo', 'Ohnana by Kapo', 'BADGYAL by SAIKO', 'SE ME OLVIDA by Maisak & Feid', 'LUNA by Feid', 'Vacile by Yan Block', 'Die With A Smile by Lady Gaga & Bruno Mars', 'OTRA NOCHE (feat. Darell) by Myke Towers', '1000COSAS by Lola Indigo & Manuel Turizo', 'PELIGROSA by FloyyMenor', 'Soltera by Shakira', 'STAR by JC Reyes', 'Duro De Verdad pt.2 by Los Sufridos & Bad Gyal', 'DEGENERE 👑 (feat. benny blanco) by Myke Towers', 'El Fin del Mundo by La La Love You', 'APT. by ROSÉ & Bruno Mars', 'Lo Que Tiene by Morad & Beny Jr & Rvfv', 'ADIVINO by Myke Towers', 'Besitos BB 2.0 by El Perla & Omar Montes & SAIKO', 'Goteras by Omar Montes & JC Reyes', 'Me has invitado a bailar by Dani Fernández', 'REAL GANGSTA LOVE by Trueno', 'Luna llena by Beny Jr', 'FRIKI by Gonzy', 'UWAIE by Kapo', ""X'CLUSIVO - REMIX by Gonzy"", 'Rapido (with Cris Mj) by Dei V', 'No Has Cambiado by Baby Rasta & Noriel & Hades66', 'Celine (with Kidd Keo) by Ghost Killer Track & Kidd Keo', 'El Merengue by Marshmello', 'Q U E V A S H A C E R H O Y ? by Omar Courtz', 'Santa by Rvssian', 'La Rizos [Dime Si Le Comento a la Pura] by Las 2K & Chardo Chardemio & Melody Records International', 'Después De La 1 by Cris Mj & FloyyMenor', 'Si Antes Te Hubiera Conocido by KAROL G', 'AMARGURA by KAROL G', 'YOTULOKO by Omar Montes & Rels B', 'CARITA TRISTE by Ana Mena & Emilia', 'Qué Pecao by Manuel Turizo & Kapo', 'EROTICAAAAAAA by Gonzy', 'LA FALDA by Myke Towers', 'RAPAPA by JC Reyes', 'IA by Clarent', 'WYA REMIX RED by J Abdiel & De La Rose & Yan Block', 'La Bachata by Manuel Turizo', 'Martini by Dei V', 'TAMBIÉN by Myke Towers', 'DIABLA by Los Diozes', 'Conexión by Cano'}",1,1,0.02,2025-10
2025-10-31,"{'Manos Rotas by DELLAFUENTE & Morad', 'LA REINA by Lola Indigo', 'Ohnana by Kapo', 'BADGYAL by SAIKO', 'SE ME OLVIDA by Maisak & Feid', 'LUNA by Feid', 'Vacile by Yan Block', 'Die With A Smile by Lady Gaga & Bruno Mars', 'OTRA NOCHE (feat. Darell) by Myke Towers', '1000COSAS by Lola Indigo & Manuel Turizo', 'PELIGROSA by FloyyMenor', 'Soltera by Shakira', 'STAR by JC Reyes', 'Duro De Verdad pt.2 by Los Sufridos & Bad Gyal', 'DEGENERE 👑 (feat. benny blanco) by Myke Towers', 'El Fin del Mundo by La La Love You', 'APT. by ROSÉ & Bruno Mars', 'Lo Que Tiene by Morad & Beny Jr & Rvfv', 'ADIVINO by Myke Towers', 'Besitos BB 2.0 by El Perla & Omar Montes & SAIKO', 'Goteras by Omar Montes & JC Reyes', 'Me has invitado a bailar by Dani Fernández', 'REAL GANGSTA LOVE by Trueno', 'Luna llena by Beny Jr', 'FRIKI by Gonzy', 'UWAIE by Kapo', ""X'CLUSIVO - REMIX by Gonzy"", 'Rapido (with Cris Mj) by Dei V', 'No Has Cambiado by Baby Rasta & Noriel & Hades66', 'Celine (with Kidd Keo) by Ghost Killer Track & Kidd Keo', 'El Merengue by Marshmello', 'Q U E V A S H A C E R H O Y ? by Omar Courtz', 'Santa by Rvssian', 'La Rizos [Dime Si Le Comento a la Pura] by Las 2K & Chardo Chardemio & Melody Records International', 'Después De La 1 by Cris Mj & FloyyMenor', 'Si Antes Te Hubiera Conocido by KAROL G', 'AMARGURA by KAROL G', 'YOTULOKO by Omar Montes & Rels B', 'CARITA TRISTE by Ana Mena & Emilia', 'Qué Pecao by Manuel Turizo & Kapo', 'EROTICAAAAAAA by Gonzy', 'LA FALDA by Myke Towers', 'RAPAPA by JC Reyes', 'IA by Clarent', 'WYA REMIX RED by J Abdiel & De La Rose & Yan Block', 'La Bachata by Manuel Turizo', 'Martini by Dei V', 'TAMBIÉN by Myke Towers', 'DIABLA by Los Diozes', 'Conexión by Cano'}",0,0,0.0,2025-10
2025-11-01,"{'Manos Rotas by DELLAFUENTE & Morad', 'LA REINA by Lola Indigo', 'Ohnana by Kapo', 'BADGYAL by SAIKO', 'SE ME OLVIDA by Maisak & Feid', 'LUNA by Feid', 'Vacile by Yan Block', 'Die With A Smile by Lady Gaga & Bruno Mars', 'OTRA NOCHE (feat. Darell) by Myke Towers', '1000COSAS by Lola Indigo & Manuel Turizo', 'PELIGROSA by FloyyMenor', 'Soltera by Shakira', 'STAR by JC Reyes', 'Duro De Verdad pt.2 by Los Sufridos & Bad Gyal', 'DEGENERE 👑 (feat. benny blanco) by Myke Towers', 'El Fin del Mundo by La La Love You', 'APT. by ROSÉ & Bruno Mars', 'Lo Que Tiene by Morad & Beny Jr & Rvfv', 'ADIVINO by Myke Towers', 'Goteras by Omar Montes & JC Reyes', 'Orgullosa De Papá by Cano', 'Me has invitado a bailar by Dani Fernández', 'REAL GANGSTA LOVE by Trueno', 'Luna llena by Beny Jr', 'FRIKI by Gonzy', 'UWAIE by Kapo', ""X'CLUSIVO - REMIX by Gonzy"", 'Rapido (with Cris Mj) by Dei V', 'Q U E V A S H A C E R H O Y ? by Omar Courtz', 'Celine (with Kidd Keo) by Ghost Killer Track & Kidd Keo', 'El Merengue by Marshmello', 'Santa by Rvssian', 'Si Antes Te Hubiera Conocido by KAROL G', 'La Rizos [Dime Si Le Comento a la Pura] by Las 2K & Chardo Chardemio & Melody Records International', 'Después De La 1 by Cris Mj & FloyyMenor', 'Columbia by Quevedo', 'YOTULOKO by Omar Montes & Rels B', 'Yo sé by Yan Block & TORRRES', 'CARITA TRISTE by Ana Mena & Emilia', 'Constelación by Duki & Lia Kali', 'Qué Pecao by Manuel Turizo & Kapo', 'LA FALDA by Myke Towers', 'RAPAPA by JC Reyes', 'IA by Clarent', 'WYA REMIX RED by J Abdiel & De La Rose & Yan Block', 'La Bachata by Manuel Turizo', 'Martini by Dei V', 'TAMBIÉN by Myke Towers', 'DIABLA by Los Diozes', 'Conexión by Cano'}",4,4,0.08,2025-11
2025-11-02,"{'Manos Rotas by DELLAFUENTE & Morad', 'LA REINA by Lola Indigo', 'DURO by Quevedo', 'Ohnana by Kapo', 'BADGYAL by SAIKO', 'SE ME OLVIDA by Maisak & Feid', 'LUNA by Feid', 'Vacile by Yan Block', 'Die With A Smile by Lady Gaga & Bruno Mars', 'OTRA NOCHE (feat. Darell) by Myke Towers', '1000COSAS by Lola Indigo & Manuel Turizo', 'PELIGROSA by FloyyMenor', 'Soltera by Shakira', 'STAR by JC Reyes', 'Duro De Verdad pt.2 by Los Sufridos & Bad Gyal', 'DEGENERE 👑 (feat. benny blanco) by Myke Towers', 'Lo Que Tiene by Morad & Beny Jr & Rvfv', 'ADIVINO by Myke Towers', 'Goteras by Omar Montes & JC Reyes', 'Orgullosa De Papá by Cano', 'Me has invitado a bailar by Dani Fernández', 'REAL GANGSTA LOVE by Trueno', 'Luna llena by Beny Jr', 'FRIKI by Gonzy', 'UWAIE by Kapo', ""X'CLUSIVO - REMIX by Gonzy"", 'Rapido (with Cris Mj) by Dei V', 'No Has Cambiado by Baby Rasta & Noriel & Hades66', 'Celine (with Kidd Keo) by Ghost Killer Track & Kidd Keo', 'El Merengue by Marshmello', 'Q U E V A S H A C E R H O Y ? by Omar Courtz', 'Santa by Rvssian', 'La Rizos [Dime Si Le Comento a la Pura] by Las 2K & Chardo Chardemio & Melody Records International', 'Después De La 1 by Cris Mj & FloyyMenor', 'Columbia by Quevedo', 'Si Antes Te Hubiera Conocido by KAROL G', 'YOTULOKO by Omar Montes & Rels B', 'Yo sé by Yan Block & TORRRES', 'CARITA TRISTE by Ana Mena & Emilia', 'Constelación by Duki & Lia Kali', 'Qué Pecao by Manuel Turizo & Kapo', 'LA FALDA by Myke Towers', 'RAPAPA by JC Reyes', 'IA by Clarent', 'WYA REMIX RED by J Abdiel & De La Rose & Yan Block', 'La Bachata by Manuel Turizo', 'Martini by Dei V', 'TAMBIÉN by Myke Towers', 'DIABLA by Los Diozes', 'Conexión by Cano'}",2,2,0.04,2025-11
2025-11-03,"{'Manos Rotas by DELLAFUENTE & Morad', 'LA REINA by Lola Indigo', 'Vida De Rock by Duki', 'DURO by Quevedo', 'Hardaway by Duki', 'BADGYAL by SAIKO', 'Ohnana by Kapo', 'LUNA by Feid', 'Vacile by Yan Block', 'OTRA NOCHE (feat. Darell) by Myke Towers', '1000COSAS by Lola Indigo & Manuel Turizo', 'PELIGROSA by FloyyMenor', 'Soltera by Shakira', 'Constelación by Duki', 'Duro De Verdad pt.2 by Los Sufridos & Bad Gyal', 'Cine 🚬 by Duki', 'DEGENERE 👑 (feat. benny blanco) by Myke Towers', 'STAR by JC Reyes', 'Lo Que Tiene by Morad & Beny Jr & Rvfv', 'ADIVINO by Myke Towers', 'Goteras by Omar Montes & JC Reyes', 'Me has invitado a bailar by Dani Fernández', 'Buscarte Lejos by Duki', 'Nueva Era by Duki', 'Luna llena by Beny Jr', 'Imperio by Duki', 'FRIKI by Gonzy', 'UWAIE by Kapo', ""X'CLUSIVO - REMIX by Gonzy"", 'Rapido (with Cris Mj) by Dei V', 'No Has Cambiado by Baby Rasta & Noriel & Hades66', 'Celine (with Kidd Keo) by Ghost Killer Track & Kidd Keo', 'El Merengue by Marshmello', 'Q U E V A S H A C E R H O Y ? by Omar Courtz', 'Santa by Rvssian', 'La Rizos [Dime Si Le Comento a la Pura] by Las 2K & Chardo Chardemio & Melody Records International', 'Después De La 1 by Cris Mj & FloyyMenor', 'Si Antes Te Hubiera Conocido by KAROL G', 'Trato De Estar Bien by Duki', 'YOTULOKO by Omar Montes & Rels B', 'CARITA TRISTE by Ana Mena & Emilia', 'Qué Pecao by Manuel Turizo & Kapo', 'Brindis by Duki', 'LA FALDA by Myke Towers', 'RAPAPA by JC Reyes', 'IA by Clarent', 'La Bachata by Manuel Turizo', 'Martini by Dei V', 'TAMBIÉN by Myke Towers', 'DIABLA by Los Diozes'}",9,9,0.18,2025-11
2025-11-04,"{'Manos Rotas by DELLAFUENTE & Morad', 'LA REINA by Lola Indigo', 'Vida De Rock by Duki', 'DURO by Quevedo', 'Ohnana by Kapo', 'BADGYAL by SAIKO', 'SE ME OLVIDA by Maisak & Feid', 'LUNA by Feid', 'Vacile by Yan Block', 'Die With A Smile by Lady Gaga & Bruno Mars', 'OTRA NOCHE (feat. Darell) by Myke Towers', '1000COSAS by Lola Indigo & Manuel Turizo', 'PELIGROSA by FloyyMenor', 'Soltera by Shakira', 'Constelación by Duki', 'Duro De Verdad pt.2 by Los Sufridos & Bad Gyal', 'DEGENERE 👑 (feat. benny blanco) by Myke Towers', 'STAR by JC Reyes', 'Lo Que Tiene by Morad & Beny Jr & Rvfv', 'ADIVINO by Myke Towers', 'Goteras by Omar Montes & JC Reyes', 'Me has invitado a bailar by Dani Fernández', 'Buscarte Lejos by Duki', 'Nueva Era by Duki', 'Luna llena by Beny Jr', 'Imperio by Duki', 'FRIKI by Gonzy', 'UWAIE by Kapo', ""X'CLUSIVO - REMIX by Gonzy"", 'Rapido (with Cris Mj) by Dei V', 'No Has Cambiado by Baby Rasta & Noriel & Hades66', 'Celine (with Kidd Keo) by Ghost Killer Track & Kidd Keo', 'El Merengue by Marshmello', 'Q U E V A S H A C E R H O Y ? by Omar Courtz', 'Santa by Rvssian', 'La Rizos [Dime Si Le Comento a la Pura] by Las 2K & Chardo Chardemio & Melody Records International', 'Después De La 1 by Cris Mj & FloyyMenor', 'Si Antes Te Hubiera Conocido by KAROL G', 'YOTULOKO by Omar Montes & Rels B', 'Yo sé by Yan Block & TORRRES', 'CARITA TRISTE by Ana Mena & Emilia', 'Qué Pecao by Manuel Turizo & Kapo', 'LA FALDA by Myke Towers', 'RAPAPA by JC Reyes', 'IA by Clarent', 'WYA REMIX RED by J Abdiel & De La Rose & Yan Block', 'La Bachata by Manuel Turizo', 'Martini by Dei V', 'TAMBIÉN by Myke Towers', 'DIABLA by Los Diozes'}",4,4,0.08,2025-11
2025-11-05,"{'Manos Rotas by DELLAFUENTE & Morad', 'LA REINA by Lola Indigo', 'Vida De Rock by Duki', 'DURO by Quevedo', 'Ohnana by Kapo', 'BADGYAL by SAIKO', 'Vacile by Yan Block', 'LUNA by Feid', 'Die With A Smile by Lady Gaga & Bruno Mars', 'OTRA NOCHE (feat. Darell) by Myke Towers', '1000COSAS by Lola Indigo & Manuel Turizo', 'PELIGROSA by FloyyMenor', 'Soltera by Shakira', 'Constelación by Duki', 'Duro De Verdad pt.2 by Los Sufridos & Bad Gyal', 'DEGENERE 👑 (feat. benny blanco) by Myke Towers', 'STAR by JC Reyes', 'El Fin del Mundo by La La Love You', 'Lo Que Tiene by Morad & Beny Jr & Rvfv', 'ADIVINO by Myke Towers', 'Goteras by Omar Montes & JC Reyes', 'Me has invitado a bailar by Dani Fernández', 'Buscarte Lejos by Duki', 'Nueva Era by Duki', 'Luna llena by Beny Jr', 'Imperio by Duki', 'FRIKI by Gonzy', 'UWAIE by Kapo', ""X'CLUSIVO - REMIX by Gonzy"", 'Rapido (with Cris Mj) by Dei V', 'No Has Cambiado by Baby Rasta & Noriel & Hades66', 'Celine (with Kidd Keo) by Ghost Killer Track & Kidd Keo', 'El Merengue by Marshmello', 'Q U E V A S H A C E R H O Y ? by Omar Courtz', 'Santa by Rvssian', 'La Rizos [Dime Si Le Comento a la Pura] by Las 2K & Chardo Chardemio & Melody Records International', 'Después De La 1 by Cris Mj & FloyyMenor', 'Si Antes Te Hubiera Conocido by KAROL G', 'YOTULOKO by Omar Montes & Rels B', 'Yo sé by Yan Block & TORRRES', 'CARITA TRISTE by Ana Mena & Emilia', 'Qué Pecao by Manuel Turizo & Kapo', 'LA FALDA by Myke Towers', 'RAPAPA by JC Reyes', 'IA by Clarent', 'WYA REMIX RED by J Abdiel & De La Rose & Yan Block', 'La Bachata by Manuel Turizo', 'Martini by Dei V', 'TAMBIÉN by Myke Towers', 'DIABLA by Los Diozes'}",1,1,0.02,2025-11
2025-11-06,"{'Manos Rotas by DELLAFUENTE & Morad', 'LA REINA by Lola Indigo', 'Vida De Rock by Duki', 'DURO by Quevedo', 'Ohnana by Kapo', 'BADGYAL by SAIKO', 'Vacile by Yan Block', 'LUNA by Feid', 'Die With A Smile by Lady Gaga & Bruno Mars', 'OTRA NOCHE (feat. Darell) by Myke Towers', '1000COSAS by Lola Indigo & Manuel Turizo', 'PELIGROSA by FloyyMenor', 'Soltera by Shakira', 'Constelación by Duki', 'Duro De Verdad pt.2 by Los Sufridos & Bad Gyal', 'DEGENERE 👑 (feat. benny blanco) by Myke Towers', 'STAR by JC Reyes', 'Lo Que Tiene by Morad & Beny Jr & Rvfv', 'ADIVINO by Myke Towers', 'Se Pone Las Nike by Cano', 'Goteras by Omar Montes & JC Reyes', 'Me has invitado a bailar by Dani Fernández', 'Buscarte Lejos by Duki', 'Nueva Era by Duki', 'Luna llena by Beny Jr', 'Imperio by Duki', 'FRIKI by Gonzy', 'UWAIE by Kapo', ""X'CLUSIVO - REMIX by Gonzy"", 'Rapido (with Cris Mj) by Dei V', 'Q U E V A S H A C E R H O Y ? by Omar Courtz', 'Celine (with Kidd Keo) by Ghost Killer Track & Kidd Keo', 'El Merengue by Marshmello', 'Santa by Rvssian', 'Si Antes Te Hubiera Conocido by KAROL G', 'La Rizos [Dime Si Le Comento a la Pura] by Las 2K & Chardo Chardemio & Melody Records International', 'Después De La 1 by Cris Mj & FloyyMenor', 'Trato De Estar Bien by Duki', 'Yo sé by Yan Block & TORRRES', 'CARITA TRISTE by Ana Mena & Emilia', 'Qué Pecao by Manuel Turizo & Kapo', 'Brindis by Duki', 'LA FALDA by Myke Towers', 'RAPAPA by JC Reyes', 'IA by Clarent', 'WYA REMIX RED by J Abdiel & De La Rose & Yan Block', 'La Bachata by Manuel Turizo', 'Martini by Dei V', 'TAMBIÉN by Myke Towers', 'DIABLA by Los Diozes'}",3,3,0.06,2025-11
2025-11-07,"{'Manos Rotas by DELLAFUENTE & Morad', 'LA REINA by Lola Indigo', 'Vida De Rock by Duki', 'DURO by Quevedo', 'Ohnana by Kapo', 'BADGYAL by SAIKO', 'Vacile by Yan Block', 'LUNA by Feid', 'Die With A Smile by Lady Gaga & Bruno Mars', 'OTRA NOCHE (feat. Darell) by Myke Towers', '1000COSAS by Lola Indigo & Manuel Turizo', 'PELIGROSA by FloyyMenor', 'Soltera by Shakira', 'Constelación by Duki', 'Duro De Verdad pt.2 by Los Sufridos & Bad Gyal', 'DEGENERE 👑 (feat. benny blanco) by Myke Towers', 'STAR by JC Reyes', 'El Fin del Mundo by La La Love You', 'Lo Que Tiene by Morad & Beny Jr & Rvfv', 'ADIVINO by Myke Towers', 'Se Pone Las Nike by Cano', 'Goteras by Omar Montes & JC Reyes', 'Me has invitado a bailar by Dani Fernández', 'Buscarte Lejos by Duki', 'Nueva Era by Duki', 'Luna llena by Beny Jr', 'Imperio by Duki', 'FRIKI by Gonzy', 'UWAIE by Kapo', ""X'CLUSIVO - REMIX by Gonzy"", 'Rapido (with Cris Mj) by Dei V', 'Q U E V A S H A C E R H O Y ? by Omar Courtz', 'Celine (with Kidd Keo) by Ghost Killer Track & Kidd Keo', 'El Merengue by Marshmello', 'Santa by Rvssian', 'Si Antes Te Hubiera Conocido by KAROL G', 'Trato De Estar Bien by Duki', 'Después De La 1 by Cris Mj & FloyyMenor', 'Yo sé by Yan Block & TORRRES', 'CARITA TRISTE by Ana Mena & Emilia', 'Qué Pecao by Manuel Turizo & Kapo', 'Brindis by Duki', 'LA FALDA by Myke Towers', 'RAPAPA by JC Reyes', 'IA by Clarent', 'WYA REMIX RED by J Abdiel & De La Rose & Yan Block', 'La Bachata by Manuel Turizo', 'Martini by Dei V', 'TAMBIÉN by Myke Towers', 'DIABLA by Los Diozes'}",1,1,0.02,2025-11
2025-11-08,"{'Manos Rotas by DELLAFUENTE & Morad', 'LA REINA by Lola Indigo', 'Vida De Rock by Duki', 'DURO by Quevedo', 'Ohnana by Kapo', 'BADGYAL by SAIKO', 'Vacile by Yan Block', 'LUNA by Feid', 'Die With A Smile by Lady Gaga & Bruno Mars', 'OTRA NOCHE (feat. Darell) by Myke Towers', '1000COSAS by Lola Indigo & Manuel Turizo', 'PELIGROSA by FloyyMenor', 'Soltera by Shakira', 'Constelación by Duki', 'Duro De Verdad pt.2 by Los Sufridos & Bad Gyal', 'DEGENERE 👑 (feat. benny blanco) by Myke Towers', 'STAR by JC Reyes', 'El Fin del Mundo by La La Love You', 'Lo Que Tiene by Morad & Beny Jr & Rvfv', 'ADIVINO by Myke Towers', 'Se Pone Las Nike by Cano', 'Goteras by Omar Montes & JC Reyes', 'Me has invitado a bailar by Dani Fernández', 'Buscarte Lejos by Duki', 'Nueva Era by Duki', 'Luna llena by Beny Jr', 'Imperio by Duki', 'FRIKI by Gonzy', 'UWAIE by Kapo', ""X'CLUSIVO - REMIX by Gonzy"", 'Rapido (with Cris Mj) by Dei V', 'Q U E V A S H A C E R H O Y ? by Omar Courtz', 'Celine (with Kidd Keo) by Ghost Killer Track & Kidd Keo', 'El Merengue by Marshmello', 'Santa by Rvssian', 'Si Antes Te Hubiera Conocido by KAROL G', 'Trato De Estar Bien by Duki', 'Después De La 1 by Cris Mj & FloyyMenor', 'Yo sé by Yan Block & TORRRES', 'CARITA TRISTE by Ana Mena & Emilia', 'Qué Pecao by Manuel Turizo & Kapo', 'LA FALDA by Myke Towers', 'RAPAPA by JC Reyes', 'IA by Clarent', 'WYA REMIX RED by J Abdiel & De La Rose & Yan Block', 'La Bachata by Manuel Turizo', 'Martini by Dei V', 'TAMBIÉN by Myke Towers', 'DIABLA by Los Diozes', 'Conexión by Cano'}",1,1,0.02,2025-11
2025-11-09,"{'Manos Rotas by DELLAFUENTE & Morad', 'LA REINA by Lola Indigo', 'Vida De Rock by Duki', 'DURO by Quevedo', 'Ohnana by Kapo', 'BADGYAL by SAIKO', 'Vacile by Yan Block', 'LUNA by Feid', 'Die With A Smile by Lady Gaga & Bruno Mars', 'OTRA NOCHE (feat. Darell) by Myke Towers', '1000COSAS by Lola Indigo & Manuel Turizo', 'PELIGROSA by FloyyMenor', 'Soltera by Shakira', 'Constelación by Duki', 'Duro De Verdad pt.2 by Los Sufridos & Bad Gyal', 'DEGENERE 👑 (feat. benny blanco) by Myke Towers', 'STAR by JC Reyes', 'El Fin del Mundo by La La Love You', 'Lo Que Tiene by Morad & Beny Jr & Rvfv', 'ADIVINO by Myke Towers', 'Se Pone Las Nike by Cano', 'Goteras by Omar Montes & JC Reyes', 'Me has invitado a bailar by Dani Fernández', 'Buscarte Lejos by Duki', 'Nueva Era by Duki', 'Luna llena by Beny Jr', 'Imperio by Duki', 'FRIKI by Gonzy', 'UWAIE by Kapo', ""X'CLUSIVO - REMIX by Gonzy"", 'Rapido (with Cris Mj) by Dei V', 'Q U E V A S H A C E R H O Y ? by Omar Courtz', 'Celine (with Kidd Keo) by Ghost Killer Track & Kidd Keo', 'El Merengue by Marshmello', 'Santa by Rvssian', 'Si Antes Te Hubiera Conocido by KAROL G', 'Trato De Estar Bien by Duki', 'Después De La 1 by Cris Mj & FloyyMenor', 'Yo sé by Yan Block & TORRRES', 'CARITA TRISTE by Ana Mena & Emilia', 'Qué Pecao by Manuel Turizo & Kapo', 'LA FALDA by Myke Towers', 'RAPAPA by JC Reyes', 'IA by Clarent', 'WYA REMIX RED by J Abdiel & De La Rose & Yan Block', 'La Bachata by Manuel Turizo', 'Martini by Dei V', 'TAMBIÉN by Myke Towers', 'DIABLA by Los Diozes', 'Conexión by Cano'}",0,0,0.0,2025-11
2025-11-10,"{'Manos Rotas by DELLAFUENTE & Morad', 'LA REINA by Lola Indigo', 'Vida De Rock by Duki', 'DURO by Quevedo', 'Ohnana by Kapo', 'BADGYAL by SAIKO', 'SE ME OLVIDA by Maisak & Feid', 'LUNA by Feid', 'Vacile by Yan Block', 'Die With A Smile by Lady Gaga & Bruno Mars', 'OTRA NOCHE (feat. Darell) by Myke Towers', '1000COSAS by Lola Indigo & Manuel Turizo', 'PELIGROSA by FloyyMenor', 'Soltera by Shakira', '57 by KAROL G & Feid & DFZM', 'Constelación by Duki', 'Duro De Verdad pt.2 by Los Sufridos & Bad Gyal', 'DEGENERE 👑 (feat. benny blanco) by Myke Towers', 'STAR by JC Reyes', 'El Fin del Mundo by La La Love You', 'Lo Que Tiene by Morad & Beny Jr & Rvfv', 'ADIVINO by Myke Towers', 'Se Pone Las Nike by Cano', 'Goteras by Omar Montes & JC Reyes', 'Me has invitado a bailar by Dani Fernández', 'Nueva Era by Duki', 'Luna llena by Beny Jr', 'Imperio by Duki', 'FRIKI by Gonzy', 'UWAIE by Kapo', ""X'CLUSIVO - REMIX by Gonzy"", 'Rapido (with Cris Mj) by Dei V', 'Q U E V A S H A C E R H O Y ? by Omar Courtz', 'Celine (with Kidd Keo) by Ghost Killer Track & Kidd Keo', 'El Merengue by Marshmello', 'Santa by Rvssian', 'Si Antes Te Hubiera Conocido by KAROL G', 'Después De La 1 by Cris Mj & FloyyMenor', 'Yo sé by Yan Block & TORRRES', 'CARITA TRISTE by Ana Mena & Emilia', 'Qué Pecao by Manuel Turizo & Kapo', 'LA FALDA by Myke Towers', 'RAPAPA by JC Reyes', 'IA by Clarent', 'WYA REMIX RED by J Abdiel & De La Rose & Yan Block', 'La Bachata by Manuel Turizo', 'Martini by Dei V', 'TAMBIÉN by Myke Towers', 'DIABLA by Los Diozes', 'Conexión by Cano'}",2,2,0.04,2025-11
2025-11-11,"{'Manos Rotas by DELLAFUENTE & Morad', 'LA REINA by Lola Indigo', 'DURO by Quevedo', 'Ohnana by Kapo', 'BADGYAL by SAIKO', 'SE ME OLVIDA by Maisak & Feid', 'LUNA by Feid', 'Vacile by Yan Block', 'Die With A Smile by Lady Gaga & Bruno Mars', 'OTRA NOCHE (feat. Darell) by Myke Towers', '1000COSAS by Lola Indigo & Manuel Turizo', 'PELIGROSA by FloyyMenor', 'Soltera by Shakira', '57 by KAROL G & Feid & DFZM', 'STAR by JC Reyes', 'Duro De Verdad pt.2 by Los Sufridos & Bad Gyal', 'DEGENERE 👑 (feat. benny blanco) by Myke Towers', 'El Fin del Mundo by La La Love You', 'Lo Que Tiene by Morad & Beny Jr & Rvfv', 'ADIVINO by Myke Towers', 'Se Pone Las Nike by Cano', 'Goteras by Omar Montes & JC Reyes', 'Me has invitado a bailar by Dani Fernández', 'Nueva Era by Duki', 'Luna llena by Beny Jr', 'REAL GANGSTA LOVE by Trueno', 'Imperio by Duki', 'FRIKI by Gonzy', 'UWAIE by Kapo', ""X'CLUSIVO - REMIX by Gonzy"", 'Rapido (with Cris Mj) by Dei V', 'No Has Cambiado by Baby Rasta & Noriel & Hades66', 'Celine (with Kidd Keo) by Ghost Killer Track & Kidd Keo', 'El Merengue by Marshmello', 'Q U E V A S H A C E R H O Y ? by Omar Courtz', 'Santa by Rvssian', 'Si Antes Te Hubiera Conocido by KAROL G', 'Después De La 1 by Cris Mj & FloyyMenor', 'Yo sé by Yan Block & TORRRES', 'CARITA TRISTE by Ana Mena & Emilia', 'Qué Pecao by Manuel Turizo & Kapo', 'LA FALDA by Myke Towers', 'RAPAPA by JC Reyes', 'IA by Clarent', 'WYA REMIX RED by J Abdiel & De La Rose & Yan Block', 'La Bachata by Manuel Turizo', 'Martini by Dei V', 'TAMBIÉN by Myke Towers', 'DIABLA by Los Diozes', 'Conexión by Cano'}",2,2,0.04,2025-11
2025-11-12,"{'Manos Rotas by DELLAFUENTE & Morad', 'LA REINA by Lola Indigo', 'DURO by Quevedo', 'Ohnana by Kapo', 'BADGYAL by SAIKO', 'SE ME OLVIDA by Maisak & Feid', 'LUNA by Feid', 'Vacile by Yan Block', 'Die With A Smile by Lady Gaga & Bruno Mars', 'OTRA NOCHE (feat. Darell) by Myke Towers', '1000COSAS by Lola Indigo & Manuel Turizo', 'PELIGROSA by FloyyMenor', 'Soltera by Shakira', '57 by KAROL G & Feid & DFZM', 'STAR by JC Reyes', 'Duro De Verdad pt.2 by Los Sufridos & Bad Gyal', 'DEGENERE 👑 (feat. benny blanco) by Myke Towers', 'El Fin del Mundo by La La Love You', 'Lo Que Tiene by Morad & Beny Jr & Rvfv', 'ADIVINO by Myke Towers', 'Se Pone Las Nike by Cano', 'Goteras by Omar Montes & JC Reyes', 'Me has invitado a bailar by Dani Fernández', 'Nueva Era by Duki', 'Luna llena by Beny Jr', 'REAL GANGSTA LOVE by Trueno', 'Imperio by Duki', 'FRIKI by Gonzy', 'UWAIE by Kapo', ""X'CLUSIVO - REMIX by Gonzy"", 'Rapido (with Cris Mj) by Dei V', 'No Has Cambiado by Baby Rasta & Noriel & Hades66', 'Celine (with Kidd Keo) by Ghost Killer Track & Kidd Keo', 'El Merengue by Marshmello', 'Q U E V A S H A C E R H O Y ? by Omar Courtz', 'Santa by Rvssian', 'Si Antes Te Hubiera Conocido by KAROL G', 'Después De La 1 by Cris Mj & FloyyMenor', 'Yo sé by Yan Block & TORRRES', 'CARITA TRISTE by Ana Mena & Emilia', 'Qué Pecao by Manuel Turizo & Kapo', 'LA FALDA by Myke Towers', 'RAPAPA by JC Reyes', 'IA by Clarent', 'WYA REMIX RED by J Abdiel & De La Rose & Yan Block', 'La Bachata by Manuel Turizo', 'Martini by Dei V', 'TAMBIÉN by Myke Towers', 'DIABLA by Los Diozes', 'Conexión by Cano'}",0,0,0.0,2025-11
2025-11-13,"{'Manos Rotas by DELLAFUENTE & Morad', 'LA REINA by Lola Indigo', 'DURO by Quevedo', 'Ohnana by Kapo', 'BADGYAL by SAIKO', 'SE ME OLVIDA by Maisak & Feid', 'LUNA by Feid', 'Vacile by Yan Block', 'Die With A Smile by Lady Gaga & Bruno Mars', 'OTRA NOCHE (feat. Darell) by Myke Towers', '1000COSAS by Lola Indigo & Manuel Turizo', 'PELIGROSA by FloyyMenor', 'Soltera by Shakira', '57 by KAROL G & Feid & DFZM', 'STAR by JC Reyes', 'Duro De Verdad pt.2 by Los Sufridos & Bad Gyal', 'DEGENERE 👑 (feat. benny blanco) by Myke Towers', 'El Fin del Mundo by La La Love You', 'Lo Que Tiene by Morad & Beny Jr & Rvfv', 'ADIVINO by Myke Towers', 'Se Pone Las Nike by Cano', 'Goteras by Omar Montes & JC Reyes', 'Me has invitado a bailar by Dani Fernández', 'Nueva Era by Duki', 'Luna llena by Beny Jr', 'REAL GANGSTA LOVE by Trueno', 'Imperio by Duki', 'FRIKI by Gonzy', 'UWAIE by Kapo', ""X'CLUSIVO - REMIX by Gonzy"", 'Rapido (with Cris Mj) by Dei V', 'No Has Cambiado by Baby Rasta & Noriel & Hades66', 'Celine (with Kidd Keo) by Ghost Killer Track & Kidd Keo', 'El Merengue by Marshmello', 'Q U E V A S H A C E R H O Y ? by Omar Courtz', 'Santa by Rvssian', 'Si Antes Te Hubiera Conocido by KAROL G', 'Después De La 1 by Cris Mj & FloyyMenor', 'IA by Clarent & Mora', 'Yo sé by Yan Block & TORRRES', 'CARITA TRISTE by Ana Mena & Emilia', 'Qué Pecao by Manuel Turizo & Kapo', 'LA FALDA by Myke Towers', 'RAPAPA by JC Reyes', 'WYA REMIX RED by J Abdiel & De La Rose & Yan Block', 'La Bachata by Manuel Turizo', 'Martini by Dei V', 'TAMBIÉN by Myke Towers', 'DIABLA by Los Diozes', 'Conexión by Cano'}",1,1,0.02,2025-11
2025-11-14,"{'Manos Rotas by DELLAFUENTE & Morad', 'LA REINA by Lola Indigo', 'DURO by Quevedo', 'Ohnana by Kapo', 'BADGYAL by SAIKO', 'SE ME OLVIDA by Maisak & Feid', 'LUNA by Feid', 'Vacile by Yan Block', 'Die With A Smile by Lady Gaga & Bruno Mars', 'OTRA NOCHE (feat. Darell) by Myke Towers', 'PELIGROSA by FloyyMenor', 'Soltera by Shakira', '57 by KAROL G & Feid & DFZM', 'STAR by JC Reyes', 'Duro De Verdad pt.2 by Los Sufridos & Bad Gyal', 'DEGENERE 👑 (feat. benny blanco) by Myke Towers', 'El Fin del Mundo by La La Love You', 'Lo Que Tiene by Morad & Beny Jr & Rvfv', 'ADIVINO by Myke Towers', 'Se Pone Las Nike by Cano', 'Goteras by Omar Montes & JC Reyes', 'Orgullosa De Papá by Cano', 'Me has invitado a bailar by Dani Fernández', 'Nueva Era by Duki', 'Luna llena by Beny Jr', 'REAL GANGSTA LOVE by Trueno', 'Imperio by Duki', 'FRIKI by Gonzy', 'UWAIE by Kapo', ""X'CLUSIVO - REMIX by Gonzy"", 'Rapido (with Cris Mj) by Dei V', 'No Has Cambiado by Baby Rasta & Noriel & Hades66', 'Celine (with Kidd Keo) by Ghost Killer Track & Kidd Keo', 'El Merengue by Marshmello', 'Q U E V A S H A C E R H O Y ? by Omar Courtz', 'Santa by Rvssian', 'Si Antes Te Hubiera Conocido by KAROL G', 'Después De La 1 by Cris Mj & FloyyMenor', 'IA by Clarent & Mora', 'Yo sé by Yan Block & TORRRES', 'CARITA TRISTE by Ana Mena & Emilia', 'Qué Pecao by Manuel Turizo & Kapo', 'LA FALDA by Myke Towers', 'RAPAPA by JC Reyes', 'WYA REMIX RED by J Abdiel & De La Rose & Yan Block', 'La Bachata by Manuel Turizo', 'Martini by Dei V', 'TAMBIÉN by Myke Towers', 'DIABLA by Los Diozes', 'Conexión by Cano'}",1,1,0.02,2025-11
2025-11-15,"{'Manos Rotas by DELLAFUENTE & Morad', 'LA REINA by Lola Indigo', 'DURO by Quevedo', 'Ohnana by Kapo', 'BADGYAL by SAIKO', 'SE ME OLVIDA by Maisak & Feid', 'LUNA by Feid', 'Vacile by Yan Block', 'Die With A Smile by Lady Gaga & Bruno Mars', 'OTRA NOCHE (feat. Darell) by Myke Towers', 'PELIGROSA by FloyyMenor', 'Imagínate by Danny Ocean & Kapo', '57 by KAROL G & Feid & DFZM', 'Soltera by Shakira', 'STAR by JC Reyes', 'Duro De Verdad pt.2 by Los Sufridos & Bad Gyal', 'DEGENERE 👑 (feat. benny blanco) by Myke Towers', 'El Fin del Mundo by La La Love You', 'Lo Que Tiene by Morad & Beny Jr & Rvfv', 'ADIVINO by Myke Towers', 'Se Pone Las Nike by Cano', 'Goteras by Omar Montes & JC Reyes', 'Orgullosa De Papá by Cano', 'Me has invitado a bailar by Dani Fernández', 'Nueva Era by Duki', 'Luna llena by Beny Jr', 'REAL GANGSTA LOVE by Trueno', 'Imperio by Duki', 'FRIKI by Gonzy', 'UWAIE by Kapo', ""X'CLUSIVO - REMIX by Gonzy"", 'Rapido (with Cris Mj) by Dei V', 'No Has Cambiado by Baby Rasta & Noriel & Hades66', 'Celine (with Kidd Keo) by Ghost Killer Track & Kidd Keo', 'El Merengue by Marshmello', 'Q U E V A S H A C E R H O Y ? by Omar Courtz', 'Santa by Rvssian', 'Si Antes Te Hubiera Conocido by KAROL G', 'Después De La 1 by Cris Mj & FloyyMenor', 'IA by Clarent & Mora', 'Yo sé by Yan Block & TORRRES', 'CARITA TRISTE by Ana Mena & Emilia', 'Qué Pecao by Manuel Turizo & Kapo', 'LA FALDA by Myke Towers', 'RAPAPA by JC Reyes', 'WYA REMIX RED by J Abdiel & De La Rose & Yan Block', 'La Bachata by Manuel Turizo', 'Martini by Dei V', 'TAMBIÉN by Myke Towers', 'DIABLA by Los Diozes'}",1,1,0.02,2025-11
2025-11-16,"{'Manos Rotas by DELLAFUENTE & Morad', 'LA REINA by Lola Indigo', 'DURO by Quevedo', 'Ohnana by Kapo', 'BADGYAL by SAIKO', 'SE ME OLVIDA by Maisak & Feid', 'LUNA by Feid', 'Vacile by Yan Block', 'Die With A Smile by Lady Gaga & Bruno Mars', 'OTRA NOCHE (feat. Darell) by Myke Towers', 'PELIGROSA by FloyyMenor', 'Imagínate by Danny Ocean & Kapo', '57 by KAROL G & Feid & DFZM', 'Soltera by Shakira', 'STAR by JC Reyes', 'Duro De Verdad pt.2 by Los Sufridos & Bad Gyal', 'DEGENERE 👑 (feat. benny blanco) by Myke Towers', 'El Fin del Mundo by La La Love You', 'Lo Que Tiene by Morad & Beny Jr & Rvfv', 'ADIVINO by Myke Towers', 'Se Pone Las Nike by Cano', 'Goteras by Omar Montes & JC Reyes', 'Orgullosa De Papá by Cano', 'Me has invitado a bailar by Dani Fernández', 'Nueva Era by Duki', 'Luna llena by Beny Jr', 'REAL GANGSTA LOVE by Trueno', 'Imperio by Duki', 'FRIKI by Gonzy', 'UWAIE by Kapo', ""X'CLUSIVO - REMIX by Gonzy"", 'Rapido (with Cris Mj) by Dei V', 'Q U E V A S H A C E R H O Y ? by Omar Courtz', 'Celine (with Kidd Keo) by Ghost Killer Track & Kidd Keo', 'El Merengue by Marshmello', 'Santa by Rvssian', 'Si Antes Te Hubiera Conocido by KAROL G', 'Después De La 1 by Cris Mj & FloyyMenor', 'IA by Clarent & Mora', 'Yo sé by Yan Block & TORRRES', 'CARITA TRISTE by Ana Mena & Emilia', 'Qué Pecao by Manuel Turizo & Kapo', 'LA FALDA by Myke Towers', 'DEPORTIVO by Blessd & Anuel AA', 'RAPAPA by JC Reyes', 'WYA REMIX RED by J Abdiel & De La Rose & Yan Block', 'La Bachata by Manuel Turizo', 'Martini by Dei V', 'TAMBIÉN by Myke Towers', 'DIABLA by Los Diozes'}",1,1,0.02,2025-11
2025-11-17,"{'Espresso Martini by Rauw Alejandro', 'LA REINA by Lola Indigo', ""Baja Pa' Acá by Rauw Alejandro"", 'DURO by Quevedo', 'BADGYAL by SAIKO', 'Ohnana by Kapo', 'LUNA by Feid', 'Cosa Nuestra by Rauw Alejandro', 'Ni Me Conozco by Rauw Alejandro', 'Vacile by Yan Block', 'Committed by Rauw Alejandro', 'Tú Con Él by Rauw Alejandro', 'PELIGROSA by FloyyMenor', 'Imagínate by Danny Ocean & Kapo', '57 by KAROL G & Feid & DFZM', 'Soltera by Shakira', 'STAR by JC Reyes', 'Duro De Verdad pt.2 by Los Sufridos & Bad Gyal', 'DEGENERE 👑 (feat. benny blanco) by Myke Towers', 'Mil Mujeres by Rauw Alejandro', 'Khé? by Rauw Alejandro', 'Lo Que Tiene by Morad & Beny Jr & Rvfv', 'Se Pone Las Nike by Cano', 'Goteras by Omar Montes & JC Reyes', 'Me has invitado a bailar by Dani Fernández', 'Nueva Era by Duki', 'Luna llena by Beny Jr', 'Imperio by Duki', 'FRIKI by Gonzy', 'UWAIE by Kapo', ""X'CLUSIVO - REMIX by Gonzy"", 'Rapido (with Cris Mj) by Dei V', 'Q U E V A S H A C E R H O Y ? by Omar Courtz', 'Celine (with Kidd Keo) by Ghost Killer Track & Kidd Keo', 'Santa by Rvssian', 'Si Antes Te Hubiera Conocido by KAROL G', 'IA by Clarent & Mora', 'Se Fue by Rauw Alejandro', 'Yo sé by Yan Block & TORRRES', 'CARITA TRISTE by Ana Mena & Emilia', 'Pasaporte by Rauw Alejandro', 'Qué Pecao by Manuel Turizo & Kapo', 'Déjame Entrar by Rauw Alejandro', 'RAPAPA by JC Reyes', 'Revolú by Rauw Alejandro', 'IL Capo by Rauw Alejandro', 'TAMBIÉN by Myke Towers', 'Amar De Nuevo by Rauw Alejandro', 'DIABLA by Los Diozes', 'Qué Pasaría... by Rauw Alejandro'}",15,15,0.3,2025-11
2025-11-18,"{'Espresso Martini by Rauw Alejandro', 'Manos Rotas by DELLAFUENTE & Morad', 'LA REINA by Lola Indigo', ""Baja Pa' Acá by Rauw Alejandro"", 'DURO by Quevedo', 'BADGYAL by SAIKO', 'Ohnana by Kapo', 'LUNA by Feid', 'Cosa Nuestra by Rauw Alejandro', 'Die With A Smile by Lady Gaga & Bruno Mars', 'Ni Me Conozco by Rauw Alejandro', 'Vacile by Yan Block', 'Tú Con Él by Rauw Alejandro', 'PELIGROSA by FloyyMenor', 'Imagínate by Danny Ocean & Kapo', '57 by KAROL G & Feid & DFZM', 'Soltera by Shakira', 'STAR by JC Reyes', 'Duro De Verdad pt.2 by Los Sufridos & Bad Gyal', 'DEGENERE 👑 (feat. benny blanco) by Myke Towers', 'Khé? by Rauw Alejandro', 'Lo Que Tiene by Morad & Beny Jr & Rvfv', 'Se Pone Las Nike by Cano', 'Goteras by Omar Montes & JC Reyes', 'Me has invitado a bailar by Dani Fernández', 'Nueva Era by Duki', 'Luna llena by Beny Jr', 'FRIKI by Gonzy', 'UWAIE by Kapo', ""X'CLUSIVO - REMIX by Gonzy"", 'Rapido (with Cris Mj) by Dei V', 'Q U E V A S H A C E R H O Y ? by Omar Courtz', 'Celine (with Kidd Keo) by Ghost Killer Track & Kidd Keo', 'El Merengue by Marshmello', 'Santa by Rvssian', 'Si Antes Te Hubiera Conocido by KAROL G', 'Después De La 1 by Cris Mj & FloyyMenor', 'IA by Clarent & Mora', 'Se Fue by Rauw Alejandro', 'Yo sé by Yan Block & TORRRES', 'CARITA TRISTE by Ana Mena & Emilia', 'Qué Pecao by Manuel Turizo & Kapo', 'LA FALDA by Myke Towers', 'Déjame Entrar by Rauw Alejandro', 'RAPAPA by JC Reyes', 'Revolú by Rauw Alejandro', 'La Bachata by Manuel Turizo', 'TAMBIÉN by Myke Towers', 'DIABLA by Los Diozes', 'Qué Pasaría... by Rauw Alejandro'}",6,6,0.12,2025-11
2025-11-19,"{'Espresso Martini by Rauw Alejandro', 'Manos Rotas by DELLAFUENTE & Morad', 'LA REINA by Lola Indigo', ""Baja Pa' Acá by Rauw Alejandro"", 'DURO by Quevedo', 'BADGYAL by SAIKO', 'Ohnana by Kapo', 'LUNA by Feid', 'Vacile by Yan Block', 'Die With A Smile by Lady Gaga & Bruno Mars', 'Ni Me Conozco by Rauw Alejandro', 'Tú Con Él by Rauw Alejandro', 'PELIGROSA by FloyyMenor', 'Imagínate by Danny Ocean & Kapo', '57 by KAROL G & Feid & DFZM', 'Soltera by Shakira', 'STAR by JC Reyes', 'Duro De Verdad pt.2 by Los Sufridos & Bad Gyal', 'DEGENERE 👑 (feat. benny blanco) by Myke Towers', 'El Fin del Mundo by La La Love You', 'Khé? by Rauw Alejandro', 'Lo Que Tiene by Morad & Beny Jr & Rvfv', 'Se Pone Las Nike by Cano', 'Goteras by Omar Montes & JC Reyes', 'Me has invitado a bailar by Dani Fernández', 'Nueva Era by Duki', 'Luna llena by Beny Jr', 'FRIKI by Gonzy', 'UWAIE by Kapo', ""X'CLUSIVO - REMIX by Gonzy"", 'Rapido (with Cris Mj) by Dei V', 'Q U E V A S H A C E R H O Y ? by Omar Courtz', 'Celine (with Kidd Keo) by Ghost Killer Track & Kidd Keo', 'Santa by Rvssian', 'Si Antes Te Hubiera Conocido by KAROL G', 'IA by Clarent & Mora', 'Se Fue by Rauw Alejandro', 'Yo sé by Yan Block & TORRRES', 'CARITA TRISTE by Ana Mena & Emilia', 'Qué Pecao by Manuel Turizo & Kapo', 'LA FALDA by Myke Towers', 'Déjame Entrar by Rauw Alejandro', 'RAPAPA by JC Reyes', 'Revolú by Rauw Alejandro', 'Quickie by Dei V', 'La Bachata by Manuel Turizo', 'Martini by Dei V', 'TAMBIÉN by Myke Towers', 'DIABLA by Los Diozes', 'Qué Pasaría... by Rauw Alejandro'}",3,3,0.06,2025-11
2025-11-20,"{'Espresso Martini by Rauw Alejandro', 'Manos Rotas by DELLAFUENTE & Morad', 'LA REINA by Lola Indigo', ""Baja Pa' Acá by Rauw Alejandro"", 'DURO by Quevedo', 'BADGYAL by SAIKO', 'Ohnana by Kapo', 'LUNA by Feid', 'Vacile by Yan Block', 'Die With A Smile by Lady Gaga & Bruno Mars', 'Ni Me Conozco by Rauw Alejandro', 'Tú Con Él by Rauw Alejandro', 'PELIGROSA by FloyyMenor', 'Imagínate by Danny Ocean & Kapo', '57 by KAROL G & Feid & DFZM', 'Soltera by Shakira', 'STAR by JC Reyes', 'Duro De Verdad pt.2 by Los Sufridos & Bad Gyal', 'DEGENERE 👑 (feat. benny blanco) by Myke Towers', 'Khé? by Rauw Alejandro', 'Lo Que Tiene by Morad & Beny Jr & Rvfv', 'Se Pone Las Nike by Cano', 'Goteras by Omar Montes & JC Reyes', 'Me has invitado a bailar by Dani Fernández', 'Nueva Era by Duki', 'Luna llena by Beny Jr', 'Imperio by Duki', 'FRIKI by Gonzy', 'UWAIE by Kapo', ""X'CLUSIVO - REMIX by Gonzy"", 'Rapido (with Cris Mj) by Dei V', 'Q U E V A S H A C E R H O Y ? by Omar Courtz', 'Celine (with Kidd Keo) by Ghost Killer Track & Kidd Keo', 'Santa by Rvssian', 'Si Antes Te Hubiera Conocido by KAROL G', 'Después De La 1 by Cris Mj & FloyyMenor', 'IA by Clarent & Mora', 'Se Fue by Rauw Alejandro', 'Yo sé by Yan Block & TORRRES', 'CARITA TRISTE by Ana Mena & Emilia', 'Qué Pecao by Manuel Turizo & Kapo', 'LA FALDA by Myke Towers', 'Déjame Entrar by Rauw Alejandro', 'RAPAPA by JC Reyes', 'Revolú by Rauw Alejandro', 'Quickie by Dei V', 'Martini by Dei V', 'TAMBIÉN by Myke Towers', 'DIABLA by Los Diozes', 'Qué Pasaría... by Rauw Alejandro'}",2,2,0.04,2025-11
2025-11-21,"{'Espresso Martini by Rauw Alejandro', 'Manos Rotas by DELLAFUENTE & Morad', 'LA REINA by Lola Indigo', 'DURO by Quevedo', 'Ohnana by Kapo', 'BADGYAL by SAIKO', 'Vacile by Yan Block', 'LUNA by Feid', 'Die With A Smile by Lady Gaga & Bruno Mars', 'Ni Me Conozco by Rauw Alejandro', 'Tú Con Él by Rauw Alejandro', 'PELIGROSA by FloyyMenor', 'Imagínate by Danny Ocean & Kapo', '57 by KAROL G & Feid & DFZM', 'Soltera by Shakira', 'STAR by JC Reyes', 'Duro De Verdad pt.2 by Los Sufridos & Bad Gyal', 'DEGENERE 👑 (feat. benny blanco) by Myke Towers', 'El Fin del Mundo by La La Love You', 'Khé? by Rauw Alejandro', 'Lo Que Tiene by Morad & Beny Jr & Rvfv', 'Se Pone Las Nike by Cano', 'Goteras by Omar Montes & JC Reyes', 'Me has invitado a bailar by Dani Fernández', 'Nueva Era by Duki', 'Luna llena by Beny Jr', 'Imperio by Duki', 'FRIKI by Gonzy', 'UWAIE by Kapo', ""X'CLUSIVO - REMIX by Gonzy"", 'Rapido (with Cris Mj) by Dei V', 'Q U E V A S H A C E R H O Y ? by Omar Courtz', 'Celine (with Kidd Keo) by Ghost Killer Track & Kidd Keo', 'Santa by Rvssian', 'Si Antes Te Hubiera Conocido by KAROL G', 'IA by Clarent & Mora', 'Se Fue by Rauw Alejandro', 'G-WA by ZHEUS', 'Yo sé by Yan Block & TORRRES', 'CARITA TRISTE by Ana Mena & Emilia', 'Qué Pecao by Manuel Turizo & Kapo', 'LA FALDA by Myke Towers', 'DEPORTIVO by Blessd & Anuel AA', 'Déjame Entrar by Rauw Alejandro', 'RAPAPA by JC Reyes', 'Revolú by Rauw Alejandro', 'Quickie by Dei V', 'Martini by Dei V', 'TAMBIÉN by Myke Towers', 'Qué Pasaría... by Rauw Alejandro'}",3,3,0.06,2025-11
2025-11-22,"{'Manos Rotas by DELLAFUENTE & Morad', 'LA REINA by Lola Indigo', 'DURO by Quevedo', 'Ohnana by Kapo', 'BADGYAL by SAIKO', 'Vacile by Yan Block', 'LUNA by Feid', 'Die With A Smile by Lady Gaga & Bruno Mars', 'Ni Me Conozco by Rauw Alejandro', 'Tú Con Él by Rauw Alejandro', 'PELIGROSA by FloyyMenor', 'Imagínate by Danny Ocean & Kapo', '57 by KAROL G & Feid & DFZM', 'Soltera by Shakira', 'STAR by JC Reyes', 'Duro De Verdad pt.2 by Los Sufridos & Bad Gyal', 'DEGENERE 👑 (feat. benny blanco) by Myke Towers', 'El Fin del Mundo by La La Love You', 'Khé? by Rauw Alejandro', 'Lo Que Tiene by Morad & Beny Jr & Rvfv', 'Se Pone Las Nike by Cano', 'Goteras by Omar Montes & JC Reyes', 'Me has invitado a bailar by Dani Fernández', 'Nueva Era by Duki', 'Luna llena by Beny Jr', 'Imperio by Duki', 'FRIKI by Gonzy', 'UWAIE by Kapo', ""X'CLUSIVO - REMIX by Gonzy"", 'Rapido (with Cris Mj) by Dei V', 'Q U E V A S H A C E R H O Y ? by Omar Courtz', 'Celine (with Kidd Keo) by Ghost Killer Track & Kidd Keo', 'Santa by Rvssian', 'Si Antes Te Hubiera Conocido by KAROL G', 'Después De La 1 by Cris Mj & FloyyMenor', 'IA by Clarent & Mora', 'Se Fue by Rauw Alejandro', 'G-WA by ZHEUS', 'Yo sé by Yan Block & TORRRES', 'CARITA TRISTE by Ana Mena & Emilia', 'Qué Pecao by Manuel Turizo & Kapo', 'LA FALDA by Myke Towers', 'DEPORTIVO by Blessd & Anuel AA', 'Déjame Entrar by Rauw Alejandro', 'RAPAPA by JC Reyes', 'Revolú by Rauw Alejandro', 'Quickie by Dei V', 'Martini by Dei V', 'TAMBIÉN by Myke Towers', 'Qué Pasaría... by Rauw Alejandro'}",1,1,0.02,2025-11
2025-11-23,"{'Manos Rotas by DELLAFUENTE & Morad', 'LA REINA by Lola Indigo', 'DURO by Quevedo', 'Ohnana by Kapo', 'BADGYAL by SAIKO', 'Vacile by Yan Block', 'LUNA by Feid', 'Die With A Smile by Lady Gaga & Bruno Mars', 'Tú Con Él by Rauw Alejandro', 'PELIGROSA by FloyyMenor', 'Imagínate by Danny Ocean & Kapo', '57 by KAROL G & Feid & DFZM', 'Soltera by Shakira', 'STAR by JC Reyes', 'Duro De Verdad pt.2 by Los Sufridos & Bad Gyal', 'DEGENERE 👑 (feat. benny blanco) by Myke Towers', 'El Fin del Mundo by La La Love You', 'Khé? by Rauw Alejandro', 'Lo Que Tiene by Morad & Beny Jr & Rvfv', 'Se Pone Las Nike by Cano', 'Goteras by Omar Montes & JC Reyes', 'Orgullosa De Papá by Cano', 'Me has invitado a bailar by Dani Fernández', 'Nueva Era by Duki', 'Luna llena by Beny Jr', 'Imperio by Duki', 'FRIKI by Gonzy', 'UWAIE by Kapo', ""X'CLUSIVO - REMIX by Gonzy"", 'Rapido (with Cris Mj) by Dei V', 'Q U E V A S H A C E R H O Y ? by Omar Courtz', 'Celine (with Kidd Keo) by Ghost Killer Track & Kidd Keo', 'Santa by Rvssian', 'Si Antes Te Hubiera Conocido by KAROL G', 'Después De La 1 by Cris Mj & FloyyMenor', 'IA by Clarent & Mora', 'Se Fue by Rauw Alejandro', 'G-WA by ZHEUS', 'Yo sé by Yan Block & TORRRES', 'CARITA TRISTE by Ana Mena & Emilia', 'Qué Pecao by Manuel Turizo & Kapo', 'LA FALDA by Myke Towers', 'DEPORTIVO by Blessd & Anuel AA', 'Déjame Entrar by Rauw Alejandro', 'RAPAPA by JC Reyes', 'Revolú by Rauw Alejandro', 'Quickie by Dei V', 'Martini by Dei V', 'TAMBIÉN by Myke Towers', 'Qué Pasaría... by Rauw Alejandro'}",1,1,0.02,2025-11
2025-11-24,"{'LA REINA by Lola Indigo', 'DURO by Quevedo', 'Ohnana by Kapo', 'QUE ASCO DE TODO by Quevedo', 'Vacile by Yan Block', 'LUNA by Feid', 'PELIGROSA by FloyyMenor', 'Imagínate by Danny Ocean & Kapo', '57 by KAROL G & Feid & DFZM', 'Soltera by Shakira', 'GRAN VÍA by Quevedo', 'Cosas Pendientes by Maluma', 'STAR by JC Reyes', 'Duro De Verdad pt.2 by Los Sufridos & Bad Gyal', 'DEGENERE 👑 (feat. benny blanco) by Myke Towers', '2AM by Sebastian Yatra & Bad Gyal', 'Khé? by Rauw Alejandro', 'Se Pone Las Nike by Cano', 'Me has invitado a bailar by Dani Fernández', 'KASSANDRA by Quevedo', 'Nueva Era by Duki', 'Luna llena by Beny Jr', 'FRIKI by Gonzy', 'Qué Pecao by Manuel Turizo', 'UWAIE by Kapo', 'BUENAS NOCHES by Quevedo', 'NOEMÚ by Quevedo', 'Rapido (with Cris Mj) by Dei V', 'LOS DÍAS CONTADOS by Quevedo', 'Q U E V A S H A C E R H O Y ? by Omar Courtz', 'Santa by Rvssian', 'Si Antes Te Hubiera Conocido by KAROL G', 'HALO by Quevedo', 'TE FALLÉ by Quevedo', 'IA by Clarent & Mora', 'Se Fue by Rauw Alejandro', 'Yo sé by Yan Block & TORRRES', 'IGUALES by Quevedo', 'POR ATRÁS by Quevedo', 'SHIBATTO by Quevedo', 'MR. MOONDIAL by Quevedo', 'RAPAPA by JC Reyes', 'EL ESTRIBILLO by Quevedo', 'LA 125 by Quevedo', 'CHAPIADORA.COM by Quevedo', 'Quickie by Dei V', 'AMANECIÓ by Quevedo', 'TAMBIÉN by Myke Towers', 'Qué Pasaría... by Rauw Alejandro', '14 FEBREROS by Quevedo'}",20,20,0.4,2025-11
2025-11-25,"{'LA REINA by Lola Indigo', 'DURO by Quevedo', 'Ohnana by Kapo', 'QUE ASCO DE TODO by Quevedo', 'Vacile by Yan Block', 'LUNA by Feid', 'PELIGROSA by FloyyMenor', 'Imagínate by Danny Ocean & Kapo', '57 by KAROL G & Feid & DFZM', 'Soltera by Shakira', 'GRAN VÍA by Quevedo', 'STAR by JC Reyes', 'Duro De Verdad pt.2 by Los Sufridos & Bad Gyal', 'DEGENERE 👑 (feat. benny blanco) by Myke Towers', '2AM by Sebastian Yatra & Bad Gyal', 'Khé? by Rauw Alejandro', 'Se Pone Las Nike by Cano', 'Me has invitado a bailar by Dani Fernández', 'KASSANDRA by Quevedo', 'Nueva Era by Duki', 'Luna llena by Beny Jr', 'Qué Pecao by Manuel Turizo', 'UWAIE by Kapo', 'BUENAS NOCHES by Quevedo', 'NOEMÚ by Quevedo', 'Rapido (with Cris Mj) by Dei V', 'LOS DÍAS CONTADOS by Quevedo', 'Celine (with Kidd Keo) by Ghost Killer Track & Kidd Keo', 'Q U E V A S H A C E R H O Y ? by Omar Courtz', 'Santa by Rvssian', 'Si Antes Te Hubiera Conocido by KAROL G', 'HALO by Quevedo', 'TE FALLÉ by Quevedo', 'IA by Clarent & Mora', 'Se Fue by Rauw Alejandro', 'G-WA by ZHEUS', 'Yo sé by Yan Block & TORRRES', 'IGUALES by Quevedo', 'POR ATRÁS by Quevedo', 'SHIBATTO by Quevedo', 'MR. MOONDIAL by Quevedo', 'RAPAPA by JC Reyes', 'EL ESTRIBILLO by Quevedo', 'LA 125 by Quevedo', 'CHAPIADORA.COM by Quevedo', 'Quickie by Dei V', 'AMANECIÓ by Quevedo', 'TAMBIÉN by Myke Towers', 'Qué Pasaría... by Rauw Alejandro', '14 FEBREROS by Quevedo'}",2,2,0.04,2025-11
2025-11-26,"{'LA REINA by Lola Indigo', 'DURO by Quevedo', 'Ohnana by Kapo', 'QUE ASCO DE TODO by Quevedo', 'Vacile by Yan Block', 'LUNA by Feid', 'PELIGROSA by FloyyMenor', 'Imagínate by Danny Ocean & Kapo', '57 by KAROL G & Feid & DFZM', 'Soltera by Shakira', 'GRAN VÍA by Quevedo', 'STAR by JC Reyes', 'Duro De Verdad pt.2 by Los Sufridos & Bad Gyal', 'DEGENERE 👑 (feat. benny blanco) by Myke Towers', '2AM by Sebastian Yatra & Bad Gyal', 'Khé? by Rauw Alejandro', 'Se Pone Las Nike by Cano', 'Me has invitado a bailar by Dani Fernández', 'KASSANDRA by Quevedo', 'Nueva Era by Duki', 'Luna llena by Beny Jr', 'FRIKI by Gonzy', 'Qué Pecao by Manuel Turizo', 'UWAIE by Kapo', 'BUENAS NOCHES by Quevedo', 'NOEMÚ by Quevedo', 'Rapido (with Cris Mj) by Dei V', 'LOS DÍAS CONTADOS by Quevedo', 'Celine (with Kidd Keo) by Ghost Killer Track & Kidd Keo', 'No Has Cambiado by Baby Rasta & Noriel & Hades66', 'Q U E V A S H A C E R H O Y ? by Omar Courtz', 'Santa by Rvssian', 'Si Antes Te Hubiera Conocido by KAROL G', 'HALO by Quevedo', 'TE FALLÉ by Quevedo', 'IA by Clarent & Mora', 'Se Fue by Rauw Alejandro', 'Yo sé by Yan Block & TORRRES', 'IGUALES by Quevedo', 'POR ATRÁS by Quevedo', 'SHIBATTO by Quevedo', 'MR. MOONDIAL by Quevedo', 'RAPAPA by JC Reyes', 'EL ESTRIBILLO by Quevedo', 'LA 125 by Quevedo', 'CHAPIADORA.COM by Quevedo', 'AMANECIÓ by Quevedo', 'TAMBIÉN by Myke Towers', 'Qué Pasaría... by Rauw Alejandro', '14 FEBREROS by Quevedo'}",2,2,0.04,2025-11
2025-11-27,"{'DURO by Quevedo', 'Ohnana by Kapo', 'QUE ASCO DE TODO by Quevedo', 'Vacile by Yan Block', 'LUNA by Feid', 'PELIGROSA by FloyyMenor', 'Imagínate by Danny Ocean & Kapo', '57 by KAROL G & Feid & DFZM', 'Soltera by Shakira', 'GRAN VÍA by Quevedo', 'Cosas Pendientes by Maluma', 'STAR by JC Reyes', 'Duro De Verdad pt.2 by Los Sufridos & Bad Gyal', 'DEGENERE 👑 (feat. benny blanco) by Myke Towers', '2AM by Sebastian Yatra & Bad Gyal', 'Khé? by Rauw Alejandro', 'Se Pone Las Nike by Cano', 'Me has invitado a bailar by Dani Fernández', 'KASSANDRA by Quevedo', 'Nueva Era by Duki', 'Luna llena by Beny Jr', 'Qué Pecao by Manuel Turizo', 'UWAIE by Kapo', 'BUENAS NOCHES by Quevedo', 'NOEMÚ by Quevedo', 'Rapido (with Cris Mj) by Dei V', 'LOS DÍAS CONTADOS by Quevedo', 'Celine (with Kidd Keo) by Ghost Killer Track & Kidd Keo', 'No Has Cambiado by Baby Rasta & Noriel & Hades66', 'Q U E V A S H A C E R H O Y ? by Omar Courtz', 'Santa by Rvssian', 'Si Antes Te Hubiera Conocido by KAROL G', 'HALO by Quevedo', 'TE FALLÉ by Quevedo', 'IA by Clarent & Mora', 'Se Fue by Rauw Alejandro', 'G-WA by ZHEUS', 'Yo sé by Yan Block & TORRRES', 'IGUALES by Quevedo', 'POR ATRÁS by Quevedo', 'SHIBATTO by Quevedo', 'MR. MOONDIAL by Quevedo', 'EL ESTRIBILLO by Quevedo', 'LA 125 by Quevedo', 'CHAPIADORA.COM by Quevedo', 'AMANECIÓ by Quevedo', 'TAMBIÉN by Myke Towers', 'Qué Pasaría... by Rauw Alejandro', 'Ma Meilleure Ennemie (from the series Arcane League of Legends) by Stromae & Pomme & Arcane', '14 FEBREROS by Quevedo'}",3,3,0.06,2025-11
